Committee_Id,Committee_Name,Link_Image,Sponsor_Name,Cash_on_Hand,Coverage_End_Date,Total_Disbursement,Total_Receipt
"C00823914","EVER RELENTLESS IN CONSERVATISM","http://docquery.fec.gov/cgi-bin/fecimg/?C00823914","BURLISON, ERIC","20806.18","31-MAR-26","17760","29250"
"C00881052","O PAC","http://docquery.fec.gov/cgi-bin/fecimg/?C00881052","OLSZEWSKI, JOHN ANTHONY JR.","49032.76","31-MAR-26","78574.5","79092"
"C00896092","FLORIDA LEADS","http://docquery.fec.gov/cgi-bin/fecimg/?C00896092","MOODY, ASHLEY","767453.94","31-MAR-26","295287.2","1062741.2"
"C00948471","JOBS AND ENERGY DOMINANCE PAC","http://docquery.fec.gov/cgi-bin/fecimg/?C00948471","COCHRAN, JED","","","",""
"C00948273","GARDEN STATE LEADERSHIP FUND","http://docquery.fec.gov/cgi-bin/fecimg/?C00948273","KEAN, THOMAS H. JR.","","","",""
"C00692715","HELP ELECT REPUBLICANS NOW","http://docquery.fec.gov/cgi-bin/fecimg/?C00692715","","237177.6","31-MAR-26","195287.6","332836.1"
"C00808717","KEEP TEXAS TEXAS PAC","http://docquery.fec.gov/cgi-bin/fecimg/?C00808717","DE LA CRUZ, MONICA","23040.6","31-MAR-26","196878.5","117715.9"
"C00868307","PROTECT DEMOCRACY NOW","http://docquery.fec.gov/cgi-bin/fecimg/?C00868307","BROWNLEY, JULIA","138289.89","31-MAR-26","549571.5","675735.4"
"C00948174","SAVE NEW YORK PAC","http://docquery.fec.gov/cgi-bin/fecimg/?C00948174","","","","",""
"C00772442","PAC FOR AMERICA 2","http://docquery.fec.gov/cgi-bin/fecimg/?C00772442","","15212.66","31-MAR-26","18450","5000"
"C00863712","ROOTED & READY PAC","http://docquery.fec.gov/cgi-bin/fecimg/?C00863712","RAMIREZ, DELIA","17433.24","31-MAR-26","24604.2","41500"
"C00947739","HARDWORKING AMERICANS LOVE OPPORTUNITY PAC (HALO PAC)","http://docquery.fec.gov/cgi-bin/fecimg/?C00947739","O'DONNELL, MARTY","","","",""
"C00897819","PATHFINDER PAC","http://docquery.fec.gov/cgi-bin/fecimg/?C00897819","MCNABB, BARRETT ANTHONY","","","",""
"C00882290","CALL TO SERVE","http://docquery.fec.gov/cgi-bin/fecimg/?C00882290","VINDMAN, YEVGENY 'EUGENE'","3944.61","31-MAR-26","47982.7","49427.3"
"C00691352","MOTHER ON A MISSION (MOM PAC)","http://docquery.fec.gov/cgi-bin/fecimg/?C00691352","MCBATH, LUCIA","26387.73","31-MAR-26","37237.7","48337.5"
"C00854430","PEOPLE IN RURAL AREAS TRANSFORM ELECTIONS (PIRATE) PAC","http://docquery.fec.gov/cgi-bin/fecimg/?C00854430","DAVIS, DON","36895.93","31-MAR-26","88297.6","91600"
"C00647354","TEAM AMERICA - BRINGING AMERICA TOGETHER PAC","http://docquery.fec.gov/cgi-bin/fecimg/?C00647354","","28251.89","31-MAR-26","763910","643738.2"
"C00566059","REMEDY PAC","http://docquery.fec.gov/cgi-bin/fecimg/?C00566059","SWALWELL, ERIC","37111.93","31-MAR-26","176863.8","182203.7"
"C00784868","TRUSTWORTHY REPUBLICANS ALWAYS SERVE HUMBLY","http://docquery.fec.gov/cgi-bin/fecimg/?C00784868","MOORE, BARRY","21305","31-MAR-26","3010","13500"
"C00942326","ACCOUNTABLE LEADERS FOR MONTANA'S EXCELLENCE","http://docquery.fec.gov/cgi-bin/fecimg/?C00942326","ALME, KURT","9081.02","31-MAR-26","0","9081"
"C00912543","FIGHT PAC","http://docquery.fec.gov/cgi-bin/fecimg/?C00912543","WARREN, ELIZABETH","29687.79","31-MAR-26","63052.9","92740.6"
"C00940098","MISSION FIRST LEADERSHIP PAC","http://docquery.fec.gov/cgi-bin/fecimg/?C00940098","SMULLEN, ROBERT","3898.12","31-MAR-26","0","3898.1"
"C00799809","1890 PAC","http://docquery.fec.gov/cgi-bin/fecimg/?C00799809","","5509.04","31-MAR-26","87663.6","50684.1"
"C00944538","TOGETHER ADVANCING NEW OPPORTUNITY PAC","http://docquery.fec.gov/cgi-bin/fecimg/?C00944538","TIJERINA, TANO","0","31-MAR-26","0","0"
"C00947184","BLUE DEMS PAC","http://docquery.fec.gov/cgi-bin/fecimg/?C00947184","RIVAS, LUZ","","","",""
"C00439398","TEXAS FIRST PAC","http://docquery.fec.gov/cgi-bin/fecimg/?C00439398","CUELLAR, HENRY","83818.06","31-MAR-26","47865.9","72100"
"C00947101","THE INFRASTRUCTURE PAC","http://docquery.fec.gov/cgi-bin/fecimg/?C00947101","ARMSTRONG, ALAN","","","",""
"C00946988","DRIVING AMERICA NOW PAC AKA DANPAC","http://docquery.fec.gov/cgi-bin/fecimg/?C00946988","","","","",""
"C00938647","BOLD REPUBLICAN IN NEBRASKA KEEPING ELECTIONS RED PAC","http://docquery.fec.gov/cgi-bin/fecimg/?C00938647","HARDING, BRINKER","0","31-MAR-26","0","0"
"C00844720","DEMOCRATIC MAJORITY FUND","http://docquery.fec.gov/cgi-bin/fecimg/?C00844720","DELBENE, SUZAN","199270.37","31-MAR-26","831712.4","994470.7"
"C00583526","TOGETHER UNITED FOR LIBERTY, INTEGRITY AND PROSPERITY PAC (TULIP PAC)","http://docquery.fec.gov/cgi-bin/fecimg/?C00583526","MOOLENAAR, JOHN MR.","2777.04","31-MAR-26","65414.2","51525"
"C00946657","DRH LEADERSHIP PAC","http://docquery.fec.gov/cgi-bin/fecimg/?C00946657","KIMES, HEAVENLY DR","","","",""
"C00930339","KNOWLEDGE, INTEGRITY, RESPONSIBILITY AND KINSHIP PAC","http://docquery.fec.gov/cgi-bin/fecimg/?C00930339","KIRK, JUSTIN","2026.48","31-MAR-26","355","2381.5"
"C00946665","LAUNCH PAC","http://docquery.fec.gov/cgi-bin/fecimg/?C00946665","GIBBS, JASON","","","",""
"C00946483","AMERICAN DREAM FOR ALL PAC","http://docquery.fec.gov/cgi-bin/fecimg/?C00946483","RUTINEL, MANNY","","","",""
"C00592089","ELECTING MAJORITY MAKING EFFECTIVE REPUBLICANS PAC","http://docquery.fec.gov/cgi-bin/fecimg/?C00592089","","905617.67","31-MAR-26","1251176.3","1920004.1"
"C00836304","COURAGE PAC","http://docquery.fec.gov/cgi-bin/fecimg/?C00836304","BALINT, REBECCA 'BECCA'","15230.36","31-MAR-26","27228","38000"
"C00946061","AIM-9 PAC","http://docquery.fec.gov/cgi-bin/fecimg/?C00946061","ROONEY, DAN","","","",""
"C00940635","BRAINDOC PAC","http://docquery.fec.gov/cgi-bin/fecimg/?C00940635","COWAN, JOHN","9166.67","31-MAR-26","0","9166.7"
"C00945998","FREEDOM, RESPONSIBILITY, INTEGRITY, ECONOMIC STRENGTH & SECURITY PAC","http://docquery.fec.gov/cgi-bin/fecimg/?C00945998","","","","",""
"C00714501","LEADERS IN LIFE ACTING COOPERATIVELY (LILAC) PAC","http://docquery.fec.gov/cgi-bin/fecimg/?C00714501","","77372.44","31-MAR-26","156166.7","218300"
"C00897553","MAINTAINING INTEGRITY IN OUR NATION PAC","http://docquery.fec.gov/cgi-bin/fecimg/?C00897553","MIN, DAVE","50507.27","31-MAR-26","36397.7","86905"
"C00664318","DEMOCRACY SUMMER LEADERSHIP PAC","http://docquery.fec.gov/cgi-bin/fecimg/?C00664318","RASKIN, JAMIE","75094.75","31-MAR-26","412566.9","364725.3"
"C00896688","JOBS OPPORTUNITY NOW POLITICAL ACTION COMMITTEE","http://docquery.fec.gov/cgi-bin/fecimg/?C00896688","HUSTED, JON","481377.14","31-MAR-26","646520.4","1127897.5"
"C00932434","NATIONAL REPUBLICAN MAJORITY PAC","http://docquery.fec.gov/cgi-bin/fecimg/?C00932434","MORRIS, NATE","28838","31-MAR-26","0","28838"
"C00945022","DEFENDERS OF FREEDOM PAC","http://docquery.fec.gov/cgi-bin/fecimg/?C00945022","NEHLS, TREVER","0","31-MAR-26","0","0"
"C00944942","KEEPING AMERICA INVESTING AND LEADING ECONOMIC EXPANSION-KAILEE PAC","http://docquery.fec.gov/cgi-bin/fecimg/?C00944942","BULLER, KAILEE","10000","31-MAR-26","0","10000"
"C00944884","TOP SHOT PAC","http://docquery.fec.gov/cgi-bin/fecimg/?C00944884","MIGUEZ, BLAKE","0","31-MAR-26","0","0"
"C00937466","KEEP FLORIDA WINNING","http://docquery.fec.gov/cgi-bin/fecimg/?C00937466","","0","31-MAR-26","0","0"
"C00944546","LADY WASHINGTON PAC","http://docquery.fec.gov/cgi-bin/fecimg/?C00944546","MCKINNEY, AMANDA","5000","31-MAR-26","0","5000"
"C00937417","LAST ONE OUT PAC","http://docquery.fec.gov/cgi-bin/fecimg/?C00937417","","283.88","31-MAR-26","0","283.9"
"C00914028","NORTH CAROLINA FIRST","http://docquery.fec.gov/cgi-bin/fecimg/?C00914028","","21785.29","31-MAR-26","852053.1","873838.4"
"C00875781","RIGHT WISCONSIN PAC","http://docquery.fec.gov/cgi-bin/fecimg/?C00875781","","15723.15","31-MAR-26","37016.5","47500"
"C00944330","IOWA FIRST PAC","http://docquery.fec.gov/cgi-bin/fecimg/?C00944330","MITCHELL, JOE","0","31-MAR-26","0","0"
"C00944231","OREGONIANS FOR BARBARA KAHL PAC","http://docquery.fec.gov/cgi-bin/fecimg/?C00944231","KAHL, BARBARA J","","","",""
"C00787879","CARRY ON PAC","http://docquery.fec.gov/cgi-bin/fecimg/?C00787879","CAREY, MIKE","33869.91","31-MAR-26","241027","195511.6"
"C00832576","PATRIOT PAC","http://docquery.fec.gov/cgi-bin/fecimg/?C00832576","RYAN, PATRICK","5786","31-MAR-26","265784.3","260054.4"
"C00755728","PROVEN CONSERVATIVES PAC","http://docquery.fec.gov/cgi-bin/fecimg/?C00755728","","118340.71","31-MAR-26","33639.6","42500"
"C00894147","PROVEN CONSERVATIVES PAC - FEDERAL","http://docquery.fec.gov/cgi-bin/fecimg/?C00894147","","22781.16","31-MAR-26","24.3","22805.5"
"C00461723","SAVE AMERICA PAC","http://docquery.fec.gov/cgi-bin/fecimg/?C00461723","","0","31-MAR-26","0","0"
"C00656637","SAVE AMERICA PAC II","http://docquery.fec.gov/cgi-bin/fecimg/?C00656637","","0","31-MAR-26","0","0"
"C00944017","ALSOPAC STATE & LOCAL","http://docquery.fec.gov/cgi-bin/fecimg/?C00944017","","0","31-MAR-26","0","0"
"C00943951","PERSIST PAC","http://docquery.fec.gov/cgi-bin/fecimg/?C00943951","STRATTON, JULIANA","0","31-MAR-26","0","0"
"C00878439","GLASS CITY PAC","http://docquery.fec.gov/cgi-bin/fecimg/?C00878439","MERRIN, DEREK","2971.54","31-MAR-26","7446.5","9971.5"
"C00631994","JUST LEAD PAC","http://docquery.fec.gov/cgi-bin/fecimg/?C00631994","LEWIS, JASON","145083.83","31-MAR-26","2773.2","27.1"
"C00923268","ALABAMA FOREVER","http://docquery.fec.gov/cgi-bin/fecimg/?C00923268","MURPHY, MORGAN W. W.","42859.12","31-MAR-26","3500","46359.1"
"C00877365","AMERICA'S BOLD ERA PAC","http://docquery.fec.gov/cgi-bin/fecimg/?C00877365","HAMADEH, ABRAHAM","18008.24","31-MAR-26","102285.7","104027.1"
"C00883413","AMERICA'S MOUNTAIN PAC","http://docquery.fec.gov/cgi-bin/fecimg/?C00883413","CRANK, JEFF","6232.03","31-MAR-26","189938.5","189255.6"
"C00874362","AMERICAN DREAM DELIVERED","http://docquery.fec.gov/cgi-bin/fecimg/?C00874362","MCDOWELL, ADDISON","16787.68","31-MAR-26","107373.8","121145.1"
"C00691154","BELIEVE IN AMERICA PAC","http://docquery.fec.gov/cgi-bin/fecimg/?C00691154","ROMNEY, WILLARD MITT MR","7786.51","31-MAR-26","32850","200"
"C00818740","CALL TO SERVICE PAC","http://docquery.fec.gov/cgi-bin/fecimg/?C00818740","NUNN, ZACH","30922.12","31-MAR-26","92655.1","117111.1"
"C00900266","CALL TO SERVICE PAC - FEDERAL","http://docquery.fec.gov/cgi-bin/fecimg/?C00900266","","11295.02","31-MAR-26","20205","31500"
"C00926113","COMMONWEALTH LEADERSHIP FUND","http://docquery.fec.gov/cgi-bin/fecimg/?C00926113","DEATON, JOHN","0","31-MAR-26","0","0"
"C00931113","DEFENDING AMERICAN VALUES, INTEGRITY & DEMOCRACY PAC","http://docquery.fec.gov/cgi-bin/fecimg/?C00931113","HANN, DAVID","0","30-APR-26","0","0"
"C00825430","DOUBLE L PAC","http://docquery.fec.gov/cgi-bin/fecimg/?C00825430","LEE, LAUREL","195460.14","31-MAR-26","156577.7","232595.2"
"C00943464","10 PUSH UPS PAC","http://docquery.fec.gov/cgi-bin/fecimg/?C00943464","FULLER, CLAY","0","31-MAR-26","0","0"
"C00635557","DO RIGHT BAYOU PAC","http://docquery.fec.gov/cgi-bin/fecimg/?C00635557","","23024.26","31-MAR-26","94985.8","30000"
"C00575894","BLUE POWER PAC","http://docquery.fec.gov/cgi-bin/fecimg/?C00575894","NORCROSS, DONALD W","84376.77","31-MAR-26","191558.2","156494.9"
"C00770701","CEILING AND VISIBILITY UNLIMITED (CAVU PAC)","http://docquery.fec.gov/cgi-bin/fecimg/?C00770701","FRANKLIN, SCOTT","15684.21","31-MAR-26","41699.5","53609.4"
"C00574970","FAIR SHOT PAC","http://docquery.fec.gov/cgi-bin/fecimg/?C00574970","CLARK, KATHERINE","820396.59","31-MAR-26","1757928","1885625.3"
"C00943134","ZORROPAC","http://docquery.fec.gov/cgi-bin/fecimg/?C00943134","DE LA CRUZ, CARLOS JR.","0","31-MAR-26","0","0"
"C00942854","OPERATION SECURE TEXAS PAC","http://docquery.fec.gov/cgi-bin/fecimg/?C00942854","","0","31-MAR-26","0","0"
"C00942813","TRUTH AND EXCELLENCE PAC","http://docquery.fec.gov/cgi-bin/fecimg/?C00942813","TEIXEIRA, MARK CHARLES","54.36","31-MAR-26","16.6","71"
"C00894352","HEBREW HAMMER PAC","http://docquery.fec.gov/cgi-bin/fecimg/?C00894352","","27669.09","31-MAR-26","63254.2","90923.2"
"C00410621","SHOW-ME POLITICAL ACTION COMMITTEE","http://docquery.fec.gov/cgi-bin/fecimg/?C00410621","","866365.84","31-MAR-26","131851.5","461219.3"
"C00732925","SKOL PAC","http://docquery.fec.gov/cgi-bin/fecimg/?C00732925","KISTNER, TYLER","0","28-APR-26","49132.5","18825.5"
"C00942235","AMBASSADOR'S CLUB","http://docquery.fec.gov/cgi-bin/fecimg/?C00942235","GUNTER, JEFF DR.","0","31-MAR-26","0","0"
"C00942334","PURO 956 PAC","http://docquery.fec.gov/cgi-bin/fecimg/?C00942334","","10000","31-MAR-26","0","10000"
"C00942375","STAND YOUR GROUND PAC","http://docquery.fec.gov/cgi-bin/fecimg/?C00942375","TOTH, STEVE","0","31-MAR-26","0","0"
"C00764761","START RISING PAC","http://docquery.fec.gov/cgi-bin/fecimg/?C00764761","LETLOW, JULIA","224735.96","31-MAR-26","268769.5","374003.7"
"C00941633","THE MONTANA WAY PAC","http://docquery.fec.gov/cgi-bin/fecimg/?C00941633","JACOBSEN, CHRISTI","633","31-MAR-26","10517","11150"
"C00832147","MITTEN PAC","http://docquery.fec.gov/cgi-bin/fecimg/?C00832147","SLOTKIN, ELISSA","810314.45","31-MAR-26","1067033","1652613.9"
"C00893388","JOYFULLY MOBILIZING ACTION AND COMMUNITY PAC - JMAC PAC","http://docquery.fec.gov/cgi-bin/fecimg/?C00893388","MCCLELLAN, JENNIFER","29261.97","31-MAR-26","85138","107000"
"C00442368","COMMON VALUES PAC","http://docquery.fec.gov/cgi-bin/fecimg/?C00442368","BARRASSO, JOHN","1054850.88","31-MAR-26","873714","1483873"
"C00940106","DGD PAC","http://docquery.fec.gov/cgi-bin/fecimg/?C00940106","GAINES, HOUSTON","42496","31-MAR-26","1352.6","43848.6"
"C00941013","LAS ADELITAS PAC","http://docquery.fec.gov/cgi-bin/fecimg/?C00941013","GRIJALVA, ADELITA","0","31-MAR-26","0","0"
"C00762682","STEER PAC","http://docquery.fec.gov/cgi-bin/fecimg/?C00762682","","53550.72","31-MAR-26","350616.4","299680.2"
"C00271338","AMERIPAC: THE FUND FOR A GREATER AMERICA","http://docquery.fec.gov/cgi-bin/fecimg/?C00271338","HOYER, STENY","4302462.95","31-MAR-26","4564328.6","6210922.5"
"C00933911","BOLD REPUBLICANS ENABLE TERRIFIC TOMORROW PAC (BRETT PAC)","http://docquery.fec.gov/cgi-bin/fecimg/?C00933911","HUEFFMEIER, BRETT","0","31-MAR-26","0","0"
"C00633156","I GOT YOUR BACK PAC","http://docquery.fec.gov/cgi-bin/fecimg/?C00633156","ROCHESTER, LISA","272761.75","31-MAR-26","865480.3","1009756.4"
"C00623512","IN THE ARENA PAC","http://docquery.fec.gov/cgi-bin/fecimg/?C00623512","","626330.13","31-MAR-26","793347.8","1196102.9"
"C00929554","KEEPING FREEDOM ALIVE PAC","http://docquery.fec.gov/cgi-bin/fecimg/?C00929554","VAN EPPS, MATTHEW ROBERT","3961","31-MAR-26","1039","5000"
"C00898247","WE BELONG HERE FEDERAL PAC","http://docquery.fec.gov/cgi-bin/fecimg/?C00898247","","12126.5","31-MAR-26","2873.5","15000"
"C00940361","PLUS PAC","http://docquery.fec.gov/cgi-bin/fecimg/?C00940361","","0","31-MAR-26","3500","3500"
"C00866111","AMERICANS MAKING OPPORTUNITIES PAC","http://docquery.fec.gov/cgi-bin/fecimg/?C00866111","AMO, GABRIEL","45227.59","31-MAR-26","65461.1","88778.1"
"C00940015","IMPEACHMENT NOW","http://docquery.fec.gov/cgi-bin/fecimg/?C00940015","","0","31-MAR-26","0","0"
"C00761957","IN OUR HANDS","http://docquery.fec.gov/cgi-bin/fecimg/?C00761957","KIM, ANDY","332146.49","31-MAR-26","210366.8","449470"
"C00940122","TIMBERLINE PAC","http://docquery.fec.gov/cgi-bin/fecimg/?C00940122","BRAUN, JOHN","28410","31-MAR-26","31590","60000"
"C00939892","PRAIRIE STATE PAC","http://docquery.fec.gov/cgi-bin/fecimg/?C00939892","EVANS, JEANNIE","5000","31-MAR-26","0","5000"
"C00885467","BABYDOG'S ALMOST HEAVEN PAC","http://docquery.fec.gov/cgi-bin/fecimg/?C00885467","JUSTICE, JAMES","201192.62","31-MAR-26","40081.8","234850"
"C00841908","A PLEASANT PENINSULA PAC","http://docquery.fec.gov/cgi-bin/fecimg/?C00841908","SCHOLTEN, HILLARY","52606.94","31-MAR-26","137515.4","175969.3"
"C00388934","FUND FOR AMERICA'S FUTURE","http://docquery.fec.gov/cgi-bin/fecimg/?C00388934","GRAHAM, LINDSEY","85596.69","31-MAR-26","508877","551836.8"
"C00563726","MR. SOUTHERN MISSOURIAN IN THE HOUSE PAC","http://docquery.fec.gov/cgi-bin/fecimg/?C00563726","","1690605.68","31-MAR-26","1547860.6","2543554.8"
"C00525600","OFF THE SIDELINES PAC","http://docquery.fec.gov/cgi-bin/fecimg/?C00525600","GILLIBRAND, KIRSTEN","248842.65","31-MAR-26","1093764.7","885088"
"C00344234","PAC TO THE FUTURE","http://docquery.fec.gov/cgi-bin/fecimg/?C00344234","PELOSI, NANCY","7236509.33","31-MAR-26","5400104.8","2707532"
"C00480228","CONTINUING AMERICA'S STRENGTH AND SECURITY PAC","http://docquery.fec.gov/cgi-bin/fecimg/?C00480228","CASSIDY, WILLIAM","659400.26","31-MAR-26","862642","1274989.8"
"C00531764","A NEW NATION PAC","http://docquery.fec.gov/cgi-bin/fecimg/?C00531764","","20559.4","31-MAR-26","279402.3","270438.2"
"C00938332","CLEARED TO LEAD PAC","http://docquery.fec.gov/cgi-bin/fecimg/?C00938332","BENNETT, REBECCA","24058.5","31-MAR-26","6941.5","31000"
"C00614917","VALLEY FIRST LEADERSHIP PAC","http://docquery.fec.gov/cgi-bin/fecimg/?C00614917","","17765.34","31-MAR-26","10364.3","15000"
"C00493361","RAZOR PAC","http://docquery.fec.gov/cgi-bin/fecimg/?C00493361","","73745.25","31-MAR-26","238242.7","291390.5"
"C00937698","SPICY PETE'S LEADERSHIP FUND","http://docquery.fec.gov/cgi-bin/fecimg/?C00937698","","4799.7","31-MAR-26","200.3","5000"
"C00455717","FREE STATE PAC","http://docquery.fec.gov/cgi-bin/fecimg/?C00455717","","2093628.18","31-MAR-26","352710.7","743425.6"
"C00937508","PROTECT AMERICA","http://docquery.fec.gov/cgi-bin/fecimg/?C00937508","","44951.12","31-MAR-26","10140","55091.1"
"C00914283","SQUARE DEAL PAC","http://docquery.fec.gov/cgi-bin/fecimg/?C00914283","RILEY, JOSH","98668.31","31-MAR-26","49049.9","147718.2"
"C00542027","BIG SKY OPPORTUNITY PAC","http://docquery.fec.gov/cgi-bin/fecimg/?C00542027","","621131.49","31-MAR-26","659868.6","722583.3"
"C00900886","AG PAC","http://docquery.fec.gov/cgi-bin/fecimg/?C00900886","GRAY, ADAM","10109.15","31-MAR-26","44490.9","54600"
"C00770297","BAKER PAC","http://docquery.fec.gov/cgi-bin/fecimg/?C00770297","","145055.72","31-MAR-26","277130.3","311611.1"
"C00567545","BOOTS POLITICAL ACTION COMMITTEE","http://docquery.fec.gov/cgi-bin/fecimg/?C00567545","","422677.26","31-MAR-26","708051.6","824340.2"
"C00399196","BUILDING RELATIONSHIPS IN DIVERSE GEOGRAPHIC ENVIRONMENTS PAC (BRIDGE PAC)","http://docquery.fec.gov/cgi-bin/fecimg/?C00399196","CLYBURN, JAMES E","387179.66","31-MAR-26","433059.4","554681.8"
"C00927269","GOOD NEWS PAC","http://docquery.fec.gov/cgi-bin/fecimg/?C00927269","STELSON, JANELLE","12951.26","31-MAR-26","378.9","13330.2"
"C00921551","OVER THE TARGET PAC","http://docquery.fec.gov/cgi-bin/fecimg/?C00921551","DESPAIN, MONIQUE","82207.2","31-MAR-26","13700","95907.2"
"C00834515","PAC A PUNCH","http://docquery.fec.gov/cgi-bin/fecimg/?C00834515","VASQUEZ, GABRIEL","25759.44","31-MAR-26","29376.8","55100"
"C00806240","PROTECTING DEMOCRACY","http://docquery.fec.gov/cgi-bin/fecimg/?C00806240","CHERFILUS-MCCORMICK, SHEILA","8578.02","31-MAR-26","0","0"
"C00571976","THE PETER NORBECK LEADERSHIP PAC","http://docquery.fec.gov/cgi-bin/fecimg/?C00571976","ROUNDS, MIKE","571910.16","31-MAR-26","438779.3","678726.1"
"C00827675","TRIDENT POLITICAL ACTION COMMITTEE","http://docquery.fec.gov/cgi-bin/fecimg/?C00827675","CRANE, ELI","17535.4","31-MAR-26","9050","24099"
"C00687343","ALL HANDS POLITICAL ACTION COMMITTEE","http://docquery.fec.gov/cgi-bin/fecimg/?C00687343","","114820.41","31-MAR-26","44821.5","104200.8"
"C00765644","BIG IDEAS CREATE EXCELLENCE PAC","http://docquery.fec.gov/cgi-bin/fecimg/?C00765644","","24215.23","31-MAR-26","197817.6","189505.8"
"C00589309","BLUE MOMENTUM PAC","http://docquery.fec.gov/cgi-bin/fecimg/?C00589309","LIEU, TED","46018.76","31-MAR-26","258970.9","236261.3"
"C00771238","DEFEND THE DREAM","http://docquery.fec.gov/cgi-bin/fecimg/?C00771238","PADILLA, ALEX","210860.7","31-MAR-26","1034323.8","1043733.3"
"C00757922","EXPECT MORE LEADERSHIP PAC","http://docquery.fec.gov/cgi-bin/fecimg/?C00757922","","55298.03","31-MAR-26","211501.8","217906.9"
"C00850610","MR PAC","http://docquery.fec.gov/cgi-bin/fecimg/?C00850610","ROGERS, MICHAEL","134900.52","31-MAR-26","111982.7","188912.8"
"C00878934","ON THE MOVE PAC","http://docquery.fec.gov/cgi-bin/fecimg/?C00878934","SIMON, LATEEFAH","15061.39","31-MAR-26","95915.8","67328.8"
"C00551853","OORAH! POLITICAL ACTION COMMITTEE","http://docquery.fec.gov/cgi-bin/fecimg/?C00551853","","491146.43","31-MAR-26","872265.5","1155223"
"C00846071","STORM PAC","http://docquery.fec.gov/cgi-bin/fecimg/?C00846071","SORENSEN, ERIC","24940.89","31-MAR-26","86052.1","92292.2"
"C00936617","FIGHTING FIRST","http://docquery.fec.gov/cgi-bin/fecimg/?C00936617","BUCKHOUT, LAURIE","0","31-MAR-26","0","0"
"C00924696","BATTLE-PROVEN LEADERSHIP PAC","http://docquery.fec.gov/cgi-bin/fecimg/?C00924696","GREEN, JENNIFER-RUTH","0","15-APR-26","1758.1","1758.1"
"C00649772","REVIVING AMERICAN JOBS AGAIN PAC","http://docquery.fec.gov/cgi-bin/fecimg/?C00649772","KRISHNAMOORTHI, S. RAJA","375788.01","31-MAR-26","780609.7","1020006.9"
"C00798025","CONSERVATIVE LEADERSHIP IN ELECTIONS PAC","http://docquery.fec.gov/cgi-bin/fecimg/?C00798025","CLINE, BENJAMIN","56500.95","31-MAR-26","34660.6","78000"
"C00936120","FIRE-FROG PAC","http://docquery.fec.gov/cgi-bin/fecimg/?C00936120","","0","31-MAR-26","0","0"
"C00936039","FIRST AND TEN","http://docquery.fec.gov/cgi-bin/fecimg/?C00936039","TAFOYA, MICHELE","54221.69","31-MAR-26","100.8","54322.5"
"C00895664","KEEP INTEGRITY MEANINGFUL PAC","http://docquery.fec.gov/cgi-bin/fecimg/?C00895664","FARINGTON, KIM","0","31-MAR-26","0","0"
"C00406553","PROGRESSIVE VOTERS OF AMERICA","http://docquery.fec.gov/cgi-bin/fecimg/?C00406553","SANDERS, BERNARD","131238.69","31-MAR-26","122922.9","241857.2"
"C00886234","SECURE HOMELAND REBUILD ECONOMY VOTE & EDUCATE PAC","http://docquery.fec.gov/cgi-bin/fecimg/?C00886234","","15259.95","31-MAR-26","40255.5","48954.2"
"C00817338","MVL PAC","http://docquery.fec.gov/cgi-bin/fecimg/?C00817338","LAWLER, MICHAEL VINCENT","58516.27","31-MAR-26","424500.7","420178.7"
"C00572438","MI14 PAC","http://docquery.fec.gov/cgi-bin/fecimg/?C00572438","LAWRENCE, BRENDA","15670.74","31-MAR-26","5638.4","10000"
"C00818328","PAC FOR NEW LEADERSHIP","http://docquery.fec.gov/cgi-bin/fecimg/?C00818328","","23203.21","31-MAR-26","68630.3","83465.8"
"C00370122","COMMITTEE FOR A DEMOCRATIC FUTURE","http://docquery.fec.gov/cgi-bin/fecimg/?C00370122","DELAURO, ROSA","65128.27","31-MAR-26","165868.8","209500"
"C00707232","BLUE NEVADA PAC","http://docquery.fec.gov/cgi-bin/fecimg/?C00707232","","13649.26","31-MAR-26","162866.6","163635"
"C00831545","CACHE PAC","http://docquery.fec.gov/cgi-bin/fecimg/?C00831545","","47248.86","31-MAR-26","29444.1","51596.7"
"C00884692","DEMOCRACY & FREEDOM PAC","http://docquery.fec.gov/cgi-bin/fecimg/?C00884692","LANDSMAN, GREG","38660.51","31-MAR-26","29696","60100"
"C00934737","OHIO CREW PAC","http://docquery.fec.gov/cgi-bin/fecimg/?C00934737","","0","31-MAR-26","0","0"
"C00827881","CIRCLE THE WAGONS PAC","http://docquery.fec.gov/cgi-bin/fecimg/?C00827881","LANGWORTHY, NICK","75161.42","31-MAR-26","103175.8","169834.2"
"C00450577","DEMOCRATS TIME IN NEVADA","http://docquery.fec.gov/cgi-bin/fecimg/?C00450577","TITUS, DINA","108437.26","31-MAR-26","26440.9","48100"
"C00927764","NORMAL PAC","http://docquery.fec.gov/cgi-bin/fecimg/?C00927764","GILLEN, LAURA","19811.83","31-MAR-26","27188.2","47000"
"C00934414","NP POWER PAC","http://docquery.fec.gov/cgi-bin/fecimg/?C00934414","POU, NELIDA","0","31-MAR-26","0","0"
"C00417865","TRUEDEM LEADERSHIP FUND","http://docquery.fec.gov/cgi-bin/fecimg/?C00417865","KAPTUR, MARCY HON. M.C.","268548.59","31-MAR-26","64449.2","71700"
"C00894139","UPLIFT PAC","http://docquery.fec.gov/cgi-bin/fecimg/?C00894139","MCDONALD RIVET, KRISTEN","152779.01","31-MAR-26","40977.7","191256.7"
"C00895516","LOUISIANA LEADERSHIP","http://docquery.fec.gov/cgi-bin/fecimg/?C00895516","FIELDS, CLEO","2409.6","31-MAR-26","14790.4","17200"
"C00632323","DEFEND OUR CONSERVATIVE SENATE PAC (DOC'S PAC)","http://docquery.fec.gov/cgi-bin/fecimg/?C00632323","","143426.83","31-MAR-26","488662.5","485775.9"
"C00391797","DIRIGO PAC","http://docquery.fec.gov/cgi-bin/fecimg/?C00391797","","1057164.66","31-MAR-26","410898.2","965907"
"C00924753","LIVE FREE OR DIE PAC","http://docquery.fec.gov/cgi-bin/fecimg/?C00924753","SUNUNU, JOHN E","166824.75","31-MAR-26","5319","172143.7"
"C00912451","SPACESHIP EARTH PAC","http://docquery.fec.gov/cgi-bin/fecimg/?C00912451","WHITESIDES, GEORGE","11760.5","31-MAR-26","10739.5","22500"
"C00571000","TRUE NORTH PAC","http://docquery.fec.gov/cgi-bin/fecimg/?C00571000","SULLIVAN, DAN","372472.9","31-MAR-26","526634.4","826851.7"
"C00894600","603 PAC","http://docquery.fec.gov/cgi-bin/fecimg/?C00894600","GOODLANDER, MAGGIE","72935.92","31-MAR-26","28818.6","99254.6"
"C00387464","ALAMO PAC","http://docquery.fec.gov/cgi-bin/fecimg/?C00387464","CORNYN, JOHN","383772.59","31-MAR-26","712052.6","737553.9"
"C00331694","AMERICA WORKS FEDERAL PAC","http://docquery.fec.gov/cgi-bin/fecimg/?C00331694","BROWN, SHERROD","29158.99","31-MAR-26","381658.7","350901.8"
"C00467431","THE EYE OF THE TIGER POLITICAL ACTION COMMITTEE","http://docquery.fec.gov/cgi-bin/fecimg/?C00467431","","1065107.47","31-MAR-26","1318193.4","1616226.9"
"C00822833","DEFENDING THE AMERICAN DREAM PAC","http://docquery.fec.gov/cgi-bin/fecimg/?C00822833","","79077.51","31-MAR-26","266954.7","242111.1"
"C00932236","HOOSIER AMERICA FIRST PAC","http://docquery.fec.gov/cgi-bin/fecimg/?C00932236","KELLEY, MOSES","","","",""
"C00689208","RVFPAC","http://docquery.fec.gov/cgi-bin/fecimg/?C00689208","","48407.72","31-MAR-26","446586.3","460551.7"
"C00697326","ON WISCONSIN PAC, INC.","http://docquery.fec.gov/cgi-bin/fecimg/?C00697326","","64507.72","31-MAR-26","402178.2","336357.8"
"C00919795","605 LEADERSHIP PAC","http://docquery.fec.gov/cgi-bin/fecimg/?C00919795","JACKLEY, MARTY","8054.09","31-MAR-26","1300.8","9354.8"
"C00837641","HONEST LEADERSHIP PAC","http://docquery.fec.gov/cgi-bin/fecimg/?C00837641","CURRY, KELLEN","11801.54","31-MAR-26","250","0"
"C00930461","WRANGLER PAC","http://docquery.fec.gov/cgi-bin/fecimg/?C00930461","MOORE, COLTON","2970","31-MAR-26","15030","18000"
"C00931006","BALANCE AND ACCOUNTABILITY PAC (BAC PAC)","http://docquery.fec.gov/cgi-bin/fecimg/?C00931006","SNEED, ANDREW RANKIN GUYTON","1089.97","31-MAR-26","514","1604"
"C00576249","NORCAL WATER JOBS LIBERTY PAC","http://docquery.fec.gov/cgi-bin/fecimg/?C00576249","","2325.9","31-MAR-26","55531.4","39020"
"C00906248","FIGHTING FOR DEMOCRACY","http://docquery.fec.gov/cgi-bin/fecimg/?C00906248","VINCENT, JOHN GREGORY","2787.68","31-MAR-26","6437.3","9225"
"C00921015","OLA PAC","http://docquery.fec.gov/cgi-bin/fecimg/?C00921015","","16185.34","31-MAR-26","7211.5","23396.8"
"C00361410","SOUTHERN CALIFORNIA FUND","http://docquery.fec.gov/cgi-bin/fecimg/?C00361410","SHERMAN, BRAD","182842.9","31-MAR-26","166438.3","178078.1"
"C00930180","BLANCO VICTORY COMMITTEE","http://docquery.fec.gov/cgi-bin/fecimg/?C00930180","BLANCO, JAIMY","0","31-MAR-26","0","0"
"C00930016","KENTUCKY FIRST FUND","http://docquery.fec.gov/cgi-bin/fecimg/?C00930016","GALLREIN, ED","0","31-MAR-26","0","0"
"C00828541","NEVER SURRENDER, INC.","http://docquery.fec.gov/cgi-bin/fecimg/?C00828541","","50593016.07","31-MAR-26","28369411.1","51589906.6"
"C00894204","PROSPERITY PAC","http://docquery.fec.gov/cgi-bin/fecimg/?C00894204","SUBRAMANYAM, SUHAS","1992.58","31-MAR-26","13007.4","15000"
"C00513523","TN4UPAC","http://docquery.fec.gov/cgi-bin/fecimg/?C00513523","","23256.84","31-MAR-26","5210","27500"
"C00553883","BUILDING AMERICAN CONSERVATISM PAC","http://docquery.fec.gov/cgi-bin/fecimg/?C00553883","WEBER, RANDY","3520.43","31-MAR-26","54382.8","37627.9"
"C00531590","PATRIOTS IN ACTION","http://docquery.fec.gov/cgi-bin/fecimg/?C00531590","WILLIAMS, ROGER","262702.12","31-MAR-26","307194.4","379551.9"
"C00786368","31 DAYS PAC","http://docquery.fec.gov/cgi-bin/fecimg/?C00786368","ELLZEY, JOHN KEVIN SR","129572.31","31-MAR-26","606504.3","725190.4"
"C00758722","PATRIOTS ALWAYS TRIUMPH","http://docquery.fec.gov/cgi-bin/fecimg/?C00758722","","111269.88","31-MAR-26","42394.5","110270.9"
"C00929075","BOLDLY UPHOLDING CONSTITUTIONAL KNOWLEDGE PAC","http://docquery.fec.gov/cgi-bin/fecimg/?C00929075","BUCK, CARRIE","6221.61","31-MAR-26","4278.4","10500"
"C00484667","ICE PAC","http://docquery.fec.gov/cgi-bin/fecimg/?C00484667","PAULSEN, ERIK MR.","23744.66","31-MAR-26","0","0"
"C00678813","CONSERVATIVES HARVESTING SUCCESS PAC","http://docquery.fec.gov/cgi-bin/fecimg/?C00678813","HYDE-SMITH, CINDY","190103.05","31-MAR-26","157578.4","282929.4"
"C00928812","FORGE FORWARD","http://docquery.fec.gov/cgi-bin/fecimg/?C00928812","BEECHER, ZACH","0","17-FEB-26","0","0"
"C00520841","FIGHTIN' NINTH POLITICAL ACTION COMMITTEE","http://docquery.fec.gov/cgi-bin/fecimg/?C00520841","GRIFFITH, H MORGAN","43555.46","31-MAR-26","129381.9","153000"
"C00927772","FIGHTING BACK ACTION FUND","http://docquery.fec.gov/cgi-bin/fecimg/?C00927772","","29.2","31-MAR-26","15.8","45"
"C00921924","MC-KEE PAC","http://docquery.fec.gov/cgi-bin/fecimg/?C00921924","","0","31-MAR-26","10506","10506"
"C00927293","OPE! PAC","http://docquery.fec.gov/cgi-bin/fecimg/?C00927293","MCMORROW, MALLORY","0","31-MAR-26","0","0"
"C00829408","FIGHTING BACK PAC","http://docquery.fec.gov/cgi-bin/fecimg/?C00829408","PETTERSEN, BRITTANY LOUISE MS.","28457.79","31-MAR-26","138158.8","164557.1"
"C00492025","AMERICAN DEFENSE AND MILITARY PAC","http://docquery.fec.gov/cgi-bin/fecimg/?C00492025","SMITH, D. ADAM","58177.6","31-MAR-26","96865.4","123000"
"C00524603","KEEP AMERICA ROLLING","http://docquery.fec.gov/cgi-bin/fecimg/?C00524603","KELLY, GEORGE J JR","39522.89","31-MAR-26","73435.9","71000"
"C00926329","GREEN ON TOP PAC","http://docquery.fec.gov/cgi-bin/fecimg/?C00926329","MANNION, JOHN W","62409.76","31-MAR-26","22949.3","85359"
"C00724229","VICTORY EAST","http://docquery.fec.gov/cgi-bin/fecimg/?C00724229","MURPHY, GREGORY FRANCIS","21656.34","31-MAR-26","118560.9","124176.4"
"C00536540","JOBS, FREEDOM, AND SECURITY PAC","http://docquery.fec.gov/cgi-bin/fecimg/?C00536540","","2458221.71","31-MAR-26","941162.8","801388.6"
"C00925305","JUST ELECT SUPER STARS PAC","http://docquery.fec.gov/cgi-bin/fecimg/?C00925305","STEINMANN, JESSICA HART","1830.64","31-MAR-26","1768.8","3599.4"
"C00903708","WE THE PEOPLE FOR ILLINOIS","http://docquery.fec.gov/cgi-bin/fecimg/?C00903708","GOODMAN, JOHN","0","30-JUN-25","0","0"
"C00403592","NARRAGANSETT BAY PAC","http://docquery.fec.gov/cgi-bin/fecimg/?C00403592","REED, JOHN","59911.97","31-MAR-26","445984.9","454751"
"C00323352","COMMITTEE FOR A LIVABLE FUTURE","http://docquery.fec.gov/cgi-bin/fecimg/?C00323352","","921392.44","31-MAR-26","259514.8","909014"
"C00915058","PATRIOT FUELS USA PAC","http://docquery.fec.gov/cgi-bin/fecimg/?C00915058","","0","26-MAR-26","0","0"
"C00924399","VETS RISING","http://docquery.fec.gov/cgi-bin/fecimg/?C00924399","MILLER, ADAM CLAY","37353.63","31-MAR-26","44993.2","82346.8"
"C00923938","GRASSROOTS ORGANIZING FOR BETTER ELECTION RESULTS PAC","http://docquery.fec.gov/cgi-bin/fecimg/?C00923938","GOBER, CHRIS","0","31-MAR-26","0","0"
"C00817825","RED HOOK PAC","http://docquery.fec.gov/cgi-bin/fecimg/?C00817825","","3204.34","31-MAR-26","42720.4","23196.9"
"C00794024","BETTER PATH FORWARD PAC, INC.","http://docquery.fec.gov/cgi-bin/fecimg/?C00794024","HOGAN, LARRY","0","11-JAN-26","19241.2","2931.3"
"C00832568","HIGHWATER PAC","http://docquery.fec.gov/cgi-bin/fecimg/?C00832568","FLOOD, MIKE","36749.18","22-APR-26","234693.7","258370.3"
"C00919662","RIGHT FOR AMERICA LEADERSHIP PAC","http://docquery.fec.gov/cgi-bin/fecimg/?C00919662","JENSEN, DOUGLAS","0","31-MAR-26","0","0"
"C00654475","SMART SOLUTIONS PAC","http://docquery.fec.gov/cgi-bin/fecimg/?C00654475","ROSEN, JACKY","319786.74","31-MAR-26","563763.5","710563.5"
"C00706176","YOUR OHIO REPUBLICAN TEAM","http://docquery.fec.gov/cgi-bin/fecimg/?C00706176","","34398.7","31-MAR-26","52325.8","70866.2"
"C00923235","MAKING AMERICA CONSERVATIVE AND SECURE (MACS PAC)","http://docquery.fec.gov/cgi-bin/fecimg/?C00923235","MACLEOD, SCOTT","0","31-MAR-26","1399.5","1399.5"
"C00904391","SAVING AMERICAN DEMOCRACY PAC","http://docquery.fec.gov/cgi-bin/fecimg/?C00904391","","44675.36","31-MAR-26","1501604.6","1546280"
"C00762930","BE VICTORIOUS OVER DEMOCRATS PAC","http://docquery.fec.gov/cgi-bin/fecimg/?C00762930","","107317.44","31-MAR-26","176758","215500"
"C00378695","VICTORY IN NOVEMBER ELECTION PAC","http://docquery.fec.gov/cgi-bin/fecimg/?C00378695","THOMPSON, MIKE","108609.32","31-MAR-26","170143.1","215000"
"C00526046","PATRIOTS LEADING A MAJORITY","http://docquery.fec.gov/cgi-bin/fecimg/?C00526046","MEEHAN, PATRICK","30935.9","31-MAR-26","0","0"
"C00686816","AMERICA RELOADED","http://docquery.fec.gov/cgi-bin/fecimg/?C00686816","CRENSHAW, DANIEL","51180.67","31-MAR-26","98322.2","136083.7"
"C00921635","BE RESOLUTE PAC","http://docquery.fec.gov/cgi-bin/fecimg/?C00921635","","0","31-DEC-25","0","0"
"C00921833","DONT GIVE UP THE SHIP PAC","http://docquery.fec.gov/cgi-bin/fecimg/?C00921833","ELFRETH, SARAH KELLY","13763.04","31-MAR-26","13237","27000"
"C00921270","SERVICE HONOR FAMILY PAC","http://docquery.fec.gov/cgi-bin/fecimg/?C00921270","CAHILL, JASON","15371","31-MAR-26","1000","16371"
"C00832501","AMERICAN EXCELLENCE PAC","http://docquery.fec.gov/cgi-bin/fecimg/?C00832501","RICKETTS, PETE","547472.64","31-MAR-26","598116.4","719475.3"
"C00917468","MAKE AMERICA THRIVE TODAY PAC","http://docquery.fec.gov/cgi-bin/fecimg/?C00917468","DAY, MATT","0","23-FEB-26","0","0"
"C00919258","TRUST, ACCOUNTABILITY, REFORM, AMERICA PAC","http://docquery.fec.gov/cgi-bin/fecimg/?C00919258","DURANT, TARA ANNE","135.41","31-MAR-26","4580","4715.4"
"C00920553","OUR SERVICE YOUR FUTURE PAC","http://docquery.fec.gov/cgi-bin/fecimg/?C00920553","OSYF, JAMES","0","31-DEC-25","6317.2","6317.2"
"C00654186","SOCK IT TO 'EM PAC","http://docquery.fec.gov/cgi-bin/fecimg/?C00654186","CURTIS, JOHN","203883.62","31-MAR-26","862909.5","754696.4"
"C00919506","CONSERVATIVE AMERICAN REPUBLICAN LEADERSHIP PAC","http://docquery.fec.gov/cgi-bin/fecimg/?C00919506","CARL, JERRY LEE","2230.74","31-MAR-26","7","2237.7"
"C00762328","FIGHT ON PAC","http://docquery.fec.gov/cgi-bin/fecimg/?C00762328","ARENHOLZ, ASHLEY HINSON","69054.13","31-MAR-26","376033.9","404193.3"
"C00889386","NB3 PAC","http://docquery.fec.gov/cgi-bin/fecimg/?C00889386","BEGICH, NICHOLAS","19352.19","31-MAR-26","70711.1","71818.3"
"C00918763","FOREVER TEXAS PAC","http://docquery.fec.gov/cgi-bin/fecimg/?C00918763","CAIN, BRISCOE ROWELL III","15877.9","31-MAR-26","10266.5","26144.4"
"C00919522","PAC OF APPLES","http://docquery.fec.gov/cgi-bin/fecimg/?C00919522","SCHRIER, KIM DR.","15383.02","31-MAR-26","47867","63250"
"C00899435","ELECT EVERY DEMOCRAT PAC","http://docquery.fec.gov/cgi-bin/fecimg/?C00899435","FRANKEL, LOIS","472357.56","31-MAR-26","1064478.7","1536836.3"
"C00545137","LEADERSHIP OPPORTUNITY INNOVATION SERVICE PAC","http://docquery.fec.gov/cgi-bin/fecimg/?C00545137","FRANKEL, LOIS","8957.29","31-MAR-26","138958.4","136000"
"C00659771","WIN THE HOUSE NOW PAC","http://docquery.fec.gov/cgi-bin/fecimg/?C00659771","BARRAGAN, NANETTE","223507.74","31-MAR-26","45392.9","153350"
"C00699421","A WOMAN'S PLACE PAC","http://docquery.fec.gov/cgi-bin/fecimg/?C00699421","SCANLON, MARY GAY","216.48","31-MAR-26","44567.1","44017"
"C00486720","SEA CHANGE PAC","http://docquery.fec.gov/cgi-bin/fecimg/?C00486720","","15407.73","31-MAR-26","312143.9","5082.2"
"C00494112","BEEPAC (BUILDING ECONOMIC EMPOWERMENT PAC)","http://docquery.fec.gov/cgi-bin/fecimg/?C00494112","HIMES, JIM","36536.59","31-MAR-26","230905.2","245639"
"C00834762","CHUTZ PAC","http://docquery.fec.gov/cgi-bin/fecimg/?C00834762","","668.31","31-MAR-26","6096.4","6145"
"C00547356","INLAND EMPIRE STRIKES PAC; THE","http://docquery.fec.gov/cgi-bin/fecimg/?C00547356","TAKANO, MARK","3005.94","31-MAR-26","78399.4","80192.5"
"C00753947","LA BAMBA PAC","http://docquery.fec.gov/cgi-bin/fecimg/?C00753947","TORRES, RITCHIE","191337.03","31-MAR-26","833091.5","948033.4"
"C00567495","JOBS UNITE LABOR AND INDUSTRY IN AMERICA PAC (JULIA PAC)","http://docquery.fec.gov/cgi-bin/fecimg/?C00567495","BROWNLEY, JULIA","241193.94","31-MAR-26","28105.2","50875.3"
"C00762260","COACH PAC","http://docquery.fec.gov/cgi-bin/fecimg/?C00762260","TUBERVILLE, THOMAS H","160706.19","31-MAR-26","175747","248931.6"
"C00916825","BECAUSE REAL AMERICANS NEVER DOUBT OUR NATION","http://docquery.fec.gov/cgi-bin/fecimg/?C00916825","","3681.6","31-MAR-26","26885","30566.6"
"C00910786","TEXAS LEADERSHIP PAC","http://docquery.fec.gov/cgi-bin/fecimg/?C00910786","CORTEZ, JOSHUA","0","31-MAR-26","0","0"
"C00881268","GUARDING OUR LASTING DEMOCRACY (GOLD) PAC","http://docquery.fec.gov/cgi-bin/fecimg/?C00881268","GOLDMAN, CRAIG","175565.19","31-MAR-26","137002.5","180203.7"
"C00652164","JERSEY VALUES PAC","http://docquery.fec.gov/cgi-bin/fecimg/?C00652164","GOTTHEIMER, JOSH","825163.07","31-MAR-26","208525.8","378834.1"
"C00629212","ALL FOR OUR COUNTRY LEADERSHIP PAC","http://docquery.fec.gov/cgi-bin/fecimg/?C00629212","CORTEZ MASTO, CATHERINE","112346.81","31-MAR-26","982653.8","963183.2"
"C00774588","MISSION FIRST PEOPLE ALWAYS PAC","http://docquery.fec.gov/cgi-bin/fecimg/?C00774588","JAMES, JOHN","23553.85","31-MAR-26","146171.6","26586"
"C00914366","NO FAIL MISSION PAC","http://docquery.fec.gov/cgi-bin/fecimg/?C00914366","SCHWARZE, ADAM","25916.99","31-MAR-26","30347","56264"
"C00765313","MAKE AMERICA FIRST PAC","http://docquery.fec.gov/cgi-bin/fecimg/?C00765313","CARGILE, MIKE","77.5","31-MAR-26","102.5","175"
"C00902866","UPON THIS ROCK PAC (MULTI-CANDIDATE)","http://docquery.fec.gov/cgi-bin/fecimg/?C00902866","VERBICA, PETER","283.6","31-MAR-26","5187.7","5471.3"
"C00885319","COLORADO WESTERN POLITICAL ACTION COMMITTEE","http://docquery.fec.gov/cgi-bin/fecimg/?C00885319","","37295.15","31-MAR-26","108848.8","143150.1"
"C00914424","FIGHT FOR A DEMOCRATIC MAJORITY PAC","http://docquery.fec.gov/cgi-bin/fecimg/?C00914424","","30955.65","31-MAR-26","83108.4","114064.1"
"C00471813","ACCOUNTABILITY PAC","http://docquery.fec.gov/cgi-bin/fecimg/?C00471813","POSEY, BILL","3708.93","31-MAR-26","150","0"
"C00839662","COYOTE PAC","http://docquery.fec.gov/cgi-bin/fecimg/?C00839662","","0","23-DEC-25","58223.4","12500"
"C00564187","EDUCATE AND INNOVATE PAC","http://docquery.fec.gov/cgi-bin/fecimg/?C00564187","MARKEY, EDWARD","93569.93","31-MAR-26","329557.6","386400"
"C00412791","FORWARD TOGETHER PAC","http://docquery.fec.gov/cgi-bin/fecimg/?C00412791","WARNER, MARK","932802.2","31-MAR-26","948239.8","1122887"
"C00375584","GREAT LAKES PAC","http://docquery.fec.gov/cgi-bin/fecimg/?C00375584","STABENOW, DEBBIE","675279.28","31-MAR-26","144575.7","45356.9"
"C00760009","PUTTING NEW HAMPSHIRE FIRST","http://docquery.fec.gov/cgi-bin/fecimg/?C00760009","PAPPAS, CHRIS","899.02","31-MAR-26","84057","81685"
"C00347195","PRAIRIE POLITICAL ACTION COMMITTEE","http://docquery.fec.gov/cgi-bin/fecimg/?C00347195","DURBIN, RICHARD","2004.31","31-MAR-26","281513.1","207256.1"
"C00913665","ANNALISA STRAVATO FOR PRINCIPLES, INTEGRITY, REPUBLICAN EMPOWERMENT ASPIRE","http://docquery.fec.gov/cgi-bin/fecimg/?C00913665","","6082.22","31-MAR-26","3234.8","9317"
"C00691626","CUT THE BULL PAC","http://docquery.fec.gov/cgi-bin/fecimg/?C00691626","MILLER, CAROL DEVINE","23657.41","31-MAR-26","59620.9","48548.9"
"C00493700","BLUE HEN FEDERAL PAC","http://docquery.fec.gov/cgi-bin/fecimg/?C00493700","COONS, CHRISTOPHER","713699.87","31-MAR-26","534902","695350"
"C00912873","READY TO FIGHT PAC","http://docquery.fec.gov/cgi-bin/fecimg/?C00912873","WALKINSHAW, JAMES","27940.96","31-MAR-26","22929.5","50870.5"
"C00687582","GIDDY UP PAC","http://docquery.fec.gov/cgi-bin/fecimg/?C00687582","HICKENLOOPER, JOHN","28401.05","31-MAR-26","391551.1","353022.4"
"C00491936","COMMON SENSE COLORADO","http://docquery.fec.gov/cgi-bin/fecimg/?C00491936","BENNET, MICHAEL F.","35592.7","31-MAR-26","160093.1","188696.1"
"C00912394","RED ROOTS FUND","http://docquery.fec.gov/cgi-bin/fecimg/?C00912394","","2909.56","31-MAR-26","1220.7","4130.2"
"C00785816","LIFTOFF PAC","http://docquery.fec.gov/cgi-bin/fecimg/?C00785816","KELLY, MARK","271537.2","31-MAR-26","1184114.1","1357124.3"
"C00719971","SENATE EAGLE PAC","http://docquery.fec.gov/cgi-bin/fecimg/?C00719971","","761920.44","31-MAR-26","780566.4","1488015.1"
"C00781740","CONSERVATIVE OPPORTUNITY FUND","http://docquery.fec.gov/cgi-bin/fecimg/?C00781740","NORMAN, RALPH","30131.97","31-MAR-26","124537.1","125750"
"C00459925","AMERICAN MOBILIZATION PAC","http://docquery.fec.gov/cgi-bin/fecimg/?C00459925","MURPHY, CHRISTOPHER","1225417.07","31-MAR-26","1159533.6","2349699.9"
"C00572586","CAPITOL HEEL PAC","http://docquery.fec.gov/cgi-bin/fecimg/?C00572586","ADAMS, ALMA SHEALEY","4633.12","31-MAR-26","9455","0"
"C00385534","LEGPAC","http://docquery.fec.gov/cgi-bin/fecimg/?C00385534","CARDIN, BENJAMIN L","135837.39","31-MAR-26","13542.4","0"
"C00748186","COMMONSENSE, CONSERVATIVE VALUES PAC","http://docquery.fec.gov/cgi-bin/fecimg/?C00748186","","222371.34","31-MAR-26","130798.1","237545.8"
"C00910174","CONSERVATIVE CORNHUSKERS PAC","http://docquery.fec.gov/cgi-bin/fecimg/?C00910174","LINDSTROM, BRETT","78239.86","31-MAR-26","84073.8","162313.7"
"C00746735","HMS SCRAP PAC","http://docquery.fec.gov/cgi-bin/fecimg/?C00746735","STEVENS, HALEY","9281.49","31-MAR-26","297522.4","303383.4"
"C00461137","TAKING OUR MAJORITY PAC","http://docquery.fec.gov/cgi-bin/fecimg/?C00461137","","4711.19","31-MAR-26","10881.4","7500"
"C00909598","LIBERTY & LAW PAC","http://docquery.fec.gov/cgi-bin/fecimg/?C00909598","WHITSON, STEWART","0","30-SEP-25","15207","15207"
"C00909556","TRIDENT VALUES PAC","http://docquery.fec.gov/cgi-bin/fecimg/?C00909556","MAASDAM, MATTHEW","20921","31-MAR-26","3079","24000"
"C00909879","WALLEYE PAC","http://docquery.fec.gov/cgi-bin/fecimg/?C00909879","WILLIAMS, JOSH","0","31-MAR-26","0","0"
"C00907741","DEMOCRACY FOR ALL PAC","http://docquery.fec.gov/cgi-bin/fecimg/?C00907741","","3642.84","31-MAR-26","29563.5","33206.3"
"C00776310","WE INVEST IN LIVES AND DREAMS PAC","http://docquery.fec.gov/cgi-bin/fecimg/?C00776310","WILD, SUSAN","0","30-JUN-25","20336.6","5392.3"
"C00430579","BRAVE PAC","http://docquery.fec.gov/cgi-bin/fecimg/?C00430579","SCOTT, DAVID ALBERT","73522.35","31-MAR-26","38002.9","35000"
"C00867978","GOLDEN STATE DEMOCRACY PAC","http://docquery.fec.gov/cgi-bin/fecimg/?C00867978","","10811.18","31-MAR-26","27544.1","30428"
"C00489336","WILD AND WONDERFUL PAC","http://docquery.fec.gov/cgi-bin/fecimg/?C00489336","CAPITO, SHELLEY","407602.4","31-MAR-26","500964.1","670140.3"
"C00908905","LA LUZ","http://docquery.fec.gov/cgi-bin/fecimg/?C00908905","RIVAS, LUZ","2856.4","31-MAR-26","4643.6","7500"
"C00403071","ONE VOICE","http://docquery.fec.gov/cgi-bin/fecimg/?C00403071","","58973.65","31-MAR-26","18200.1","14731.5"
"C00908145","NEZARUS","http://docquery.fec.gov/cgi-bin/fecimg/?C00908145","NEZARUS, NEZARUS","","","",""
"C00705368","BLUE DISTRICT PROJECT","http://docquery.fec.gov/cgi-bin/fecimg/?C00705368","","81626.34","31-MAR-26","209694.4","281780.2"
"C00823773","JUSTICE LEAGUE PAC","http://docquery.fec.gov/cgi-bin/fecimg/?C00823773","GARCIA, ROBERT","34539.75","31-MAR-26","72447.2","100859"
"C00451583","WOLVERINE PAC","http://docquery.fec.gov/cgi-bin/fecimg/?C00451583","DINGELL, DEBBIE","16420.71","31-MAR-26","126260","64413.3"
"C00890475","DE COLORES PAC","http://docquery.fec.gov/cgi-bin/fecimg/?C00890475","RANDALL, EMILY","20765.5","31-MAR-26","15282.5","35500"
"C00904102","BOLD ACTION PAC","http://docquery.fec.gov/cgi-bin/fecimg/?C00904102","","227.58","31-MAR-26","49369.4","49596.9"
"C00901371","BUILDING ARIZONA PAC","http://docquery.fec.gov/cgi-bin/fecimg/?C00901371","KEENAN, DANIEL","0","31-MAR-26","563.3","563.3"
"C00872804","DEFEND FREEDOM, INC.","http://docquery.fec.gov/cgi-bin/fecimg/?C00872804","GABBARD, TULSI","726612.43","31-MAR-26","54065","108685.8"
"C00883298","FREE INDEED PAC","http://docquery.fec.gov/cgi-bin/fecimg/?C00883298","TEIRAB, JOE","11057.84","31-MAR-26","3205","0"
"C00878389","HEAL AMERICA","http://docquery.fec.gov/cgi-bin/fecimg/?C00878389","KENNEDY, MIKE","9860.23","31-MAR-26","20439.8","29100"
"C00884452","HELPING ELECT AMERICAN LEADERS PAC HEAL PAC","http://docquery.fec.gov/cgi-bin/fecimg/?C00884452","BIGGS, SHERI","4644.46","31-MAR-26","21035","18779.5"
"C00887539","IOWA VALUES PAC","http://docquery.fec.gov/cgi-bin/fecimg/?C00887539","FEENSTRA, RANDALL","0","31-MAR-26","44500","38500"
"C00898361","STOP THE LEFT PAC","http://docquery.fec.gov/cgi-bin/fecimg/?C00898361","WHITE, ROYCE","0","23-FEB-26","0","0"
"C00888255","TIGER PAC","http://docquery.fec.gov/cgi-bin/fecimg/?C00888255","ONDER, ROBERT","1507.5","31-MAR-26","57156.5","54014"
"C00768689","AMERICA FIRST PATRIOTS PAC","http://docquery.fec.gov/cgi-bin/fecimg/?C00768689","FRANCE, MIKE","62262.31","31-MAR-26","185752.3","228969.8"
"C00693796","BUCKEYE LIBERTY POLITICAL ACTION COMMITTEE","http://docquery.fec.gov/cgi-bin/fecimg/?C00693796","","500553.89","31-MAR-26","558528.4","873704.3"
"C00846675","DEDICATED ACTION VICTORY INITIATIVE STRATEGY PAC","http://docquery.fec.gov/cgi-bin/fecimg/?C00846675","","0","18-JUN-25","1014.4","163"
"C00634519","DEFEND FREEDOM POLITICAL ACTION COMMITTEE","http://docquery.fec.gov/cgi-bin/fecimg/?C00634519","DAVIDSON, WARREN","52739.57","31-MAR-26","52016.6","59220.4"
"C00814897","EMPIRE STRIKE PAC","http://docquery.fec.gov/cgi-bin/fecimg/?C00814897","D'ESPOSITO, ANTHONY P","0","28-APR-26","37918.4","1675"
"C00816751","IT MATTERS WHO LEADS PAC","http://docquery.fec.gov/cgi-bin/fecimg/?C00816751","OGLES, ANDY","2630.99","31-MAR-26","9335","2750"
"C00757120","NOW ELECTING HONEST LEADERSHIP AND SERVICE PAC","http://docquery.fec.gov/cgi-bin/fecimg/?C00757120","","76740.18","31-MAR-26","27899.5","84394.6"
"C00859546","OHIO VALLEY LEADERSHIP PAC","http://docquery.fec.gov/cgi-bin/fecimg/?C00859546","RULLI, MICHAEL","12119.09","31-MAR-26","37121.1","25671.9"
"C00819425","OLD BREED PAC","http://docquery.fec.gov/cgi-bin/fecimg/?C00819425","MCCORMICK, RICHARD DEAN DR.","33959.67","31-MAR-26","162295.7","143534.5"
"C00693713","OUR FREEDOM, OUR FUTURE","http://docquery.fec.gov/cgi-bin/fecimg/?C00693713","","3675.48","31-MAR-26","3693.4","3136"
"C00708172","PA-FIRST PAC","http://docquery.fec.gov/cgi-bin/fecimg/?C00708172","MEUSER, DANIEL","12929.56","31-MAR-26","122436.8","113567.5"
"C00573493","RESTORING OUR DEMOCRACY (ROD PAC)","http://docquery.fec.gov/cgi-bin/fecimg/?C00573493","","0","16-JAN-26","36106.2","16001.4"
"C00765578","TENNESSEE TOUGH PAC","http://docquery.fec.gov/cgi-bin/fecimg/?C00765578","","3069.39","31-MAR-26","77565","58000"
"C00494302","LEAD ENCOURAGE ELECT PAC","http://docquery.fec.gov/cgi-bin/fecimg/?C00494302","","500765.95","31-MAR-26","331995.2","678383.7"
"C00379479","THE HAWKEYE PAC","http://docquery.fec.gov/cgi-bin/fecimg/?C00379479","","113842.28","31-MAR-26","314433.2","331031.9"
"C00906560","FIGHTING FOR ALABAMA PAC","http://docquery.fec.gov/cgi-bin/fecimg/?C00906560","","1081.93","31-MAR-26","0","1081.9"
"C00906693","JUSTICE UNITES LIBERTY, INTEGRITY, AND AMERICA PAC","http://docquery.fec.gov/cgi-bin/fecimg/?C00906693","HASHEMIEH, JULIA","0","26-MAR-26","0","0"
"C00903898","DELIVER ENERGIZE SUCCEED PAC","http://docquery.fec.gov/cgi-bin/fecimg/?C00903898","DESMOND, JIM","2375","31-MAR-26","1750","4125"
"C00900688","BAUM PAC","http://docquery.fec.gov/cgi-bin/fecimg/?C00900688","BAUMGARTNER, MICHAEL JAMES","14590.82","31-MAR-26","60036.3","74627.1"
"C00906107","EASTERN NORTH CAROLINA - ENCPAC","http://docquery.fec.gov/cgi-bin/fecimg/?C00906107","","0","31-DEC-25","0","0"
"C00905836","ALWAYS FREE","http://docquery.fec.gov/cgi-bin/fecimg/?C00905836","WILLIS, THOMAS EDWARD II","19887.12","31-MAR-26","3500","23387.1"
"C00493072","DAKOTA PAC","http://docquery.fec.gov/cgi-bin/fecimg/?C00493072","HOEVEN, JOHN","269577.19","31-MAR-26","256049.3","237493.1"
"C00571323","TOGETHER HOLDING OUR MAJORITY PAC","http://docquery.fec.gov/cgi-bin/fecimg/?C00571323","","286439.94","31-MAR-26","738694.8","817151.4"
"C00667360","TOGETHER WE RISE","http://docquery.fec.gov/cgi-bin/fecimg/?C00667360","CHU, JUDY","74433.42","31-MAR-26","30134.2","55000"
"C00839886","SUPPORTING EFFECTIVE THOUGHTFUL LEADERSHIP PAC","http://docquery.fec.gov/cgi-bin/fecimg/?C00839886","MAGAZINER, SETH","3951.9","31-MAR-26","24759.3","25493.4"
"C00900936","TURNOUT FOR DEMOCRACY","http://docquery.fec.gov/cgi-bin/fecimg/?C00900936","","14000","31-MAR-26","22500","36500"
"C00855791","ADAMANT PAC","http://docquery.fec.gov/cgi-bin/fecimg/?C00855791","HOLLIER, ADAM","0","31-DEC-25","22125.3","0"
"C00904169","FIGHT ON PAC-FEDERAL","http://docquery.fec.gov/cgi-bin/fecimg/?C00904169","","0","19-DEC-25","5000","5000"
"C00840462","SILICORN VALLEY PAC","http://docquery.fec.gov/cgi-bin/fecimg/?C00840462","BUDZINSKI, NIKKI","23733.19","31-MAR-26","210268.9","223650"
"C00422774","ADVANCING DEMOCRACY AND MOBILIZATION PAC","http://docquery.fec.gov/cgi-bin/fecimg/?C00422774","SCHIFF, ADAM","256651.85","31-MAR-26","672078.7","874891.4"
"C00903716","NEW CAROLINA FUTURE PAC","http://docquery.fec.gov/cgi-bin/fecimg/?C00903716","BENNETT, JUSTIN","","","",""
"C00681643","DELIVER. EXCEL. BELIEVE. PAC","http://docquery.fec.gov/cgi-bin/fecimg/?C00681643","","434194.83","31-MAR-26","39449.8","471986.2"
"C00903476","OHANA PAC","http://docquery.fec.gov/cgi-bin/fecimg/?C00903476","TOKUDA, JILL","9757.99","31-MAR-26","242","10000"
"C00903328","AIM HIGH PAC","http://docquery.fec.gov/cgi-bin/fecimg/?C00903328","","0","31-MAR-26","0","0"
"C00832808","NEW SHERIFF PAC","http://docquery.fec.gov/cgi-bin/fecimg/?C00832808","EZELL, WALTER MICHAEL","7223.18","31-MAR-26","42200.4","29298.5"
"C00783167","WORKING FOR OHIO","http://docquery.fec.gov/cgi-bin/fecimg/?C00783167","VANCE, J","841304.73","31-MAR-26","590160.4","1415446"
"C00573709","CA LUV PAC (CALIFORNIA LEADERSHIP UNITED FOR VICTORY PAC)","http://docquery.fec.gov/cgi-bin/fecimg/?C00573709","AGUILAR, PETE","381476.26","31-MAR-26","800267.2","1080756.5"
"C00879858","BUILD WISCONSIN PAC","http://docquery.fec.gov/cgi-bin/fecimg/?C00879858","","34309.29","31-MAR-26","3553.8","0"
"C00898734","FLORIDA FIRST PAC","http://docquery.fec.gov/cgi-bin/fecimg/?C00898734","PATRONIS, JIMMY","37683.41","31-MAR-26","6544.5","44227.9"
"C00516724","JOBS, ENERGY AND OUR FOUNDING FATHERS PAC","http://docquery.fec.gov/cgi-bin/fecimg/?C00516724","","632481.92","31-MAR-26","73475.7","652614.4"
"C00458570","A NEW DIRECTION PAC","http://docquery.fec.gov/cgi-bin/fecimg/?C00458570","SHAHEEN, JEANNE","174303.02","31-MAR-26","294238.1","216152.2"
"C00821058","ALABAMA FIRST PAC","http://docquery.fec.gov/cgi-bin/fecimg/?C00821058","BRITT, KATIE BOYD","265192.16","31-MAR-26","1452640.9","1416486"
"C00901033","MONROE STREET PAC","http://docquery.fec.gov/cgi-bin/fecimg/?C00901033","BYNUM, JANELLE","32944.25","31-MAR-26","1555.8","34500"
"C00296640","REPUBLICAN MAJORITY FUND","http://docquery.fec.gov/cgi-bin/fecimg/?C00296640","","453032.24","31-MAR-26","580301.4","923287.4"
"C00819888","DUTY FIRST PAC","http://docquery.fec.gov/cgi-bin/fecimg/?C00819888","","4703.23","31-MAR-26","289612.3","60875.4"
"C00631051","ABRAHAM LINCOLN PAC","http://docquery.fec.gov/cgi-bin/fecimg/?C00631051","","395051.45","31-MAR-26","282124.5","387433.9"
"C00834101","AS MAINE GOES PAC","http://docquery.fec.gov/cgi-bin/fecimg/?C00834101","GOLDEN, JARED","12645.5","31-MAR-26","57323.4","55572.5"
"C00409003","HEARTLAND VALUES PAC","http://docquery.fec.gov/cgi-bin/fecimg/?C00409003","","1762743.87","31-MAR-26","2188009.7","2708174.2"
"C00794198","BUILD THE BENCH PAC","http://docquery.fec.gov/cgi-bin/fecimg/?C00794198","CARTER, TROY A. SR.","40362.28","31-MAR-26","99314.5","126094.9"
"C00563429","MAKING A SENSIBLE SHIFT IN ELECTIONS PAC","http://docquery.fec.gov/cgi-bin/fecimg/?C00563429","MASSIE, THOMAS H.","56484.14","31-MAR-26","133309.7","126579.5"
"C00571174","SERVE AMERICA PAC","http://docquery.fec.gov/cgi-bin/fecimg/?C00571174","","43333.78","31-MAR-26","712192.2","462926.1"
"C00851998","PENNSYLVANIA HONOR","http://docquery.fec.gov/cgi-bin/fecimg/?C00851998","MCCORMICK, DAVE","386101.04","31-MAR-26","843531.7","1106580.8"
"C00899880","RESULTS FIRST PAC","http://docquery.fec.gov/cgi-bin/fecimg/?C00899880","LATIMER, GEORGE","4974","31-MAR-26","26","5000"
"C00491183","AMERICAN VICTORY PAC","http://docquery.fec.gov/cgi-bin/fecimg/?C00491183","","0","13-MAR-25","121310","0"
"C00326439","HOUSE CONSERVATIVES FUND","http://docquery.fec.gov/cgi-bin/fecimg/?C00326439","","196081.32","31-MAR-26","809885.2","947410.8"
"C00820209","FIGHTIN' RIGHT Y'ALL","http://docquery.fec.gov/cgi-bin/fecimg/?C00820209","FRY, RUSSELL","44699.85","31-MAR-26","74169.3","91184.7"
"C00417493","PROGRESSIVE AMERICANS FOR DEMOCRACY","http://docquery.fec.gov/cgi-bin/fecimg/?C00417493","","95234.35","31-MAR-26","74671.5","109968.2"
"C00691501","REJOICE PAC","http://docquery.fec.gov/cgi-bin/fecimg/?C00691501","","47236.1","31-MAR-26","340212.9","285610.6"
"C00490235","AMERICA'S FUTURE, TOGETHER","http://docquery.fec.gov/cgi-bin/fecimg/?C00490235","","1853227.14","31-MAR-26","125683.8","231329.4"
"C00695395","ELECT MORE DEMOCRATS PAC","http://docquery.fec.gov/cgi-bin/fecimg/?C00695395","LEVIN, MIKE","23747.51","31-MAR-26","257019.4","249372.7"
"C00880435","PIT CREW PAC","http://docquery.fec.gov/cgi-bin/fecimg/?C00880435","THERIAULT, AUSTIN LEO","10379.85","31-MAR-26","12118","2000"
"C00894022","DOCTOR'S ORDERS","http://docquery.fec.gov/cgi-bin/fecimg/?C00894022","CONAWAY, HERB MD","11055.25","31-MAR-26","8944.8","19500"
"C00875880","AMERICA'S AWAKENING PAC","http://docquery.fec.gov/cgi-bin/fecimg/?C00875880","HARRIS, MARK E","21921.35","31-MAR-26","17848.7","38595"
"C00495887","TOMORROW IS MEANINGFUL PAC","http://docquery.fec.gov/cgi-bin/fecimg/?C00495887","SCOTT, TIMOTHY E.","978679.89","31-MAR-26","848828.9","1212571.3"
"C00566851","JOBS OPPORTUNITY AND NEW IDEAS PAC","http://docquery.fec.gov/cgi-bin/fecimg/?C00566851","ERNST, JONI","42002.82","31-MAR-26","468570.7","460680.2"
"C00704411","VOLUNTEER ISSUES PAC INC","http://docquery.fec.gov/cgi-bin/fecimg/?C00704411","","10066.14","31-MAR-26","3508.6","4750"
"C00629576","BUILD OUR MOVEMENT PAC","http://docquery.fec.gov/cgi-bin/fecimg/?C00629576","JAYAPAL, PRAMILA","344160.05","31-MAR-26","190793.3","264630"
"C00540054","NEBRASKA SANDHILLS PAC","http://docquery.fec.gov/cgi-bin/fecimg/?C00540054","FISCHER, DEBRA S","132822.08","31-MAR-26","388998.9","475320.8"
"C00683250","GENERATION GO LEADERSHIP PAC","http://docquery.fec.gov/cgi-bin/fecimg/?C00683250","GOMEZ, JIMMY","55026.65","31-MAR-26","254844.9","220316.2"
"C00343574","MAINSTREAM PAC","http://docquery.fec.gov/cgi-bin/fecimg/?C00343574","LOFGREN, ZOE","5383.86","31-MAR-26","96562.7","95838.6"
"C00824474","THE AMERICAN RENEWAL PAC","http://docquery.fec.gov/cgi-bin/fecimg/?C00824474","MCCORMICK, DAVE","0","24-FEB-25","6027.8","0"
"C00892752","JUNTOS PAC","http://docquery.fec.gov/cgi-bin/fecimg/?C00892752","GALLEGO, RUBEN","361645.8","31-MAR-26","1003366.2","1312250.3"
"C00576975","LATINO LEADERS FOR EQUALITY, GROWTH, OPPORTUNITY, PROGRESSIVE ACTION & CHANGE (LLEGO-PAC)","http://docquery.fec.gov/cgi-bin/fecimg/?C00576975","GALLEGO, RUBEN","51941.61","31-MAR-26","168173.9","127483.5"
"C00897546","BAMA PAC","http://docquery.fec.gov/cgi-bin/fecimg/?C00897546","FIGURES, SHOMARI C.","10412.75","31-MAR-26","28260.3","38673"
"C00559211","RESTORE DEMOCRACY","http://docquery.fec.gov/cgi-bin/fecimg/?C00559211","","11653.55","31-MAR-26","100","0"
"C00838128","MAKING AMERICA RESTORE LEADERSHIP & INDEPENDENCE NOW POLITICAL ACTION COMMITTEE","http://docquery.fec.gov/cgi-bin/fecimg/?C00838128","STUTZMAN, MARLIN","16235.73","31-MAR-26","37341.5","39703.7"
"C00856849","SEAL TEAM PT PAC","http://docquery.fec.gov/cgi-bin/fecimg/?C00856849","MCGUIRE, JOHN","5418.6","31-MAR-26","37327.8","40857.3"
"C00849471","ALWAYS OUT FRONT PAC","http://docquery.fec.gov/cgi-bin/fecimg/?C00849471","MERCURI, ROBERT W","0","24-JAN-26","7755.3","0"
"C00779520","KMPAC","http://docquery.fec.gov/cgi-bin/fecimg/?C00779520","MANNING, KATHY","717.06","31-MAR-26","13473.3","302"
"C00759019","ALL IN PAC","http://docquery.fec.gov/cgi-bin/fecimg/?C00759019","","30843.45","31-MAR-26","434040.3","5603.5"
"C00608505","JUSTICE OPPORTUNITY STRENGTH HONOR PAC (JOSHPAC)","http://docquery.fec.gov/cgi-bin/fecimg/?C00608505","","11843.19","31-MAR-26","11990.3","120"
"C00368696","RESPONSIBILITY AND FREEDOM WORK PAC (RFWPAC)","http://docquery.fec.gov/cgi-bin/fecimg/?C00368696","","379760.32","31-MAR-26","1103886.8","1430555"
"C00762591","SAVE AMERICA","http://docquery.fec.gov/cgi-bin/fecimg/?C00762591","","1160361.26","31-MAR-26","21080428","15808522.2"
"C00584805","BFB PAC","http://docquery.fec.gov/cgi-bin/fecimg/?C00584805","BOYLE, BRENDAN F","112142.76","31-MAR-26","100489.9","142000"
"C00863373","BEST AT BRINGING ENTREPRENEURIAL RESULTS NEVER IMAGINED OR ENVISIONED PAC","http://docquery.fec.gov/cgi-bin/fecimg/?C00863373","MORENO, BERNIE","366458.63","31-MAR-26","762960.9","1037811.3"
"C00768408","CAROLINA VICTORY FUND","http://docquery.fec.gov/cgi-bin/fecimg/?C00768408","ROSS, DEBORAH","17400.02","31-MAR-26","40112.8","52500"
"C00838649","LONGLEAF PAC","http://docquery.fec.gov/cgi-bin/fecimg/?C00838649","FOUSHEE, VALERIE","6087.65","31-MAR-26","34118.8","25000"
"C00083337","LOUISIANA ACTION COMMITTEE FOR RURAL ELECTRIFICATION","http://docquery.fec.gov/cgi-bin/fecimg/?C00083337","","46023.42","31-MAR-26","8950","15256.5"
"C00500025","RECLAIM AMERICA PAC","http://docquery.fec.gov/cgi-bin/fecimg/?C00500025","","122779.29","31-MAR-26","45461.6","115429.2"
"C00625111","STRENGTHENING VIRGINIA'S WORKING FAMILIES PAC","http://docquery.fec.gov/cgi-bin/fecimg/?C00625111","SCOTT, ROBERT","42702.23","31-MAR-26","781.8","30000"
"C00734822","GROWING GEORGIA","http://docquery.fec.gov/cgi-bin/fecimg/?C00734822","","50629.22","31-MAR-26","7050.3","0"
"C00541078","EXCELSIOR PAC","http://docquery.fec.gov/cgi-bin/fecimg/?C00541078","","37607.84","31-MAR-26","35486.9","0"
"C00829655","FUELING INDIVIDUAL RIGHTS EVERYWHERE (FIRE) PAC","http://docquery.fec.gov/cgi-bin/fecimg/?C00829655","CROCKETT, JASMINE","22480.96","31-MAR-26","46449.9","35713"
"C00886390","MARCHING ONWARD PAC","http://docquery.fec.gov/cgi-bin/fecimg/?C00886390","JACKSON, JONATHAN","14985.29","31-MAR-26","11947.3","2500"
"C00747766","TRUTH TO POWER","http://docquery.fec.gov/cgi-bin/fecimg/?C00747766","","279584.58","31-MAR-26","418910.5","398699.7"
"C00850784","WILLAMETTE VALLEY PAC","http://docquery.fec.gov/cgi-bin/fecimg/?C00850784","SALINAS, ANDREA","17563.87","31-MAR-26","20677.3","31000"
"C00377143","BUILD AMERICA PAC","http://docquery.fec.gov/cgi-bin/fecimg/?C00377143","MEEKS, GREGORY","485946.94","31-MAR-26","175647.7","153965.9"
"C00894824","PELICAN VALUES PAC","http://docquery.fec.gov/cgi-bin/fecimg/?C00894824","KENNEDY, JOHN NEELY","30892","31-MAR-26","108","31000"
"C00448001","DEMOCRATS UNITED TO CHANGE AND HOPE PAC","http://docquery.fec.gov/cgi-bin/fecimg/?C00448001","RUPPERSBERGER, C. A. DUTCH","20112.2","31-MAR-26","23619.5","5318"
"C00562330","MAKING A REAL CHANGE PAC","http://docquery.fec.gov/cgi-bin/fecimg/?C00562330","VEASEY, MARC ALLISON MR.","36100.49","31-MAR-26","114104.8","81393"
"C00663609","PROGRESSIVE MAJORITY PAC","http://docquery.fec.gov/cgi-bin/fecimg/?C00663609","AGUILAR, PETE","145499.8","31-MAR-26","530647","562574.1"
"C00525030","TOGETHER EVERYONE REALIZES REAL IMPACT","http://docquery.fec.gov/cgi-bin/fecimg/?C00525030","SEWELL, TERRYCINA ANDREA","48544.54","31-MAR-26","154833.7","127000"
"C00500256","WHO DAT PAC","http://docquery.fec.gov/cgi-bin/fecimg/?C00500256","","84919.95","31-MAR-26","49321","0"
"C00834507","BUILDING UP DEMOCRACY'S DREAM","http://docquery.fec.gov/cgi-bin/fecimg/?C00834507","","220627.15","31-MAR-26","674712","813671.6"
"C00870253","DUTY HONOR COUNTRY PAC","http://docquery.fec.gov/cgi-bin/fecimg/?C00870253","SONZA, ORLANDO","","","",""
"C00428052","MAJORITY COMMITTEE PAC--MC PAC","http://docquery.fec.gov/cgi-bin/fecimg/?C00428052","","1353554.72","31-MAR-26","1332061.9","237334.9"
"C00894220","SUA SPONTE PAC","http://docquery.fec.gov/cgi-bin/fecimg/?C00894220","TRAN, DEREK","20372.25","31-MAR-26","26227.8","44100"
"C00576090","EVERGREEN PAC","http://docquery.fec.gov/cgi-bin/fecimg/?C00576090","DELBENE, SUZAN","0","15-APR-25","64529.2","43499.1"
"C00893982","POPULAR HOPE & RENEWAL PAC","http://docquery.fec.gov/cgi-bin/fecimg/?C00893982","HERNANDEZ RIVERA, PABLO JOSE","18361.17","31-MAR-26","40817.3","42850"
"C00680132","TRIED-AND-TRUE PAC","http://docquery.fec.gov/cgi-bin/fecimg/?C00680132","PANETTA, JIMMY","105484","31-MAR-26","397048.2","423650.3"
"C00893818","PONDEROSA PAC","http://docquery.fec.gov/cgi-bin/fecimg/?C00893818","AMODEI, MARK EUGENE","14509.53","31-MAR-26","32990.5","47500"
"C00892901","INNOVATION FOR GOOD PAC","http://docquery.fec.gov/cgi-bin/fecimg/?C00892901","LICCARDO, SAM","258400.1","31-MAR-26","372901.1","608801.2"
"C00683508","FOREVER YOUTH ORGANIZATION UTILIZING A NEW GENERATION PAC","http://docquery.fec.gov/cgi-bin/fecimg/?C00683508","","38922.58","31-MAR-26","386821.9","356632.3"
"C00893487","BELLPAC","http://docquery.fec.gov/cgi-bin/fecimg/?C00893487","BELL, WESLEY","19039.5","31-MAR-26","30460.5","39500"
"C00823286","MOUNTAIN THIRD PAC","http://docquery.fec.gov/cgi-bin/fecimg/?C00823286","FRISCH, ADAM","0","20-JAN-26","23302.9","0"
"C00777599","RESILIENCE PAC","http://docquery.fec.gov/cgi-bin/fecimg/?C00777599","","199721.93","31-MAR-26","13712.2","0"
"C00892711","BUILDING A REPUBLIC AMERICA DESERVES","http://docquery.fec.gov/cgi-bin/fecimg/?C00892711","KNOTT, BRAD","24852.81","31-MAR-26","62383.5","81236.3"
"C00820787","B BRIGADE MAJORITY FUND","http://docquery.fec.gov/cgi-bin/fecimg/?C00820787","","1890.71","31-MAR-26","79980.5","70109.1"
"C00769109","HEALTH JOBS JUSTICE","http://docquery.fec.gov/cgi-bin/fecimg/?C00769109","OSSOFF, T.","174257.77","31-MAR-26","678512.8","605861"
"C00891929","WIN THE FUTURE PAC","http://docquery.fec.gov/cgi-bin/fecimg/?C00891929","ANSARI, YASSAMIN","14977.45","31-MAR-26","35592.6","50570"
"C00891861","TOGETHER FORWARD","http://docquery.fec.gov/cgi-bin/fecimg/?C00891861","MCIVER, LAMONICA","18927.6","31-MAR-26","3037.4","21965"
"C00891572","TEAM IMER PAC","http://docquery.fec.gov/cgi-bin/fecimg/?C00891572","","1.25","31-MAR-26","4780.5","4393.7"
"C00425470","DEMOCRATS WIN SEATS (DWS PAC)","http://docquery.fec.gov/cgi-bin/fecimg/?C00425470","WASSERMAN SCHULTZ, DEBBIE","26273.13","31-MAR-26","298074.1","320332"
"C00498931","COMMONWEALTH PAC","http://docquery.fec.gov/cgi-bin/fecimg/?C00498931","","0","22-OCT-25","43830.4","32594.7"
"C00695874","GETTING REPUBLICANS ELECTED FOR GENERATIONS PAC","http://docquery.fec.gov/cgi-bin/fecimg/?C00695874","","99318.77","31-MAR-26","56767.1","39617.1"
"C00825463","FLORIDA FREEDOM ACTION","http://docquery.fec.gov/cgi-bin/fecimg/?C00825463","","1176.98","31-MAR-26","5937.2","7029.7"
"C00864744","MEANINGFUL ACTION TOWARDS TOMORROW  PAC","http://docquery.fec.gov/cgi-bin/fecimg/?C00864744","GUNDERSON, MATT","0","30-NOV-25","2057.6","0"
"C00744532","SUPPORT TAXFIGHTERS & ELECT EFFECTIVE LEADERS PAC","http://docquery.fec.gov/cgi-bin/fecimg/?C00744532","","9143.14","31-MAR-26","112460","0"
"C00882043","URBAN PROGRESS LEADERSHIP PAC","http://docquery.fec.gov/cgi-bin/fecimg/?C00882043","DAVIS, DANNY","2037.67","31-MAR-26","8362.3","10992.2"
"C00869826","MTG FOR GEORGIA LEADERSHIP COMMITTEE","http://docquery.fec.gov/cgi-bin/fecimg/?C00869826","GREENE, MARJORIE TAYLOR","0","31-MAR-26","27376.6","8392.7"
"C00880724","CONSERVATIVE SERVICE ACTION RESULTS (CSAR) PAC","http://docquery.fec.gov/cgi-bin/fecimg/?C00880724","DOWNING, TROY","195.68","31-MAR-26","73455.5","63978.9"
"C00807909","STOP COLLECTIVISM OR TOTALITARIANISM TRIUMPHS PAC","http://docquery.fec.gov/cgi-bin/fecimg/?C00807909","","0","14-JAN-25","0","0"
"C00764886","LASTING INVESTMENTS STRENGTHENING AMERICA PAC","http://docquery.fec.gov/cgi-bin/fecimg/?C00764886","MCCLAIN, LISA","142034.29","31-MAR-26","498522.9","615639.9"
"C00825398","MISSOURI TRUTH PAC","http://docquery.fec.gov/cgi-bin/fecimg/?C00825398","ALFORD, MARK","9788.03","31-MAR-26","75390.6","73960.6"
"C00822478","SECURING A KINDER DEMOCRACY PAC","http://docquery.fec.gov/cgi-bin/fecimg/?C00822478","KAMLAGER-DOVE, SYDNEY","14497.79","31-MAR-26","19330.1","31750"
"C00805671","FAITH IN AMERICA PAC","http://docquery.fec.gov/cgi-bin/fecimg/?C00805671","","4410.41","31-MAR-26","14485.4","16018"
"C00426965","LIVABLE COMMUNITIES PAC","http://docquery.fec.gov/cgi-bin/fecimg/?C00426965","GRIJALVA, REP. RAUL M","899.86","31-MAR-26","7883.8","1015"
"C00570945","E-PAC","http://docquery.fec.gov/cgi-bin/fecimg/?C00570945","","627984.83","31-MAR-26","973331.4","1155752"
"C00764134","FREE MARKET FUND","http://docquery.fec.gov/cgi-bin/fecimg/?C00764134","SPARTZ, VICTORIA","9904.43","31-MAR-26","30220.8","39718.7"
"C00769695","FREEDOM FORCE PAC","http://docquery.fec.gov/cgi-bin/fecimg/?C00769695","SALAZAR, MARIA ELVIRA","13293.84","31-MAR-26","88008.8","84302.6"
"C00889543","OVER THE TARGET PAC","http://docquery.fec.gov/cgi-bin/fecimg/?C00889543","DESPAIN, MONIQUE","0","30-JUN-25","36.8","0"
"C00635367","TENACIOUS PAC","http://docquery.fec.gov/cgi-bin/fecimg/?C00635367","","82443.01","31-MAR-26","189547.7","247278.6"
"C00882134","THIN BLUE LINE PAC","http://docquery.fec.gov/cgi-bin/fecimg/?C00882134","EVANS, TIMOTHY GABRIEL","34315.22","31-MAR-26","71300.9","99868.9"
"C00850917","BASED PAC","http://docquery.fec.gov/cgi-bin/fecimg/?C00850917","","0","28-APR-25","0","0"
"C00889337","COMMANDER PAC","http://docquery.fec.gov/cgi-bin/fecimg/?C00889337","","5757.48","31-MAR-26","8592","14100"
"C00889311","FIGHTING FIRST PAC","http://docquery.fec.gov/cgi-bin/fecimg/?C00889311","BUCKHOUT, LAURIE","","","",""
"C00603134","VISIONARY PAC","http://docquery.fec.gov/cgi-bin/fecimg/?C00603134","KELLY, ROBIN","20545.78","31-MAR-26","111788.8","80500"
"C00765198","LEADING PEOPLE FORWARD PAC","http://docquery.fec.gov/cgi-bin/fecimg/?C00765198","FLETCHER, ELIZABETH","156863.37","31-MAR-26","42258.7","126500"
"C00760694","SCONNIE PAC","http://docquery.fec.gov/cgi-bin/fecimg/?C00760694","FITZGERALD, SCOTT","4503.9","31-MAR-26","71543.2","59777.3"
"C00551168","PUGET PAC","http://docquery.fec.gov/cgi-bin/fecimg/?C00551168","LARSEN, RICK","80992.19","31-MAR-26","205765.5","252500"
"C00433680","TREASURE STATE PAC","http://docquery.fec.gov/cgi-bin/fecimg/?C00433680","TESTER, R. JON","37264.66","31-MAR-26","54321.2","2962.2"
"C00569871","DOING RIGHT - RESULTS ACTION UNITY LEADERSHIP PAC","http://docquery.fec.gov/cgi-bin/fecimg/?C00569871","RUIZ, RAUL","31838.55","31-MAR-26","696560.9","690000"
"C00887588","DEMOCRATS VOTE","http://docquery.fec.gov/cgi-bin/fecimg/?C00887588","","75361.6","31-MAR-26","1702873","1543985.8"
"C00882332","RIGHT TRACK USA PAC","http://docquery.fec.gov/cgi-bin/fecimg/?C00882332","FEDORCHAK, JULIE","11595","31-MAR-26","47944","58000"
"C00885731","STAND TALL FOR KANSAS PAC","http://docquery.fec.gov/cgi-bin/fecimg/?C00885731","SCHMIDT, DEREK","2609.19","31-MAR-26","39306.2","37838.9"
"C00886879","10000 LAKES PAC","http://docquery.fec.gov/cgi-bin/fecimg/?C00886879","MORRISON, KELLY LOUISE","6147","31-MAR-26","65544.1","68000"
"C00688846","INSPIRING LEADERSHIP HAS A NAME PAC","http://docquery.fec.gov/cgi-bin/fecimg/?C00688846","OMAR, ILHAN","64531.35","31-MAR-26","90984.6","80127.1"
"C00867192","MOVE US FORWARD PAC","http://docquery.fec.gov/cgi-bin/fecimg/?C00867192","EVANS, JERRY","","","",""
"C00853358","NEPA NEXT PAC","http://docquery.fec.gov/cgi-bin/fecimg/?C00853358","BRESNAHAN, ROB","24336.03","31-MAR-26","135031.3","140949.7"
"C00831503","FOUNDATIONS BASED ON INTEGRITY POLITICAL ACTION COMMITTEE (FBIPAC)","http://docquery.fec.gov/cgi-bin/fecimg/?C00831503","","9444.5","31-MAR-26","888.4","5470.8"
"C00886309","HEALING AMERICA PAC","http://docquery.fec.gov/cgi-bin/fecimg/?C00886309","REDDY, PRASANTH DR.","","","",""
"C00381806","PROGRESSIVE CHOICES PAC","http://docquery.fec.gov/cgi-bin/fecimg/?C00381806","SCHAKOWSKY, JANICE D","30351.41","31-MAR-26","54782.6","54573"
"C00885921","NC2DC LEADERSHIP PAC","http://docquery.fec.gov/cgi-bin/fecimg/?C00885921","MOORE, TIM","48488.46","31-MAR-26","16911.2","65000"
"C00840918","FARM TO TABLE PAC","http://docquery.fec.gov/cgi-bin/fecimg/?C00840918","PINGREE, CHELLIE","7110.56","31-MAR-26","26989.8","10000"
"C00876821","NLD PAC","http://docquery.fec.gov/cgi-bin/fecimg/?C00876821","DOMENICI, NELLA","3295.47","31-MAR-26","14574.2","482"
"C00747642","SCIENCE TRUTH AND EXPERTISE MATTER PAC","http://docquery.fec.gov/cgi-bin/fecimg/?C00747642","CASTEN, SEAN","53472.3","31-MAR-26","22207.9","61257.7"
"C00655423","BRIDGE THE GAP PAC","http://docquery.fec.gov/cgi-bin/fecimg/?C00655423","SCHNEIDER, BRADLEY","88604.77","31-MAR-26","223950.9","266130"
"C00416743","VICTORY NOW PAC","http://docquery.fec.gov/cgi-bin/fecimg/?C00416743","VAN HOLLEN, CHRIS","227148.5","31-MAR-26","244656","212607.9"
"C00882837","RESTORE INTEGRITY COMMITTEE PAC","http://docquery.fec.gov/cgi-bin/fecimg/?C00882837","BELNOME, JOSEPH","","","",""
"C00877506","SPACE COAST LEADERSHIP PAC","http://docquery.fec.gov/cgi-bin/fecimg/?C00877506","","6045.51","31-MAR-26","105700.1","104132.5"
"C00563247","PROTECTING AMERICA UNDER LAW POLITICAL ACTION COMMITTEE","http://docquery.fec.gov/cgi-bin/fecimg/?C00563247","GOSAR, PAUL","10789.43","31-MAR-26","3045","5000"
"C00747477","SENSIBLE AMERICAN SOLUTIONS SUPPORTING EVERYONE STATE PAC","http://docquery.fec.gov/cgi-bin/fecimg/?C00747477","","5488.98","31-MAR-26","0","0"
"C00883983","DARK HORSE PAC","http://docquery.fec.gov/cgi-bin/fecimg/?C00883983","","0","15-APR-25","3696.4","0"
"C00874560","DUTY HONOR VICTORY PAC","http://docquery.fec.gov/cgi-bin/fecimg/?C00874560","HARRIGAN, PAT","33908.43","31-MAR-26","48192.8","70661.1"
"C00729616","CITY ON A HILL PAC","http://docquery.fec.gov/cgi-bin/fecimg/?C00729616","","2187.99","31-MAR-26","27182.5","29075.9"
"C00452763","NEW SOUTH LEADERSHIP PAC","http://docquery.fec.gov/cgi-bin/fecimg/?C00452763","","129338.74","31-MAR-26","45555.3","1745.8"
"C00858076","FIXING THINGS","http://docquery.fec.gov/cgi-bin/fecimg/?C00858076","LINDERMAN, HANK","2263.75","31-MAR-26","12724.3","5000"
"C00764472","GADS PAC","http://docquery.fec.gov/cgi-bin/fecimg/?C00764472","DEVOLDER-SANTOS, GEORGE ANTHONY","","","",""
"C00882449","HOUSE CALL PAC","http://docquery.fec.gov/cgi-bin/fecimg/?C00882449","DEXTER, MAXINE","9514.52","31-MAR-26","24125.7","27600"
"C00545079","BELIEF IN LIFE AND LIBERTY POLITICAL ACTION COMMITTEE (BILL'S PAC)","http://docquery.fec.gov/cgi-bin/fecimg/?C00545079","","697811.59","31-MAR-26","168735.5","28520.4"
"C00528075","FIRST CAPITAL PAC","http://docquery.fec.gov/cgi-bin/fecimg/?C00528075","PERRY, SCOTT","13702.98","31-MAR-26","42572","37500"
"C00881979","STAND WITH AMERICA'S TEAM (SWAT) PAC","http://docquery.fec.gov/cgi-bin/fecimg/?C00881979","ESPOSITO, ALISON","1199.7","31-MAR-26","0","0"
"C00880674","INDIANAENGRPAC","http://docquery.fec.gov/cgi-bin/fecimg/?C00880674","MESSMER, MARK MR.","26119.3","31-MAR-26","52321","54228"
"C00685552","MEDICARE FOR ALL","http://docquery.fec.gov/cgi-bin/fecimg/?C00685552","JAYAPAL, PRAMILA","3002434.21","31-MAR-26","3523067.7","4037402"
"C00881623","STRENGTH AND HONOR PAC","http://docquery.fec.gov/cgi-bin/fecimg/?C00881623","ANDERSON, DERRICK","0","08-AUG-25","19145.4","0"
"C00826362","WINNING FOR AMERICA PAC","http://docquery.fec.gov/cgi-bin/fecimg/?C00826362","","316089.19","31-MAR-26","1018932.4","1243633.2"
"C00836064","CATAPULT PAC","http://docquery.fec.gov/cgi-bin/fecimg/?C00836064","SESSLER, JERROD","6700","31-MAR-26","0","5000"
"C00685115","GROWING OUR OWN DYNAMIC ECONOMY NOW","http://docquery.fec.gov/cgi-bin/fecimg/?C00685115","","3003.61","31-MAR-26","268908.8","263923.1"
"C00881490","FOR OUR NATION'S GREATNESS, RESILIENCE, EXCELLENCE, STRENGTH, AND SECURITY (FONGRESS) PAC","http://docquery.fec.gov/cgi-bin/fecimg/?C00881490","","4757.04","31-MAR-26","61067.9","60159.1"
"C00768887","PAC FOR GOOD","http://docquery.fec.gov/cgi-bin/fecimg/?C00768887","","33613.11","31-MAR-26","186642.4","164000"
"C00641142","AMERICANS FOR LEGISLATING EXCELLENCE PAC","http://docquery.fec.gov/cgi-bin/fecimg/?C00641142","MOONEY, ALEXANDER XAVIER","23493.34","31-MAR-26","25759.3","37189.5"
"C00363317","MANHATTAN POLITICAL ACTION COMMITTEE (MANHATTAN PAC)","http://docquery.fec.gov/cgi-bin/fecimg/?C00363317","NADLER, JERROLD","35172.69","31-MAR-26","5508.4","12.3"
"C00769125","DREAM BIG PAC","http://docquery.fec.gov/cgi-bin/fecimg/?C00769125","OWENS, BURGESS","7684.76","31-MAR-26","54746.1","52403.3"
"C00570861","R SENATE PAC","http://docquery.fec.gov/cgi-bin/fecimg/?C00570861","CORNYN, JOHN","175722.76","31-MAR-26","10078.4","64987.5"
"C00875914","THE GRANITE STATE PAC","http://docquery.fec.gov/cgi-bin/fecimg/?C00875914","HAMLEN, WILLIAM P","0","25-JUN-25","7820.8","0"
"C00827394","BLESSING OF LIBERTY","http://docquery.fec.gov/cgi-bin/fecimg/?C00827394","BRECHEEN, JOSH","4945.41","31-MAR-26","4139","9002.5"
"C00540146","FIRST IN FREEDOM PAC","http://docquery.fec.gov/cgi-bin/fecimg/?C00540146","","509999.88","31-MAR-26","477413.9","686142.7"
"C00708636","HOULAPAC","http://docquery.fec.gov/cgi-bin/fecimg/?C00708636","HOULAHAN, CHRISSY","26637.13","31-MAR-26","76135.3","72500"
"C00409276","MAKING A RESPONSIBLE STAND FOR HOUSEHOLDS IN AMERICA PAC","http://docquery.fec.gov/cgi-bin/fecimg/?C00409276","BLACKBURN, MARSHA","107661.55","31-MAR-26","916574.3","683054.6"
"C00489112","JUSTICE EQUALITY FREEDOM FOREVER PAC","http://docquery.fec.gov/cgi-bin/fecimg/?C00489112","","37623.2","31-MAR-26","41045.4","0"
"C00879288","NICE PAC","http://docquery.fec.gov/cgi-bin/fecimg/?C00879288","GUTHRIE, S. BRETT","56723","31-MAR-26","560","42500"
"C00538835","COMMON GROUND PAC","http://docquery.fec.gov/cgi-bin/fecimg/?C00538835","KAINE, TIMOTHY","472272.35","31-MAR-26","1362058.1","1794813.8"
"C00878900","CARING ABOUT COMMON SENSE","http://docquery.fec.gov/cgi-bin/fecimg/?C00878900","CARRIS, JIM","17358.22","31-MAR-26","22120","0"
"C00743641","BLUE SENATE PAC","http://docquery.fec.gov/cgi-bin/fecimg/?C00743641","MERKLEY, JEFFREY","46951.62","31-MAR-26","358651.9","159325.7"
"C00830109","SECURE AMERICA PAC","http://docquery.fec.gov/cgi-bin/fecimg/?C00830109","SPALDING, CARLA A","1832.61","31-MAR-26","267.4","2000"
"C00877621","MAINTAINING AMERICAN COMPETITIVENESS PAC","http://docquery.fec.gov/cgi-bin/fecimg/?C00877621","MACKENZIE, RYAN EDWARD","3282.55","31-MAR-26","88560.5","89343"
"C00566562","BACKPAC","http://docquery.fec.gov/cgi-bin/fecimg/?C00566562","BEYER, DONALD","74893.9","31-MAR-26","109829.9","147783"
"C00872481","PEACH STATE PAC","http://docquery.fec.gov/cgi-bin/fecimg/?C00872481","JACK, BRIAN","76381.93","31-MAR-26","78030.2","122047.8"
"C00412288","BILL PAC","http://docquery.fec.gov/cgi-bin/fecimg/?C00412288","","499749.59","31-MAR-26","39478.8","61083.2"
"C00483487","BRINGING REPUBLICAN EXCELLENCE TO TOWN PAC","http://docquery.fec.gov/cgi-bin/fecimg/?C00483487","GUTHRIE, S. BRETT","269364.22","31-MAR-26","522347.9","645025.6"
"C00493924","REINVENTING A NEW DIRECTION POLITICAL ACTION COMMITTEE","http://docquery.fec.gov/cgi-bin/fecimg/?C00493924","","144011.56","31-MAR-26","123403.4","217423.4"
"C00364174","TOGETHER FOR OUR MAJORITY POLITICAL ACTION COMMITTEE","http://docquery.fec.gov/cgi-bin/fecimg/?C00364174","","430500.29","31-MAR-26","35270.7","0"
"C00431478","GIVING WILLINGLY EMPOWERING NATIONALLY PAC","http://docquery.fec.gov/cgi-bin/fecimg/?C00431478","MOORE, GWEN","13971.33","31-MAR-26","260017","266778.5"
"C00819854","EL SUENO AMERICANO","http://docquery.fec.gov/cgi-bin/fecimg/?C00819854","FLORES, MAYRA NOHEMI","0","23-MAR-26","112395.1","112356.1"
"C00531517","GIVING US SECURITY POLITICAL ACTION COMMITTEE","http://docquery.fec.gov/cgi-bin/fecimg/?C00531517","BILIRAKIS, GUS","24838.94","31-MAR-26","84587.6","59671.2"
"C00431403","VOTE TO ELECT REPUBLICANS NOW PAC","http://docquery.fec.gov/cgi-bin/fecimg/?C00431403","","4303.65","31-MAR-26","156402.8","129297.2"
"C00508010","PROGRESSIVES ADVANCING UNITED LEADERSHIP PAC","http://docquery.fec.gov/cgi-bin/fecimg/?C00508010","TONKO, PAUL","101812.72","31-MAR-26","473.6","12500"
"C00647420","BOLD ACTIVE CONSERVATIVES OF NEBRASKA PAC","http://docquery.fec.gov/cgi-bin/fecimg/?C00647420","BACON, DONALD","2213.73","31-MAR-26","101821.8","93333.3"
"C00749481","RAPTOR PAC","http://docquery.fec.gov/cgi-bin/fecimg/?C00749481","","191938.9","31-MAR-26","802481.1","837506.6"
"C00876284","DON'T MESS WITH TEXAS PAC","http://docquery.fec.gov/cgi-bin/fecimg/?C00876284","JOHNSON, JULIE","3305.31","31-MAR-26","55646","54940.8"
"C00498360","TRUTH IS MARKETS WORK FUND","http://docquery.fec.gov/cgi-bin/fecimg/?C00498360","WALBERG, TIMOTHY L REP","48037.49","31-MAR-26","72962.9","96216.1"
"C00758862","GETTING RESULTS BY ENGAGING THE GRASSROOTS PAC","http://docquery.fec.gov/cgi-bin/fecimg/?C00758862","STANTON, GREG","35444.2","31-MAR-26","36371","50250"
"C00392738","HOOPS PAC","http://docquery.fec.gov/cgi-bin/fecimg/?C00392738","WYDEN, RON","122015.45","31-MAR-26","563516.5","551678.6"
"C00875732","ONE COUNTRY, ONE DESTINY PAC","http://docquery.fec.gov/cgi-bin/fecimg/?C00875732","COUGHLIN, KEVIN","0","20-MAR-26","19548.5","19539.6"
"C00875823","THE ONE AMERICA PAC","http://docquery.fec.gov/cgi-bin/fecimg/?C00875823","LINCOLN, KEVIN","3272.53","31-MAR-26","-2525","0"
"C00635219","DELIVERING AMERICAN VALUES IN DC PAC","http://docquery.fec.gov/cgi-bin/fecimg/?C00635219","KUSTOFF, DAVID","69717.49","31-MAR-26","117270.7","111000"
"C00741371","ROOTED IN COMMUNITY LEADERSHIP PAC","http://docquery.fec.gov/cgi-bin/fecimg/?C00741371","TLAIB, RASHIDA","34791.54","31-MAR-26","241170.9","149740.1"
"C00617803","JOBS, EDUCATION, & FAMILIES FIRST  JEFF PAC","http://docquery.fec.gov/cgi-bin/fecimg/?C00617803","JEFFRIES, HAKEEM","894939.61","31-MAR-26","1199034.4","1198573.5"
"C00692590","SUNSHINE ORGANIZATION FOR TREMENDOUS OPPORTUNITIES PAC","http://docquery.fec.gov/cgi-bin/fecimg/?C00692590","SOTO, DARREN","9982.61","31-MAR-26","80193.9","82500"
"C00571216","DEFENDING AMERICAN VALUES EVERYWHERE PAC","http://docquery.fec.gov/cgi-bin/fecimg/?C00571216","JOYCE, DAVID P.","258553.35","31-MAR-26","77241.1","138500"
"C00875047","RESTORING OUR FREEDOM PAC","http://docquery.fec.gov/cgi-bin/fecimg/?C00875047","TAYLOR, DAVID","7828.96","31-MAR-26","21668","28500"
"C00874792","RESTORE COMMON SENSE PAC","http://docquery.fec.gov/cgi-bin/fecimg/?C00874792","LIPETRI, MIKE","30.57","31-MAR-26","750","0"
"C00742346","GET AMERICA RIGHT: COMMUNITY IN ACTION","http://docquery.fec.gov/cgi-bin/fecimg/?C00742346","","52368.17","31-MAR-26","19460","0"
"C00823351","REPUBLICANS UNITED TO DEFEND YOU PAC","http://docquery.fec.gov/cgi-bin/fecimg/?C00823351","YAKYM, RUDY","32066.36","31-MAR-26","300849.5","287517.2"
"C00565630","MAINTAINING ALL REPUBLICANS IN OFFICE PAC","http://docquery.fec.gov/cgi-bin/fecimg/?C00565630","DIAZ-BALART, MARIO","75940.09","31-MAR-26","105621.2","144150"
"C00497594","DEFENDING AMERICA'S VALUES EVERYWHERE PAC","http://docquery.fec.gov/cgi-bin/fecimg/?C00497594","","3355.68","31-MAR-26","77499.7","22500"
"C00376038","HELP AMERICA'S LEADERS POLITICAL ACTION COMMITTEE","http://docquery.fec.gov/cgi-bin/fecimg/?C00376038","ROGERS, HAROLD","34409.54","31-MAR-26","126806.7","75745.5"
"C00649525","RESTORING OUR NATION PAC","http://docquery.fec.gov/cgi-bin/fecimg/?C00649525","","65693.1","31-MAR-26","213237.5","234912"
"C00438291","DENALI LEADERSHIP PAC","http://docquery.fec.gov/cgi-bin/fecimg/?C00438291","MURKOWSKI, LISA","752852.56","31-MAR-26","472467.3","481489.6"
"C00235655","BLUEGRASS COMMITTEE","http://docquery.fec.gov/cgi-bin/fecimg/?C00235655","","38636.99","31-MAR-26","373685.3","241458.2"
"C00784694","TKJ PAC","http://docquery.fec.gov/cgi-bin/fecimg/?C00784694","KEAN, THOMAS H. JR.","14579.17","31-MAR-26","100595.7","111695"
"C00344648","RELY ON YOUR BELIEFS FUND","http://docquery.fec.gov/cgi-bin/fecimg/?C00344648","BLUNT, ROY","820909.97","31-MAR-26","74292.2","30681.3"
"C00365270","M-PAC","http://docquery.fec.gov/cgi-bin/fecimg/?C00365270","","181884.88","31-MAR-26","627567.8","655740"
"C00633164","BUILDING INNOVATIVE GOOD GOVERNMENT SOLUTIONS PAC","http://docquery.fec.gov/cgi-bin/fecimg/?C00633164","","31650.41","31-MAR-26","1536.8","31865.2"
"C00844266","BUILDING A COMPETITIVE KEYSTONE STATE (BACKS) PAC","http://docquery.fec.gov/cgi-bin/fecimg/?C00844266","MONTERO, MARIA","2687.74","31-MAR-26","9.4","0"
"C00871178","GRACE PAC","http://docquery.fec.gov/cgi-bin/fecimg/?C00871178","NAPOLITANO, GRACE","","","",""
"C00721233","BEAT THE ODDS PAC","http://docquery.fec.gov/cgi-bin/fecimg/?C00721233","LEE, SUSIE","25175.42","31-MAR-26","146311.4","155850.7"
"C00807412","HELLFIRE PAC","http://docquery.fec.gov/cgi-bin/fecimg/?C00807412","HUNT, WESLEY","33912.7","31-MAR-26","2599317.6","1845677.4"
"C00589994","BUILDING RENEWAL IN AMERICA NOW PAC","http://docquery.fec.gov/cgi-bin/fecimg/?C00589994","BABIN, BRIAN","24116.33","31-MAR-26","86226.9","105780.3"
"C00769216","THE GOOD TROUBLE PAC","http://docquery.fec.gov/cgi-bin/fecimg/?C00769216","WILLIAMS, NIKEMA","14437.41","31-MAR-26","44771.8","32975"
"C00540989","COMMUNITY PAC","http://docquery.fec.gov/cgi-bin/fecimg/?C00540989","JOHNSON, HENRY C. 'HANK'","12676.61","31-MAR-26","10752.2","16000"
"C00599092","WOLF PACK","http://docquery.fec.gov/cgi-bin/fecimg/?C00599092","","240928.92","31-MAR-26","47162.3","100940"
"C00786392","BEYOND THOUGHTS AND PRAYERS PAC","http://docquery.fec.gov/cgi-bin/fecimg/?C00786392","AUCHINCLOSS, JAKE","37889.94","31-MAR-26","187310.5","223720"
"C00737270","LIBERTAD","http://docquery.fec.gov/cgi-bin/fecimg/?C00737270","","52182.14","31-MAR-26","28388.7","78777"
"C00647206","ONE GENERATION","http://docquery.fec.gov/cgi-bin/fecimg/?C00647206","","0","30-JAN-26","282553.5","5881.1"
"C00867986","REGION LEADERSHIP PAC","http://docquery.fec.gov/cgi-bin/fecimg/?C00867986","MRVAN, FRANK","46483.56","31-MAR-26","23258","55514.4"
"C00826685","A LOVE SUPREME PAC","http://docquery.fec.gov/cgi-bin/fecimg/?C00826685","FROST, MAXWELL","9806.83","31-MAR-26","11282.9","21010"
"C00607721","LAND OF OPPORTUNITY PAC","http://docquery.fec.gov/cgi-bin/fecimg/?C00607721","","89218.16","31-MAR-26","216071.4","255680.1"
"C00526715","GREATER TOMORROW POLITICAL ACTION COMMITTEE","http://docquery.fec.gov/cgi-bin/fecimg/?C00526715","","12831.28","31-MAR-26","149023.8","133156.9"
"C00525212","VICTORY AND FREEDOM PAC (VAF PAC)","http://docquery.fec.gov/cgi-bin/fecimg/?C00525212","FOXX, VIRGINIA","24249.37","31-MAR-26","149449.1","113000"
"C00404392","CONSERVATIVE OPPORTUNITY LEADERSHIP AND ENTERPRISE PAC","http://docquery.fec.gov/cgi-bin/fecimg/?C00404392","","518654.64","31-MAR-26","511632.2","767574.7"
"C00411611","SECURE PAC","http://docquery.fec.gov/cgi-bin/fecimg/?C00411611","THOMPSON, BENNIE","572984.67","31-MAR-26","45718.7","73376.6"
"C00764431","406 PAC","http://docquery.fec.gov/cgi-bin/fecimg/?C00764431","ROSENDALE, MATT","0","18-MAR-25","6673.9","0"
"C00492819","CHESAPEAKE FREEDOM PAC","http://docquery.fec.gov/cgi-bin/fecimg/?C00492819","","99348.54","31-MAR-26","44807.5","74574.3"
"C00517235","TURQUOISE PAC","http://docquery.fec.gov/cgi-bin/fecimg/?C00517235","LUJAN, BEN RAY","299453.49","31-MAR-26","453810.5","520178"
"C00846477","SAP PAC","http://docquery.fec.gov/cgi-bin/fecimg/?C00846477","SAPRAICONE, MICHAEL","37906.16","31-MAR-26","41191.5","0"
"C00862581","HIGHER GROUND PAC","http://docquery.fec.gov/cgi-bin/fecimg/?C00862581","IVEY, GLENN","21514","31-MAR-26","18426","22500"
"C00862730","PROUD AMERICAN","http://docquery.fec.gov/cgi-bin/fecimg/?C00862730","BAIRD, JAMES","7500","31-MAR-26","0","7500"
"C00330720","TRUST PAC TEAM REPUBLICANS FOR UTILIZING SENSIBLE TACTICS","http://docquery.fec.gov/cgi-bin/fecimg/?C00330720","","509137.73","31-MAR-26","12268.6","50303.6"
"C00858514","TAKE BACK NJ PAC","http://docquery.fec.gov/cgi-bin/fecimg/?C00858514","GUINCHARD, MARY","","","",""
"C00405050","BRINGING EVERYONE TOGETHER THROUGH ADVOCACY","http://docquery.fec.gov/cgi-bin/fecimg/?C00405050","MCCOLLUM, BETTY","95406.98","31-MAR-26","159068","177633.2"
"C00431874","FOLLOW THE NORTH STAR FUND","http://docquery.fec.gov/cgi-bin/fecimg/?C00431874","KLOBUCHAR, AMY","38882.44","31-MAR-26","448203.7","390964"
"C00856104","KEEP AMERICA RED INDEFINITELY PAC","http://docquery.fec.gov/cgi-bin/fecimg/?C00856104","","19765.87","31-MAR-26","6006.7","23304.2"
"C00377689","PROSPERITY ACTION, INC.","http://docquery.fec.gov/cgi-bin/fecimg/?C00377689","RYAN, PAUL","49262.45","31-MAR-26","53974.9","2785.2"
"C00855585","REAL EFFECTIVE POLITICS FUND","http://docquery.fec.gov/cgi-bin/fecimg/?C00855585","CAMBRIDGE, EBAN","","","",""
"C00855437","MAKE EVERY DAY COUNT","http://docquery.fec.gov/cgi-bin/fecimg/?C00855437","","0","27-FEB-25","20979.7","36.8"
"C00855460","ONWARD PAC","http://docquery.fec.gov/cgi-bin/fecimg/?C00855460","HAMILTON, CAMERON","0","06-FEB-25","239.5","0"
"C00798579","PROGRESSIVE PAC","http://docquery.fec.gov/cgi-bin/fecimg/?C00798579","LIEU, TED","0","18-JUN-25","4556.7","2500"
"C00608463","SALT CITY PAC","http://docquery.fec.gov/cgi-bin/fecimg/?C00608463","","546695.11","31-MAR-26","85389.4","18000"
"C00853622","PROTECTING THE PACIFIC PAC","http://docquery.fec.gov/cgi-bin/fecimg/?C00853622","MOYLAN, JAMES","","","",""
"C00544254","PERIMETER PAC","http://docquery.fec.gov/cgi-bin/fecimg/?C00544254","DUCKWORTH, TAMMY","45881.18","31-MAR-26","598898","595549"
"C00729939","BULLDOG VICTORY PAC","http://docquery.fec.gov/cgi-bin/fecimg/?C00729939","","42388.89","31-MAR-26","2773.7","20500"
"C00850891","GOLD BAR PAC","http://docquery.fec.gov/cgi-bin/fecimg/?C00850891","SERRANO GLASSNER, CHRISTINE","6157.29","31-MAR-26","0","0"
"C00428839","CONSERVATIVE PRINCIPLES PAC","http://docquery.fec.gov/cgi-bin/fecimg/?C00428839","","","","",""
"C00723676","WE BELONG HERE PAC","http://docquery.fec.gov/cgi-bin/fecimg/?C00723676","SYKES, EMILIA","36371.5","31-MAR-26","17679.2","24500"
"C00809574","CENTRAL NEW YORK PAC","http://docquery.fec.gov/cgi-bin/fecimg/?C00809574","","0","31-JAN-25","4823.7","0"
"C00307991","RIPPLE OF HOPE PAC","http://docquery.fec.gov/cgi-bin/fecimg/?C00307991","CICILLINE, DAVID","2450.07","31-MAR-26","15730.9","16295.6"
"C00849935","DEFEND THEM PAC INC.","http://docquery.fec.gov/cgi-bin/fecimg/?C00849935","JOHNSON, PERRY","12109.77","31-MAR-26","0","0"
"C00491654","CITIZENS FOR PROSPERITY IN AMERICA TODAY PAC","http://docquery.fec.gov/cgi-bin/fecimg/?C00491654","","1095636.03","31-MAR-26","205523.3","160144.7"
"C00771188","PROPELLING AMERICA INTO TOMORROW","http://docquery.fec.gov/cgi-bin/fecimg/?C00771188","","7039.51","31-MAR-26","0","0"
"C00822486","RE-COOP ARIZONA PAC","http://docquery.fec.gov/cgi-bin/fecimg/?C00822486","COOPER, KELLY","","","",""
"C00680405","DEFEND & UPHOLD OUR NATION NOW","http://docquery.fec.gov/cgi-bin/fecimg/?C00680405","","18931.78","31-MAR-26","54210","47313.6"
"C00848556","MCKENZIE RIVER PAC","http://docquery.fec.gov/cgi-bin/fecimg/?C00848556","HOYLE, VALERIE","43140.16","31-MAR-26","74105.3","110000"
"C00848523","COLOR OF CONSERVATISM","http://docquery.fec.gov/cgi-bin/fecimg/?C00848523","HEMPHILL, JAMES","","","",""
"C00344788","ALL AMERICA PAC","http://docquery.fec.gov/cgi-bin/fecimg/?C00344788","BAYH, EVAN","654135.21","31-MAR-26","23427","91362.6"
"C00625558","MILK RIVER PAC","http://docquery.fec.gov/cgi-bin/fecimg/?C00625558","CLARKE, YVETTE","7171.78","31-MAR-26","154747.5","142674.6"
"C00543207","BADLANDS PAC","http://docquery.fec.gov/cgi-bin/fecimg/?C00543207","","96309.43","31-MAR-26","232928.1","276500"
"C00691915","PRAYERIE PAC","http://docquery.fec.gov/cgi-bin/fecimg/?C00691915","CRAMER, KEVIN","15397.61","31-MAR-26","27754.3","28500"
"C00390161","EUREKA POLITICAL ACTION COMMITTEE","http://docquery.fec.gov/cgi-bin/fecimg/?C00390161","","153351.32","31-MAR-26","466279.8","599419.5"
"C00847095","RESILIENT MAJORITY PAC","http://docquery.fec.gov/cgi-bin/fecimg/?C00847095","MENENDEZ, ROBERT J.","14514.63","31-MAR-26","99991.8","43500"
"C00571430","EFFECTIVE LEADERSHIP ENHANCING COMMUNITIES TODAY - ELECT PAC","http://docquery.fec.gov/cgi-bin/fecimg/?C00571430","","15469.38","31-MAR-26","0","0"
"C00552539","MAKE IT WORK PAC","http://docquery.fec.gov/cgi-bin/fecimg/?C00552539","KING, ANGUS","111283.16","31-MAR-26","167645.2","187000"
"C00492983","NUTMEG PAC","http://docquery.fec.gov/cgi-bin/fecimg/?C00492983","BLUMENTHAL, RICHARD","135346.17","31-MAR-26","481583.8","464236"
"C00338848","HOOSIER PAC","http://docquery.fec.gov/cgi-bin/fecimg/?C00338848","","-7","30-JUN-25","253.2","7"
"C00752790","JOBS AND THE ECONOMY PAC","http://docquery.fec.gov/cgi-bin/fecimg/?C00752790","","3427.66","31-MAR-26","116759.5","100557.1"
"C00809756","AMERICA FOREVER","http://docquery.fec.gov/cgi-bin/fecimg/?C00809756","SUAREZ, FRANCIS X.","","","",""
"C00704247","GATEWAY TO LEADERSHIP PAC","http://docquery.fec.gov/cgi-bin/fecimg/?C00704247","SHERRILL, MIKIE","0","08-DEC-25","119385.7","32500"
"C00827519","TOMORROW IS MEANINGFUL PAC - FEDERAL","http://docquery.fec.gov/cgi-bin/fecimg/?C00827519","SCOTT, TIMOTHY E.","956929.59","31-MAR-26","74372.9","784718.8"
"C00824938","BE AN AMERICAN PAC","http://docquery.fec.gov/cgi-bin/fecimg/?C00824938","BEAN, AARON P.","35173.68","31-MAR-26","73466.5","95154.8"
"C00830919","GRIT & HEART PAC","http://docquery.fec.gov/cgi-bin/fecimg/?C00830919","STANSBURY, MELANIE","8444","31-MAR-26","20810.5","26000"
"C00634774","COMMON SENSE FOR AMERICA PAC","http://docquery.fec.gov/cgi-bin/fecimg/?C00634774","KENNEDY, JOHN NEELY","1236240.37","31-MAR-26","6536491.1","7218144.6"
"C00693895","COME AND TAKE IT POLITICAL ACTION COMMITTEE","http://docquery.fec.gov/cgi-bin/fecimg/?C00693895","","102632.55","31-MAR-26","16444.9","82250.7"
"C00589606","MOVING OUR NATION FORWARD PAC","http://docquery.fec.gov/cgi-bin/fecimg/?C00589606","DESAULNIER, MARK","27239.3","31-MAR-26","7040.9","17145"
"C00431601","OCEANS PAC","http://docquery.fec.gov/cgi-bin/fecimg/?C00431601","WHITEHOUSE, SHELDON","34109.62","31-MAR-26","420805","447289.5"
"C00687525","NEVER SURRENDER PAC","http://docquery.fec.gov/cgi-bin/fecimg/?C00687525","","3290.83","31-MAR-26","41418.5","37593.5"
"C00839373","WE'VE GOT A COUNTRY TO SAVE","http://docquery.fec.gov/cgi-bin/fecimg/?C00839373","","1379.66","31-MAR-26","0","0"
"C00688549","DAKOTA LEADERSHIP PAC","http://docquery.fec.gov/cgi-bin/fecimg/?C00688549","","507998.68","31-MAR-26","20395.1","274962"
"C00467837","EDPAC","http://docquery.fec.gov/cgi-bin/fecimg/?C00467837","","37180.23","31-MAR-26","164843.1","1533.5"
"C00752287","CONSERVATIVE AMERICAN REPUBLICAN LEADERSHIP PAC","http://docquery.fec.gov/cgi-bin/fecimg/?C00752287","","0","17-MAR-25","4983","0"
"C00804153","STRENGTH IN SEVEN PAC","http://docquery.fec.gov/cgi-bin/fecimg/?C00804153","BROWN, SHONTEL","20322.92","31-MAR-26","71942.5","56250"
"C00835579","WORKING EVERY NIGHT AND DAY FOR YOU PAC","http://docquery.fec.gov/cgi-bin/fecimg/?C00835579","DAVIS, WENDY","0","21-APR-25","750","703.2"
"C00818393","DOSE OF REALITY, OPTIMISM AND ZEAL PAC  (DR OZ PAC)","http://docquery.fec.gov/cgi-bin/fecimg/?C00818393","OZ, MEHMET","262354.15","31-MAR-26","362255.3","12866.2"
"C00831214","EVERY VOTE PAC","http://docquery.fec.gov/cgi-bin/fecimg/?C00831214","","126892.25","31-MAR-26","62834.3","187500"
"C00248948","PEOPLE HELPING PEOPLE","http://docquery.fec.gov/cgi-bin/fecimg/?C00248948","WATERS, MAXINE","4985.99","31-MAR-26","55256.6","45013"
"C00692202","COURAGE TO CHANGE","http://docquery.fec.gov/cgi-bin/fecimg/?C00692202","OCASIO-CORTEZ, ALEXANDRIA","311175.56","31-MAR-26","190237.7","250818.6"
"C00672733","BULLDOG PAC","http://docquery.fec.gov/cgi-bin/fecimg/?C00672733","","366884.03","31-MAR-26","177459.3","348338.1"
"C00829663","NOT SO OLD FASHIONED PAC","http://docquery.fec.gov/cgi-bin/fecimg/?C00829663","MCGARVEY, MORGAN","49620.24","31-MAR-26","74470.3","110849.7"
"C00522425","FUTURE FIRST LEADERSHIP PAC","http://docquery.fec.gov/cgi-bin/fecimg/?C00522425","KINZINGER, ADAM","0","31-MAR-26","70234.8","56009.7"
"C00732958","MAKING A DIFFERENCE IN SERVICE TO OUR NATION PAC","http://docquery.fec.gov/cgi-bin/fecimg/?C00732958","CAWTHORN, DAVID MADISON","0","10-MAR-25","2210.7","11114.9"
"C00833954","GOVERNMENT ACCOUNTABILITY PAC","http://docquery.fec.gov/cgi-bin/fecimg/?C00833954","CASTELLI, ROBERT","","","",""
"C00700203","GRANGE PAC","http://docquery.fec.gov/cgi-bin/fecimg/?C00700203","PLASKETT, STACEY","43586.57","31-MAR-26","85333","87418.2"
"C00473116","THREE RIVERS POLITICAL ACTION COMMITTEE","http://docquery.fec.gov/cgi-bin/fecimg/?C00473116","SCHRADER, KURT","5066.83","31-MAR-26","50328.4","498.2"
"C00482703","FREEDOM PAC, INC.","http://docquery.fec.gov/cgi-bin/fecimg/?C00482703","CLYDE, ANDREW","7865.08","31-MAR-26","15000","7500"
"C00693671","WARRIOR DIPLOMAT PAC","http://docquery.fec.gov/cgi-bin/fecimg/?C00693671","","0","31-MAR-25","11760.9","1996.7"
"C00778449","RESTORE AMERICA'S VOICE PAC","http://docquery.fec.gov/cgi-bin/fecimg/?C00778449","MILLS, CORY","10682.72","31-MAR-26","18402.2","15000"
"C00832469","BUILDING A NATIONAL KNOWLEDGEABLE SECURITY PAC","http://docquery.fec.gov/cgi-bin/fecimg/?C00832469","","122153.11","31-MAR-26","1022329.5","1033812.9"
"C00577288","DECIDING CRITICAL RACES PAC (DCR PAC)","http://docquery.fec.gov/cgi-bin/fecimg/?C00577288","ROUZER, DAVID","162917.76","31-MAR-26","126442.1","156750"
"C00692111","VELVET HAMMER PAC","http://docquery.fec.gov/cgi-bin/fecimg/?C00692111","SMITH, TINA","9725.46","31-MAR-26","202401.9","179243"
"C00764795","WE THE PEOPLE LEADERSHIP PAC","http://docquery.fec.gov/cgi-bin/fecimg/?C00764795","BOEBERT, LAUREN","6236.63","31-MAR-26","15748.8","11260.9"
"C00627398","MAKING BOLD INITIATIVES + SOLUTIONS TO HELP AMERICA (M-BISH PAC)","http://docquery.fec.gov/cgi-bin/fecimg/?C00627398","","5695.54","31-MAR-26","0","0"
"C00570101","VIBE PAC (VICTORY BY INVESTING BUILDING EMPOWERING)","http://docquery.fec.gov/cgi-bin/fecimg/?C00570101","CARDENAS, TONY","0","28-APR-25","16865.1","0"
"C00831362","THE MPIRE STRIKES PAC","http://docquery.fec.gov/cgi-bin/fecimg/?C00831362","MOSKOWITZ, JARED","109846.95","31-MAR-26","17047.9","118350"
"C00325357","PIONEER POLITICAL ACTION COMMITTEE","http://docquery.fec.gov/cgi-bin/fecimg/?C00325357","TIBERI, PATRICK","62402.87","31-MAR-26","71500","0"
"C00427401","CONSERVATIVE & REPUBLICAN TOGETHER EQUALS RESULTS PAC","http://docquery.fec.gov/cgi-bin/fecimg/?C00427401","CARTER, JOHN R.","69393.82","31-MAR-26","245443.6","265917.4"
"C00571182","GETTING STUFF DONE PAC (GSD-PAC)","http://docquery.fec.gov/cgi-bin/fecimg/?C00571182","SINEMA, KYRSTEN","0","31-JAN-25","7281.7","0"
"C00829879","ADOS REPUBLICAN","http://docquery.fec.gov/cgi-bin/fecimg/?C00829879","KENNEDY, RONDA","0","31-MAR-26","0","0"
"C00798405","TAKE BACK ARIZONA PAC","http://docquery.fec.gov/cgi-bin/fecimg/?C00798405","MASTERS, BLAKE","0","26-JAN-26","1737.6","0"
"C00546325","TAKING AN INDEPENDENT PERSPECTIVE TOGETHER FOR OUR NATION PAC","http://docquery.fec.gov/cgi-bin/fecimg/?C00546325","","17031.69","31-MAR-26","1500","0"
"C00571802","SENSIBLE AMERICAN SOLUTIONS SUPPORTING EVERYONE PAC","http://docquery.fec.gov/cgi-bin/fecimg/?C00571802","SASSE, BENJAMIN E.","75580.29","31-MAR-26","55456","11466"
"C00826917","POLITIVIST LPAC","http://docquery.fec.gov/cgi-bin/fecimg/?C00826917","BUSH, CORI","0","31-DEC-25","22596","15850"
"C00828426","BLUE RIDGE VICTORY FUND","http://docquery.fec.gov/cgi-bin/fecimg/?C00828426","EDWARDS, CHUCK","10098.19","31-MAR-26","45567.8","51500"
"C00525238","IMPACT COMMITTEE","http://docquery.fec.gov/cgi-bin/fecimg/?C00525238","TURNER, REP MICHAEL R","30190.63","31-MAR-26","50046.8","65668.7"
"C00572271","BUILDING AMERICA'S REPUBLICAN REPRESENTATION PAC","http://docquery.fec.gov/cgi-bin/fecimg/?C00572271","","258805.88","31-MAR-26","977900.2","1069987.7"
"C00816504","ALASKA PAC","http://docquery.fec.gov/cgi-bin/fecimg/?C00816504","","0","04-NOV-25","934.5","0"
"C00821538","FUNDING UNIQUE NEW GENERATIONS YEAH","http://docquery.fec.gov/cgi-bin/fecimg/?C00821538","FUNG, ALLAN","0","15-JAN-26","2826.3","0"
"C00574376","THUNDERBOLT PAC","http://docquery.fec.gov/cgi-bin/fecimg/?C00574376","","0","31-MAR-25","0","0"
"C00821959","ALL AMERICAN PAC","http://docquery.fec.gov/cgi-bin/fecimg/?C00821959","SELF, KEITH","13732.63","31-MAR-26","11994","25000"
"C00390674","FREEDOM FUND","http://docquery.fec.gov/cgi-bin/fecimg/?C00390674","CRAPO, MICHAEL","2237583.44","31-MAR-26","616027.5","1939418.1"
"C00481531","TEXAS REPUBLICANS UNITED POLITICAL ACTION COMMITTEE (TRU PAC)","http://docquery.fec.gov/cgi-bin/fecimg/?C00481531","","9625.07","31-MAR-26","61796.4","22000"
"C00818518","BOG-PAC","http://docquery.fec.gov/cgi-bin/fecimg/?C00818518","BOGNET, JIM","8406.25","31-MAR-26","4136.5","0"
"C00481176","CONCERNED AMERICANS FOR FREEDOM & OPPORTUNITY PAC (CAFO PAC)","http://docquery.fec.gov/cgi-bin/fecimg/?C00481176","SMITH, ADRIAN","258653.56","31-MAR-26","161683.9","234347"
"C00818286","OHIO MATTERS LEADERSHIP PAC","http://docquery.fec.gov/cgi-bin/fecimg/?C00818286","DOLAN, MATT","8469.44","31-MAR-26","112.5","0"
"C00481978","GUTS POLITICAL ACTION COMMITTEE A/K/A TRUE BLUE DEMOCRATS","http://docquery.fec.gov/cgi-bin/fecimg/?C00481978","GRAYSON, ALAN MARK","17522.76","31-MAR-26","5586.7","2754.2"
"C00502096","MICHIGAN'S FUTURE PAC","http://docquery.fec.gov/cgi-bin/fecimg/?C00502096","KILDEE, DANIEL","0","20-JAN-25","278.6","0"
"C00380675","INDIVIDUALS DEDICATED TO ETHICS AND SCIENCE PAC","http://docquery.fec.gov/cgi-bin/fecimg/?C00380675","DEGETTE, DIANA","20142.89","31-MAR-26","32381.5","39100"
"C00365551","KPAC","http://docquery.fec.gov/cgi-bin/fecimg/?C00365551","","13196.67","31-MAR-26","11012.8","1755.2"
"C00813162","NO EASY DAY PAC","http://docquery.fec.gov/cgi-bin/fecimg/?C00813162","","0","13-FEB-26","14357.9","6500"
"C00492082","HOOSIERS FIRST PAC","http://docquery.fec.gov/cgi-bin/fecimg/?C00492082","DONNELLY, JOSEPH","14817.78","31-MAR-26","10000","0"
"C00344333","RESTORE AMERICA PAC INC.","http://docquery.fec.gov/cgi-bin/fecimg/?C00344333","","24.4","31-MAR-26","25","25"
"C00747204","DAM MAN PAC","http://docquery.fec.gov/cgi-bin/fecimg/?C00747204","TIFFANY, TOM","7598.79","31-MAR-26","0","7000"
"C00692640","FIGHTING FOR MISSOURI PAC","http://docquery.fec.gov/cgi-bin/fecimg/?C00692640","HAWLEY, JOSHUA DAVID","53408.64","31-MAR-26","469931.3","122772.4"
"C00811216","OUR FIGHT OUR FUTURE","http://docquery.fec.gov/cgi-bin/fecimg/?C00811216","CASAR, GREG","9459.25","31-MAR-26","34563.3","26000"
"C00689893","GUEST PAC","http://docquery.fec.gov/cgi-bin/fecimg/?C00689893","","24342.02","31-MAR-26","12748.5","27500"
"C00363648","FIRST STATE PAC","http://docquery.fec.gov/cgi-bin/fecimg/?C00363648","CARPER, THOMAS","0","28-MAR-25","20446.5","10"
"C00583153","VALOR PAC","http://docquery.fec.gov/cgi-bin/fecimg/?C00583153","","42237.89","31-MAR-26","230696.6","213901"
"C00805846","LEADING THE PAC","http://docquery.fec.gov/cgi-bin/fecimg/?C00805846","BARNES, MANDELA","0","10-FEB-26","23929.2","1439.1"
"C00662056","BLUE LINE PAC","http://docquery.fec.gov/cgi-bin/fecimg/?C00662056","QUIGLEY, MIKE","5769.13","31-MAR-26","42818.5","35000"
"C00689638","SOUTH JERSEY PAC","http://docquery.fec.gov/cgi-bin/fecimg/?C00689638","","270.77","31-MAR-26","180","0"
"C00801993","VA CONSERVATIVE LEADERSHIP FUND","http://docquery.fec.gov/cgi-bin/fecimg/?C00801993","GOOD, ROBERT G.","5375.16","31-MAR-26","3300","0"
"C00497842","STRATEGY PAC","http://docquery.fec.gov/cgi-bin/fecimg/?C00497842","JOHNSON, RON","44729.16","31-MAR-26","157126.5","126796.1"
"C00687020","STRENGTHENING THE AMERICAN REPUBLIC (STAR) PAC","http://docquery.fec.gov/cgi-bin/fecimg/?C00687020","","10519.14","31-MAR-26","57459","54000"
"C00410308","SHORE PAC","http://docquery.fec.gov/cgi-bin/fecimg/?C00410308","PALLONE, FRANK","368018.31","31-MAR-26","440566.2","517036.6"
"C00793570","KEEP ELECTING NEW TALENT PAC","http://docquery.fec.gov/cgi-bin/fecimg/?C00793570","","0","06-MAY-25","9646.2","3600"
"C00795708","TENNESSEE EAGLE PAC","http://docquery.fec.gov/cgi-bin/fecimg/?C00795708","","34168.87","31-MAR-26","341121.9","259000"
"C00652305","REDEMPTION PAC","http://docquery.fec.gov/cgi-bin/fecimg/?C00652305","","37235.55","31-MAR-26","134565.7","142580.9"
"C00497073","LOBO PAC","http://docquery.fec.gov/cgi-bin/fecimg/?C00497073","HEINRICH, MARTIN","175569.29","31-MAR-26","568372.2","604000"
"C00525717","JUSTICE UNITY SPONTANEITY TRUTH INDEPENDENCE NOMOS POLITICAL ACTION COMMITTEE","http://docquery.fec.gov/cgi-bin/fecimg/?C00525717","AMASH, JUSTIN","1363.21","31-MAR-26","1150.5","2500"
"C00345058","COMMON SENSE COMMON SOLUTIONS POLITICAL ACTION COMMITTEE","http://docquery.fec.gov/cgi-bin/fecimg/?C00345058","GRANGER, KAY","71620.12","31-MAR-26","10320.9","0"
"C00692087","VICTORY AND NATION PAC","http://docquery.fec.gov/cgi-bin/fecimg/?C00692087","","13271.39","31-MAR-26","36315","3300"
"C00754283","PATRIOTS FOR AMERICAN LEADERSHIP","http://docquery.fec.gov/cgi-bin/fecimg/?C00754283","","","","",""
"C00787317","SPIKE PAC","http://docquery.fec.gov/cgi-bin/fecimg/?C00787317","TRAHAN, LORI","25748.17","31-MAR-26","181515.4","191066"
"C00588806","HEALTH PAC","http://docquery.fec.gov/cgi-bin/fecimg/?C00588806","GRAYSON, DENA MD, PHD","0","31-DEC-25","563.4","0"
"C00574723","PROSPERITY OKLAHOMA PAC","http://docquery.fec.gov/cgi-bin/fecimg/?C00574723","","190.87","31-MAR-26","0","0"
"C00628669","1848 PAC","http://docquery.fec.gov/cgi-bin/fecimg/?C00628669","GROTHMAN, GLENN S.","3420.77","31-MAR-26","25405.8","7500"
"C00694471","AMERICAN MOSAIC PAC","http://docquery.fec.gov/cgi-bin/fecimg/?C00694471","UNDERWOOD, LAUREN","74074.85","31-MAR-26","113523.9","182992.2"
"C00639435","ELEPAC","http://docquery.fec.gov/cgi-bin/fecimg/?C00639435","ENGEL, ELIOT","4457.26","31-MAR-26","9505.9","0"
"C00686402","NOOGA PAC","http://docquery.fec.gov/cgi-bin/fecimg/?C00686402","FLEISCHMANN, CHARLES J","38013.96","31-MAR-26","97357.4","110900"
"C00778308","SOUTHERN STATES PAC","http://docquery.fec.gov/cgi-bin/fecimg/?C00778308","KELLY, JOHN","38793.89","31-MAR-26","164629.4","128983.3"
"C00507574","MOTOR CITY PAC","http://docquery.fec.gov/cgi-bin/fecimg/?C00507574","PETERS, GARY","1103378","31-MAR-26","486693.8","235037.7"
"C00487942","REACHING FOR A BRIGHTER AMERICA PAC","http://docquery.fec.gov/cgi-bin/fecimg/?C00487942","","32529.9","31-MAR-26","120635.3","113353.2"
"C00497131","PURPOSE PAC","http://docquery.fec.gov/cgi-bin/fecimg/?C00497131","BOOKER, CORY","588362.94","31-MAR-26","696221.5","551210"
"C00768507","UNITED FOR AMERICA PAC","http://docquery.fec.gov/cgi-bin/fecimg/?C00768507","ELLISON, ALLEN","0","31-MAR-26","0","0"
"C00773234","KANSAS VICTORY PAC","http://docquery.fec.gov/cgi-bin/fecimg/?C00773234","","0","06-FEB-25","6806.6","0"
"C00445379","MAKING AMERICA PROSPEROUS PAC","http://docquery.fec.gov/cgi-bin/fecimg/?C00445379","","0","31-DEC-25","3974.7","0"
"C00773853","GINGER PAC","http://docquery.fec.gov/cgi-bin/fecimg/?C00773853","MEIJER, PETER","1659.58","31-MAR-26","1227.4","0"
"C00460972","BLUE WAVE PROJECT","http://docquery.fec.gov/cgi-bin/fecimg/?C00460972","MERKLEY, JEFFREY","154546.74","31-MAR-26","389969.1","229380.3"
"C00605410","CLIMATE CHAMPIONS PAC","http://docquery.fec.gov/cgi-bin/fecimg/?C00605410","MERKLEY, JEFFREY","0","30-JAN-26","17878.8","13255"
"C00764993","LIBERTY-LIBERTAD PAC","http://docquery.fec.gov/cgi-bin/fecimg/?C00764993","ESPAILLAT, ADRIANO","23264.99","31-MAR-26","11450.5","32500"
"C00588335","BUILDING AND RESTORING AMERICA TOGETHER POLITICAL ACTION COMMITTEE","http://docquery.fec.gov/cgi-bin/fecimg/?C00588335","BRAT, DAVID ALAN MR.","24916.45","31-MAR-26","12515.7","10500"
"C00771527","JOBS FOR A NEW ECONOMY PAC","http://docquery.fec.gov/cgi-bin/fecimg/?C00771527","","42241.82","31-MAR-26","12006.3","0"
"C00768085","NC RED","http://docquery.fec.gov/cgi-bin/fecimg/?C00768085","","25333.98","31-MAR-26","11816.6","12500"
"C00567693","HAWAII PAC","http://docquery.fec.gov/cgi-bin/fecimg/?C00567693","SCHATZ, BRIAN","369098.41","31-MAR-26","591220","879500"
"C00539601","PINEAPPLE PAC","http://docquery.fec.gov/cgi-bin/fecimg/?C00539601","HIRONO, MAZIE","43093.51","31-MAR-26","327568.6","359750"
"C00765727","TAHOMA PAC","http://docquery.fec.gov/cgi-bin/fecimg/?C00765727","STRICKLAND, MARILYN","42667.16","31-MAR-26","87008.7","85000"
"C00764878","REPUBLICAN MAJORITY FUND: STATE AND LOCAL","http://docquery.fec.gov/cgi-bin/fecimg/?C00764878","","1525.48","31-MAR-26","8900.6","10000"
"C00629311","GRANITE VALUES PAC","http://docquery.fec.gov/cgi-bin/fecimg/?C00629311","HASSAN, MARGARET","141499.95","31-MAR-26","626147.7","658416"
"C00413948","ARKANSAS FOR LEADERSHIP POLITICAL ACTION COMMITTEE (ARKPAC)","http://docquery.fec.gov/cgi-bin/fecimg/?C00413948","BOOZMAN, SEN. JOHN","454443.56","31-MAR-26","1028839.5","1236663.8"
"C00761528","OREGON FRONTIER PAC","http://docquery.fec.gov/cgi-bin/fecimg/?C00761528","BENTZ, CLIFF","25338.85","31-MAR-26","24754.9","22500"
"C00611400","NEW ENERGY IN WASHINGTON HOUSE PAC (N.E.W. HOUSE PAC)","http://docquery.fec.gov/cgi-bin/fecimg/?C00611400","","0","31-MAR-26","92623.6","78706.7"
"C00758433","GREAT PLAINS PAC","http://docquery.fec.gov/cgi-bin/fecimg/?C00758433","","39040.86","31-MAR-26","134917.5","135284.8"
"C00760348","MAKING INVESTMENTS TOWARD CONSERVATIVE HEROES PAC","http://docquery.fec.gov/cgi-bin/fecimg/?C00760348","","8414.36","31-MAR-26","43065","5000"
"C00753384","TEXAS RED","http://docquery.fec.gov/cgi-bin/fecimg/?C00753384","JACKSON, RONNY LYNN","48961.74","31-MAR-26","43104.1","80066.7"
"C00376756","SPEAK UP AMERICA POLITICAL ACTION COMMITTEE","http://docquery.fec.gov/cgi-bin/fecimg/?C00376756","","19082.93","31-MAR-26","10643.4","23488.2"
"C00698977","GOLDFINCH PAC","http://docquery.fec.gov/cgi-bin/fecimg/?C00698977","","2446.05","31-MAR-26","23670","15000"
"C00656777","JAM PAC","http://docquery.fec.gov/cgi-bin/fecimg/?C00656777","","22464.2","31-MAR-26","134824.4","143891.2"
"C00706630","POWER OF US PAC","http://docquery.fec.gov/cgi-bin/fecimg/?C00706630","PRESSLEY, AYANNA","144081.43","31-MAR-26","58263","81000"
"C00750539","THE VOLUNTEER PAC","http://docquery.fec.gov/cgi-bin/fecimg/?C00750539","","15802.98","31-MAR-26","26541.7","0"
"C00426494","FOR OUR REPUBLIC'S TRADITIONS FUND AKA FORT FUND","http://docquery.fec.gov/cgi-bin/fecimg/?C00426494","FORTENBERRY, JEFFREY","15623.87","31-MAR-26","0","0"
"C00440032","PROMOTING OUR REPUBLICAN TEAM PAC","http://docquery.fec.gov/cgi-bin/fecimg/?C00440032","","0","03-JAN-25","1470.7","0"
"C00439521","AMERICAN SECURITY PAC","http://docquery.fec.gov/cgi-bin/fecimg/?C00439521","","172103.43","31-MAR-26","319816.1","412429.4"
"C00349233","NEW MILLENNIUM PAC","http://docquery.fec.gov/cgi-bin/fecimg/?C00349233","MENENDEZ, ROBERT","353590.51","31-MAR-26","8933.3","0"
"C00729897","GEM STATE PAC","http://docquery.fec.gov/cgi-bin/fecimg/?C00729897","","5862.1","31-MAR-26","30737","15000"
"C00200865","ROAD TO FREEDOM CAMPAIGN COMMITTEE","http://docquery.fec.gov/cgi-bin/fecimg/?C00200865","","376203.83","31-MAR-26","343167.6","3338.2"
"C00549725","CONSERVATIVE ROUNDTABLE","http://docquery.fec.gov/cgi-bin/fecimg/?C00549725","","0","31-DEC-25","13.3","0"
"C00469429","CMR POLITICAL ACTION COMMITTEE","http://docquery.fec.gov/cgi-bin/fecimg/?C00469429","MCMORRIS RODGERS, CATHY","177462.04","31-MAR-26","363106.6","53832.7"
"C00409623","SYNERGY PAC","http://docquery.fec.gov/cgi-bin/fecimg/?C00409623","LARSON, JOHN","73456.43","31-MAR-26","126114.2","98828.2"
"C00690669","TRANSFORMATIVE CHANGE PAC","http://docquery.fec.gov/cgi-bin/fecimg/?C00690669","","93.8","31-MAR-26","20595","10100"
"C00497305","YOPAC","http://docquery.fec.gov/cgi-bin/fecimg/?C00497305","","133398.25","31-MAR-26","54280.9","15960.9"
"C00680819","BUCKEYE PAC","http://docquery.fec.gov/cgi-bin/fecimg/?C00680819","","679.75","31-MAR-26","24","0"
"C00415208","LONE STAR LEADERSHIP PAC","http://docquery.fec.gov/cgi-bin/fecimg/?C00415208","","18719.97","31-MAR-26","13716.4","3043.2"
"C00729871","PUTTING PEOPLE FIRST PAC","http://docquery.fec.gov/cgi-bin/fecimg/?C00729871","GARCIA, SYLVIA","31602.52","31-MAR-26","952.7","15077"
"C00524322","CITIZENS STRENGTHENING OUR MESSAGE IN THE HOUSE","http://docquery.fec.gov/cgi-bin/fecimg/?C00524322","","12873.65","31-MAR-26","26848.5","22500"
"C00559146","BELIEVE IN LIFE LIBERTY YOURSELF (BILLY PAC)","http://docquery.fec.gov/cgi-bin/fecimg/?C00559146","","0","09-OCT-25","51890.5","0"
"C00721225","DEFENSE DEM PAC","http://docquery.fec.gov/cgi-bin/fecimg/?C00721225","LURIA, ELAINE","42827.26","31-MAR-26","31621.8","68980"
"C00511196","AMERICA NOW","http://docquery.fec.gov/cgi-bin/fecimg/?C00511196","","12310.34","31-MAR-26","25102.4","25000"
"C00701680","HOPE PAC","http://docquery.fec.gov/cgi-bin/fecimg/?C00701680","","146277.54","31-MAR-26","179291.4","239689.7"
"C00547448","MAKING AMERICANS COUNT PAC (MAC PAC)","http://docquery.fec.gov/cgi-bin/fecimg/?C00547448","","0","31-MAR-26","9502.1","70"
"C00579516","LOWCOUNTRY PALMETTO PAC","http://docquery.fec.gov/cgi-bin/fecimg/?C00579516","","92458.84","31-MAR-26","2962.5","39.7"
"C00526301","ATHENA PAC","http://docquery.fec.gov/cgi-bin/fecimg/?C00526301","CASTOR, KATHY","21414.58","31-MAR-26","54878.5","64650"
"C00703173","UPSTATE SC PAC","http://docquery.fec.gov/cgi-bin/fecimg/?C00703173","","13741.42","31-MAR-26","45259.9","47286"
"C00438721","WE THE PEOPLE PAC","http://docquery.fec.gov/cgi-bin/fecimg/?C00438721","","915.14","31-MAR-26","1092.4","1000"
"C00503151","UPPER HAND FUND","http://docquery.fec.gov/cgi-bin/fecimg/?C00503151","HUIZENGA, WILLIAM","55215.09","31-MAR-26","254167.9","263854.4"
"C00540187","INNOVATION POLITICAL ACTION COMMITTEE","http://docquery.fec.gov/cgi-bin/fecimg/?C00540187","","580280.77","31-MAR-26","247488.6","9504.2"
"C00709709","FREEDOM RINGS EVERY DAY PAC","http://docquery.fec.gov/cgi-bin/fecimg/?C00709709","","0","24-JUL-25","1110","0"
"C00564260","CLEAN PAC","http://docquery.fec.gov/cgi-bin/fecimg/?C00564260","","118439.91","31-MAR-26","70175.3","180551"
"C00417295","MASS PAC","http://docquery.fec.gov/cgi-bin/fecimg/?C00417295","CAPUANO, MICHAEL E","1843.88","31-MAR-26","4603.1","0"
"C00571521","FREEDOM 21: FIGHTING FOR FREEDOM IN THE 21ST CENTURY","http://docquery.fec.gov/cgi-bin/fecimg/?C00571521","STEWART, CHRIS","25756.63","31-MAR-26","36441.6","5000"
"C00706812","77 PAC","http://docquery.fec.gov/cgi-bin/fecimg/?C00706812","PINNELL, MATT","0","20-APR-26","123819.9","111900"
"C00479378","CONCERNED CITIZENS COMING TO A CONSENSUS ON CULTURAL AND COMMERCE CHALLENGES","http://docquery.fec.gov/cgi-bin/fecimg/?C00479378","RADEWAGEN, AMATA","1400.54","31-MAR-26","13740.6","19500"
"C00345124","LEADING ORANGE COUNTY PAC","http://docquery.fec.gov/cgi-bin/fecimg/?C00345124","","2941.01","31-MAR-26","0","0"
"C00697698","REPUBLICANS OFFERING SOLUTIONS FOR EVERYONE PAC","http://docquery.fec.gov/cgi-bin/fecimg/?C00697698","ROSE, JOHN","17730.45","31-MAR-26","21884.8","20000"
"C00700120","BE OF GOOD CHEER PAC","http://docquery.fec.gov/cgi-bin/fecimg/?C00700120","HOLLINGSWORTH, TREY","47223.2","31-MAR-26","570","0"
"C00691147","ROUGHRIDER PAC","http://docquery.fec.gov/cgi-bin/fecimg/?C00691147","","0","26-SEP-25","28560.4","0"
"C00697581","GO TIGERS PAC","http://docquery.fec.gov/cgi-bin/fecimg/?C00697581","","241491.37","31-MAR-26","1712.1","36500"
"C00491985","CAJUN POLITICAL ACTION COMMITTEE (CAJUNPAC)","http://docquery.fec.gov/cgi-bin/fecimg/?C00491985","","358.83","31-MAR-26","6000","5000"
"C00432930","FISCAL LEADERSHIP AND KNOWING ECONOMICS PAC","http://docquery.fec.gov/cgi-bin/fecimg/?C00432930","","48201.62","31-MAR-26","28324.6","6.5"
"C00635201","RWA FUND, INC.","http://docquery.fec.gov/cgi-bin/fecimg/?C00635201","","9784.81","31-MAR-26","25593.8","15000"
"C00426809","MADISON PAC; THE","http://docquery.fec.gov/cgi-bin/fecimg/?C00426809","","2501553.76","31-MAR-26","746923.5","1087655.6"
"C00423079","DEMOCRATS RESHAPING AMERICA (DREAMPAC)","http://docquery.fec.gov/cgi-bin/fecimg/?C00423079","SANCHEZ, LINDA","17299.86","31-MAR-26","269890.3","274000"
"C00669929","COMMON GOOD PAC","http://docquery.fec.gov/cgi-bin/fecimg/?C00669929","","227958.49","31-MAR-26","127811.7","255100"
"C00500793","WELLS PAC","http://docquery.fec.gov/cgi-bin/fecimg/?C00500793","","174966.85","31-MAR-26","55664.8","133900"
"C00629832","BUILDING OPPORTUNITIES FOR A STRONGER TOMORROW B.O.S.T. PAC","http://docquery.fec.gov/cgi-bin/fecimg/?C00629832","","5349.72","31-MAR-26","88922","65000"
"C00512855","THE FUND FOR AMERICAN EXCEPTIONALISM","http://docquery.fec.gov/cgi-bin/fecimg/?C00512855","ROKITA, THEODORE","23514.35","31-MAR-26","10257.9","0"
"C00348607","IMPACT","http://docquery.fec.gov/cgi-bin/fecimg/?C00348607","SCHUMER, CHARLES","185847.74","31-MAR-26","942810.2","901108"
"C00678912","HEALTH PSYCHOLOGY LEADERSHIP POLITICAL ACTION COMMITTEE (PSY PAC)","http://docquery.fec.gov/cgi-bin/fecimg/?C00678912","","280","31-MAR-26","0","21"
"C00489427","BUILDING LEADERSHIP AND INSPIRING NEW ENTERPRISE PAC","http://docquery.fec.gov/cgi-bin/fecimg/?C00489427","LUETKEMEYER, W BLAINE","17261.96","31-MAR-26","33670","0"
"C00483628","ALL POWER TO THE PEOPLE PAC","http://docquery.fec.gov/cgi-bin/fecimg/?C00483628","","9027.08","31-MAR-26","0","0"
"C00235572","OPPORTUNITY AND RESPONSIBILITY RESTORED IN OUR NATION PAC","http://docquery.fec.gov/cgi-bin/fecimg/?C00235572","","0","05-FEB-25","3579.8",".2"
"C00501478","SUPPORT TO ENSURE VICTORY EVERYWHERE PAC-STEVE PAC","http://docquery.fec.gov/cgi-bin/fecimg/?C00501478","STIVERS, STEVE","5814.1","31-MAR-26","0","0"
"C00640029","FOCUS ON THE FUTURE","http://docquery.fec.gov/cgi-bin/fecimg/?C00640029","DELANEY, JOHN K.","1218.42","31-MAR-26","449.3","0"
"C00656439","SERVE AMERICA PAC - RESTRICTED","http://docquery.fec.gov/cgi-bin/fecimg/?C00656439","","2178.72","31-MAR-26","23764.3","12500"
"C00410092","PEOPLE'S VOICE PAC","http://docquery.fec.gov/cgi-bin/fecimg/?C00410092","","38726.91","31-MAR-26","512036.4","391320"
"C00491142","COMMON SENSE DEMOCRAT PAC","http://docquery.fec.gov/cgi-bin/fecimg/?C00491142","LYNCH, STEPHEN F.","99582.79","31-MAR-26","29168.5","36500"
"C00656132","SERVING OUR COUNTRY (SOC) PAC","http://docquery.fec.gov/cgi-bin/fecimg/?C00656132","CARBAJAL, SALUD","58162.43","31-MAR-26","208224.8","255264.8"
"C00544262","SEMPER FI PAC","http://docquery.fec.gov/cgi-bin/fecimg/?C00544262","","0","16-DEC-25","565.6","0"
"C00323923","STONEWALL DEMOCRATIC CLUB FED PAC","http://docquery.fec.gov/cgi-bin/fecimg/?C00323923","","37098.86","31-MAR-26","25367.9","41351"
"C00571208","ONE GEORGIA PAC","http://docquery.fec.gov/cgi-bin/fecimg/?C00571208","PERDUE, DAVID","0","15-APR-25","75786.9","0"
"C00615492","BATTLEGROUND PAC","http://docquery.fec.gov/cgi-bin/fecimg/?C00615492","WALKER, BRADLEY MARK","25.58","31-MAR-26","0","0"
"C00382242","BADGERPAC","http://docquery.fec.gov/cgi-bin/fecimg/?C00382242","KIND, RONALD","16790.92","31-MAR-26","0","0"
"C00375691","NEW VISION AMERICA FUND","http://docquery.fec.gov/cgi-bin/fecimg/?C00375691","HONDA, MIKE","12507.13","31-MAR-26","1800","0"
"C00531632","DEFENSE, ECONOMIC RENEWAL, EDUCATION AND KNOWLEDGE PAC","http://docquery.fec.gov/cgi-bin/fecimg/?C00531632","KILMER, DEREK","2125.3","31-MAR-26","3702.7","0"
"C00582726","JUMP INTO ACTION FOR CONSERVATIVES TO KEEP OUR IDEAS ELEVATED PAC","http://docquery.fec.gov/cgi-bin/fecimg/?C00582726","","6062.75","31-MAR-26","60022","0"
"C00385377","ROAD TO VICTORY POLITICAL ACTION COMMITTEE","http://docquery.fec.gov/cgi-bin/fecimg/?C00385377","DUNCAN, JOHN J REP. JR.","133845.94","31-MAR-26","26075","0"
"C00461996","SAWTOOTH POLITICAL ACTION COMMITTEE (SAWTOOTH PAC)","http://docquery.fec.gov/cgi-bin/fecimg/?C00461996","SIMPSON, MICHAEL K","27936.99","31-MAR-26","54214.1","52000"
"C00630285","OC JOBS & EDUCATION","http://docquery.fec.gov/cgi-bin/fecimg/?C00630285","","14281.04","31-MAR-26","30754.3","43500"
"C00629998","JENNI ACHIEVING GOALS & OPPORTUNITIES - JGO LPAC","http://docquery.fec.gov/cgi-bin/fecimg/?C00629998","","14454.54","31-MAR-26","0","0"
"C00570770","RURAL AMERICA COUNTS PAC (RAC PAC)","http://docquery.fec.gov/cgi-bin/fecimg/?C00570770","CRAWFORD, ERIC","95642.78","31-MAR-26","111778.1","79000"
"C00403675","AMERICA FORWARD LEADERSHIP PAC","http://docquery.fec.gov/cgi-bin/fecimg/?C00403675","CONYERS, JOHN","11307.67","31-MAR-26","315","0"
"C00545970","ROLE MODEL LEADERSHIP PAC","http://docquery.fec.gov/cgi-bin/fecimg/?C00545970","","23185.25","31-MAR-26","0","0"
"C00613018","READY TO WORK PAC","http://docquery.fec.gov/cgi-bin/fecimg/?C00613018","","18162.95","31-MAR-26","3709.3","0"
"C00450320","INVEST IN A STRONG AND SECURE AMERICA","http://docquery.fec.gov/cgi-bin/fecimg/?C00450320","","100009.96","31-MAR-26","77488.5","131892.4"
"C00433896","LATINA SOL PAC","http://docquery.fec.gov/cgi-bin/fecimg/?C00433896","SOLIS, HILDA","1902.54","31-MAR-26","135","0"
"C00362236","COMMITTEE FOR SOUTHWEST VIRGINIA","http://docquery.fec.gov/cgi-bin/fecimg/?C00362236","BOUCHER, FREDERICK C","745395.81","31-MAR-26","119748.3","166235"
"C00530774","LEADERSHIP RESPONSIBILITY AND ACTION PAC AKA LRA PAC","http://docquery.fec.gov/cgi-bin/fecimg/?C00530774","ROYBAL-ALLARD, LUCILLE","0","24-JAN-25","596","0"
"C00351056","PROGRESS PAC","http://docquery.fec.gov/cgi-bin/fecimg/?C00351056","VELAZQUEZ, M.","32619.11","31-MAR-26","3002","21000"
"C00470666","SKIPAC","http://docquery.fec.gov/cgi-bin/fecimg/?C00470666","MATHESON, JAMES","11669.49","31-MAR-26","10150","0"
"C00378356","VIRGINIA LEADERSHIP PAC","http://docquery.fec.gov/cgi-bin/fecimg/?C00378356","MORAN, JR., JAMES P.","26873.57","31-MAR-26","100","33.6"
"C00165548","SAC PAC","http://docquery.fec.gov/cgi-bin/fecimg/?C00165548","MATSUI, DORIS","22688.35","31-MAR-26","168873.7","152000"
"C00432104","GREAT AMERICAN FUND","http://docquery.fec.gov/cgi-bin/fecimg/?C00432104","BOREN, DAVID DANIEL","1799.6","31-MAR-26","6498.5","7000"
"C00415869","HARVEST PAC","http://docquery.fec.gov/cgi-bin/fecimg/?C00415869","","6268.36","31-MAR-26","2933","7600"
"C00321596","HOUSE MAJORITY FUND","http://docquery.fec.gov/cgi-bin/fecimg/?C00321596","LEWIS, JOHN","7123.37","31-MAR-26","20075","0"
"C00492165","COMMITTEE TO STRENGTHEN AMERICA; THE","http://docquery.fec.gov/cgi-bin/fecimg/?C00492165","ANDREWS, ROBERT E. MR.","2148.6","31-MAR-26","1620","0"
"C00416552","3T PAC","http://docquery.fec.gov/cgi-bin/fecimg/?C00416552","","","","",""
"C00568709","BRIDGING THE GAP","http://docquery.fec.gov/cgi-bin/fecimg/?C00568709","","8835.56","31-MAR-26","9904.9","17000"
"C00529693","BLUE MAJORITY PAC","http://docquery.fec.gov/cgi-bin/fecimg/?C00529693","POCAN, MARK","138701.2","31-MAR-26","35884.3","121311.2"
"C00529834","BRIGHTER FUTURES PAC (BF PAC)","http://docquery.fec.gov/cgi-bin/fecimg/?C00529834","FARENTHOLD, RANDOLPH BLAKE","2067.55","31-MAR-26","0","0"
"C00366419","NEBRASKA LEADERSHIP PAC","http://docquery.fec.gov/cgi-bin/fecimg/?C00366419","","38393.28","31-MAR-26","0","0"
"C00552489","AT THE TABLE!","http://docquery.fec.gov/cgi-bin/fecimg/?C00552489","","76004.48","31-MAR-26","72211.5","86000"
"C00459123","NEW PIONEERS PAC","http://docquery.fec.gov/cgi-bin/fecimg/?C00459123","WALDEN, GREGORY P","40832.06","31-MAR-26","10221","0"
"C00495705","MAKE IT IN AMERICA PAC","http://docquery.fec.gov/cgi-bin/fecimg/?C00495705","GARAMENDI, CONGRESSMAN JOHN","21891.39","31-MAR-26","17642.5","7500"
"C00397067","OCEAN STATE POLITICAL ACTION COMMITTEE (OSPAC)","http://docquery.fec.gov/cgi-bin/fecimg/?C00397067","LANGEVIN, JAMES R","1386.85","31-MAR-26","0","0"
"C00456913","LEADERSHIP FOR AMERICAN OPPORTUNITY","http://docquery.fec.gov/cgi-bin/fecimg/?C00456913","FATTAH, CHAKA","","","",""
"C00525592","COOL PAC","http://docquery.fec.gov/cgi-bin/fecimg/?C00525592","WEBSTER, DANIEL","9493.2","31-MAR-26","20075","20500"
"C00525824","PEACE THROUGH STRENGTH PAC","http://docquery.fec.gov/cgi-bin/fecimg/?C00525824","","144.09","31-MAR-26","3253.3","2050"
"C00521310","LIBERTY FUND; THE","http://docquery.fec.gov/cgi-bin/fecimg/?C00521310","","0","31-MAR-26","18487.6","0"
"C00524611","MAKE OPPORTUNITY POLITICAL ACTION COMMITTEE","http://docquery.fec.gov/cgi-bin/fecimg/?C00524611","","13975.47","31-MAR-26","5530","0"
"C00461251","MAC PAC","http://docquery.fec.gov/cgi-bin/fecimg/?C00461251","MCGOVERN, JAMES","23486.36","31-MAR-26","31660","47500"
"C00429787","UNITED FOR PROGRESS LEADERSHIP COMMITTEE","http://docquery.fec.gov/cgi-bin/fecimg/?C00429787","COSTELLO, JERRY","138282.63","31-MAR-26","7302.1","5539.2"
