H2AK00200|CONSTANT, CHRISTOPHER|C|1|DEM|0|0|0|0|0|0|0|0|0|0|0|143180.09|0|AK|00||||||0|0|03/31/2026|0|0
H2AK01158|PELTOLA, MARY|C|1|DEM|152304.86|0|232791.29|0|83969.49|3483.06|0|0|0|0|0|0|63252.17|AK|00||||||13500|0|02/13/2026|18521.85|0
H6AK01084|SCHULTZ, MATTHEW DAMIAN|C|1|DEM|579656.42|0|231366.34|1075|0|348290.08|0|0|0|0|0|0|577936.42|AK|00||||||250|0|03/31/2026|75|0
H2AK01083|BEGICH, NICHOLAS III|I|2|REP|4307322.69|1302998.38|1581037.44|0|104330.06|2830615.31|0|0|0|99236.07|0|325763.93|2101711.89|AK|00||||||865077|5000|03/31/2026|50328.84|3382.86
H6AK01092|HILL, BILL|C|3|IND|783044.48|0|187786.59|0|0|595257.89|0|0|0|0|0|0|757994.47|AK|00||||||25050|0|03/31/2026|3846.43|0
H4AL01255|HOLMES, THOMAS BETHUNE MR.|C|1|DEM|.09|0|415.13|0|.01|-415.03|0|0|0|0|0|0|0|AL|01||||||0|0|03/31/2025|0|0
H6AL01094|JONES, CLYDE W MR. JR|O|1|DEM|23788.37|0|11494.97|0|0|12293.4|0|0|0|0|0|0|23788.37|AL|01||||||0|0|03/31/2026|3500|0
H0AL01055|CARL, JERRY LEE, JR|O|2|REP|722874.1|82035.22|358487.84|0|69290.42|433676.68|0|0|0|0|0|254535.87|457779.48|AL|01||||||183059.4|0|03/31/2026|14500|-1500
H6AL01086|MARQUES, RHETT|O|2|REP|1078197.29|0|252283.11|0|0|825914.18|0|0|0|0|0|0|956228.59|AL|01||||||121968.7|0|03/31/2026|0|0
H6AL01102|SIDWELL, AUSTIN|O|2|REP|162551.36|0|126444.81|0|0|36106.55|4386.36|124000|0|0|0|124000|34065|AL|01||||||0|0|03/31/2026|5250|0
H6AL01128|RICHARDSON, JAMES|O|2|REP|6921.54|0|6786.87|0|0|134.67|5211.54|0|0|0|0|0|1710|AL|01||||||0|0|03/31/2026|0|0
H6AL01136|MILLS, RALPH JOHN III|O|2|REP|14162|0|15191.09|0|2057.94|1028.85|0|12500|0|362.23|0|105175.76|1662|AL|01||||||0|0|03/31/2026|0|0
H6AL02175|MCKEE, JOSHUA LOGAN|O|2|REP|462053.67|51428.16|294869.18|0|0|167184.49|0|171397.59|0|57426.36|0|113971.23|226227.92|AL|01||||||10500|0|03/31/2026|19500|0
H8AL02171|MOORE, FELIX BARRY|I|2|REP|2173919.1|62000|1454212.77|0|125131.66|844837.99|0|0|0|0|0|0|1725503.05|AL|01||||||380754.8|0|03/31/2026|22500|2500
H0AL01097|AVERHART, JAMES|C|1|DEM|0|0|0|0|2757.53|2757.53|0|0|0|0|0|34403.22|0|AL|02||||||0|0|04/15/2025|0|0
H4AL02113|GRAY, JEREMY|C|1|DEM|648.95|0|1400.39|0|751.44|0|648.95|0|0|0|0|0|0|AL|02||||||0|0|08/05/2025|0|0
H4AL02162|DANIELS, ANTHONY|C|1|DEM|29500|0|30857.31|0|3587.4|2230.09|0|0|0|0|0|34355.66|15500|AL|02||||||14000|0|03/31/2026|0|0
H4AL02170|FIGURES, SHOMARI C.|I|1|DEM|793769|3182.63|497819.59|0|23108.87|316558.28|0|0|0|0|0|12000|230890.8|AL|02||||||548872.65|0|03/31/2026|526.09|0
H4AL02139|HARRIS, HAMPTON|C|2|REP|209053.93|0|5007.93|0|0|204046|0|0|205510|0|0|219179.45|3543.93|AL|02||||||0|0|03/31/2026|0|0
H4AL02220|DOBSON, CAROLEENE|C|2|REP|8653.72|0|11584.91|0|2931.19|0|0|0|0|2761.56|0|2135238.44|148.86|AL|02||||||5300|0|03/31/2026|-3723.32|0
H6AL03199|MCINNIS, VICTOR LEE|C|1|DEM|27685.37|0|12862.66|0|0|9461.79|0|0|0|0|0|0|27685.37|AL|03||||||0|0|09/30/2026|0|0
H8AL03062|WINFREY, ADIA|C|1|DEM|0|0|0|0|0|0|0|0|0|0|0|0|0|AL|03||||||0|0|03/31/2026|0|0
H2AL03032|ROGERS, MICHAEL|I|2|REP|1759770.21|2891.29|1053116.65|40125.86|1922334.3|2628987.86|0|0|0|0|0|0|1088629.64|AL|03||||||617925|12000|03/31/2026|916.57|15000
H6AL03181|LAPOINT, TERRI|C|2|REP|13777.9|0|11541.05|0|0|2236.85|0|0|0|0|0|0|13777.9|AL|03||||||0|0|03/31/2026|0|0
H6AL04163|WEAVER, MICHAEL SHANE|C|1|DEM|7150.31|0|5029.16|0|0|2121.15|0|1977.1|0|0|0|1977.1|5173.21|AL|04||||||0|0|03/31/2026|0|0
H6AL05228|PUSCZEK, AMANDA NOELLE|C|1|DEM|13527.67|0|11866.26|0|-946.91|114.83|0|0|0|0|0|6000|13457|AL|04||||||0|0|03/31/2026|25|0
H6AL04098|ADERHOLT, ROBERT B. REP.|I|2|REP|803633.9|23167.44|931867.69|0|966896.34|838662.55|0|0|0|0|0|0|367460.42|AL|04||||||365778.2|0|03/31/2026|10626.75|5000
H6AL04155|BARNES, THOMAS GARY|C|2|REP|57033.07|0|22034.16|0|0|34998.91|5500|0|0|0|0|0|51533.07|AL|04||||||0|0|03/31/2026|0|0
H2AL04105|COCHRAN, JOHN|C|3|LIB|0|0|0|0|0|0|0|0|0|0|0|0|0|AL|04||||||0|0|03/31/2026|0|0
H6AL05210|HOWARD, GREG MR JR|C|1|DEM|2776.23|2276.23|2189.95|0|0|586.28|0|0|0|0|0|0|500|AL|05||||||0|0|06/30/2025|0|0
H6AL05236|DEVITO, JEREMY|C|1|DEM|32285.5|0|22415.3|0|0|4139.35|0|0|0|0|0|0|32285.5|AL|05||||||0|0|03/31/2026|0|0
H6AL05244|SNEED, ANDREW RANKIN GUYTON|C|1|DEM|453186.55|0|218948|0|0|234238.55|20000|0|0|0|0|0|426480.71|AL|05||||||2350|0|03/31/2026|10500|0
H6AL05251|DUVIEILH, CANDICE|C|1|DEM|28047.72|0|21086.62|0|0|6961.1|0|0|0|0|0|0|27587.86|AL|05||||||0|0|03/31/2026|0|0
H2AL05102|STRONG, DALE WHITNEY|I|2|REP|1233055.97|46649.98|580029.42|0|628977.42|1282003.97|0|0|0|0|0|240000|616360.88|AL|05||||||551800|0|03/31/2026|13300|10500
H4AL06189|ANDERSON, ELIZABETH|C|1|DEM|15898.96|0|48622.35|0|35510.85|2787.46|0|0|0|0|0|0|9501|AL|06||||||0|0|03/15/2026|7274|0
H4AL06098|PALMER, GARY|I|2|REP|708577.98|32149.97|494035.88|0|153239.32|367781.42|0|0|0|0|0|0|379143.61|AL|06||||||297000|0|03/31/2026|8200|0
H6AL06135|DIXON, CASE|C|2|REP|23090.22|0|22574.15|0|0|516.07|186.91|8600|0|0|0|8600|13926.94|AL|06||||||0|0|03/31/2026|0|0
H0AL07086|SEWELL, TERRI A.|I|1|DEM|1514475.66|0|1339437.58|0|3470560.9|3650598.98|0|0|0|0|0|0|236865.79|AL|07||||||1276750|0|03/31/2026|566|0
H4AL07104|LITAKER, ROBIN DR.|C|2|REP|0|0|0|0|0|0|0|0|0|0|0|17577.39|0|AL|07||||||0|0|01/11/2025|0|0
H6AR01155|GREEN, TERRI YARBROUGH DR.|C|1|DEM|38601.46|0|30185.76|0|0|8415.7|0|9395.26|3442.47|0|0|12837.73|25013.73|AR|01||||||0|750|03/31/2026|0|0
H0AR01083|CRAWFORD, ERIC ALAN RICK|I|2|REP|762875.64|0|491849.83|0|830826.86|1101852.67|0|0|0|0|0|0|261405.68|AR|01||||||462500|0|03/31/2026|0|0
H0AR01125|SMITH, PRINCELLA D|O|2|REP|0|0|0|0|4|4|0|0|0|0|0|0|0|AR|01||||||0|0|03/31/2026|0|0
H4AR02232|JONES, MARCUS|C|1|DEM|0|0|2597.53|0|3549.66|952.13|0|0|0|0|0|0|0|AR|02||||||0|0|03/31/2026|0|0
H6AR02286|JONES, CHRIS|C|1|DEM|798207.69|0|683796.62|0|0|114411.07|0|0|0|0|0|0|770577.52|AR|02||||||18500|750|03/31/2026|-487|5000
H6AR02294|HUFFMAN, ZACKARY BLAKE|C|1|DEM|12402.59|0|12402.59|0|0|0|2827.93|1380|0|1380|0|0|6190.14|AR|02||||||1250|0|04/18/2026|0|0
H2AR02103|REYNOLDS, CONRAD E|C|2|REP|0|0|1029.01|0|1029.01|0|0|0|0|0|0|21442.67|0|AR|02||||||0|0|03/31/2026|0|0
H4AR02141|HILL, JAMES FRENCH|I|2|REP|3790111.52|952039.5|2504432.62|0|1376352.19|2662031.09|0|0|0|0|0|0|1561074.6|AR|02||||||1272339.82|0|03/31/2026|10450|0
H6AR02278|MCDOWELL, CHASE|C|2|REP|163105.11|0|163105.11|0|0|0|0|0|0|0|0|0|163105.11|AR|02||||||0|0|04/12/2026|60|0
H0AR03030|WHITAKER, DAVID JEFFREY|O|1|DEM|0|0|0|0|3367.43|3367.43|0|0|0|0|0|18457.09|0|AR|03||||||0|0|03/31/2026|0|0
H6AR03128|RYERSE, ROBB|C|1|DEM|88315.42|0|83684.08|0|0|4631.34|100|0|0|0|0|1135|84515.42|AR|03||||||0|3700|03/31/2026|165|0
H6AR03136|LAWRENCE, DIANA LYNNE|C|1|DEM|12930.72|0|12930.72|0|0|9820.28|0|10309.45|0|489.17|0|9820.28|2621.27|AR|03||||||0|0|03/31/2026|0|0
H0AR03055|WOMACK, STEPHEN A THE HON|I|2|REP|1547664.7|7712|970553.58|0|1715893.66|2293004.78|0|0|0|0|0|0|712560.15|AR|03||||||742750|0|03/31/2026|6565.34|0
H4AR03073|PENZO, CLINT|C|2|REP|24.72|0|0|0|6453.16|6477.88|0|0|0|0|0|30000|0|AR|03||||||0|0|03/31/2026|0|0
H6AR03144|HOCEVAR, CHRISTOPHER JOHN MR. II|C|3|IND|1581.83|0|1433.04|0|0|148.79|1012.98|0|0|0|0|0|568.85|AR|03||||||0|0|03/31/2026|0|0
H4AR04089|HOWARD, RISI|C|1|DEM|65|0|327|0|2287.3|2025.3|0|0|0|0|0|624.1|0|AR|04||||||0|0|03/31/2026|0|0
H2AR04083|COTTON, THOMAS|C|2|REP|5406039.51|1181459.97|3069823.75|2697.11|7450869.83|9787085.59|0|0|0|0|0|73959|2747248.07|AR|04||||||1010500|62000|03/31/2026|57012.5|5000
H4AR04048|WESTERMAN, BRUCE|I|2|REP|2197868.02|472918.63|773457.76|0|3033560.4|4457970.66|0|0|0|0|0|0|768145.39|AR|04||||||868050|0|03/31/2026|21750|750
H4AS00036|AMATA, AUMUA|I|2|REP|34472|1316.44|16897.69|0|1656.14|19230.45|0|0|0|0|0|0|15400|AS|00||||||13000|0|03/31/2026|0|0
H4AZ01194|SHAH, AMISH DR.|O|1|DEM|1290455.53|48799.81|675157.88|0|91801.9|707099.55|4885.19|225769.51|0|0|0|229069.51|875995.11|AZ|01||||||132250|0|03/31/2026|773.83|0
H4AZ01202|CHERNY, ANDREI|C|1|DEM|10000|0|15366.08|0|5366.08|0|0|0|0|0|0|0|0|AZ|01||||||0|0|04/30/2025|-9900|0
H4AZ01244|O'CALLAGHAN, CONOR|C|1|DEM|0|0|0|0|0|0|0|0|0|0|0|1008210.62|0|AZ|01||||||0|0|03/31/2025|0|0
H6AZ01272|DEL VECCHIO, BRIAN A|O|1|DEM|15332.78|0|15332.78|0|0|0|0|5497.78|0|5497.78|0|0|9835|AZ|01||||||0|0|08/17/2025|0|0
H6AZ01280|GALAN-WOODS, MARLENE|O|1|DEM|1566624.76|0|740817.35|0|0|825807.41|6829.07|0|0|0|0|0|1459678.19|AZ|01||||||88500|0|03/31/2026|21258.36|0
H6AZ01298|TREBLE, JONATHAN|O|1|DEM|2482934.9|0|815875.86|0|0|1667059.04|1110068.08|0|0|0|0|0|1336617.23|AZ|01||||||13550|0|03/31/2026|5661|0
H6AZ01306|MCCARTNEY, RICK|O|1|DEM|871280.98|0|414382.86|0|0|456898.12|119588.15|365000|0|0|0|365000|381047.53|AZ|01||||||5000|0|03/31/2026|50|0
H6AZ01314|GORDON, MARK ROBERT|O|1|DEM|291486.74|0|227734.53|0|0|63752.21|5433.49|6561.03|0|6538.03|0|23|270242.22|AZ|01||||||9250|0|03/31/2026|130|0
H6AZ01330|LUCIO, DANIEL LEE|O|1|DEM|2836.66|0|1711.84|0|0|1124.82|0|1351.66|0|0|0|1351.66|1485|AZ|01||||||0|0|03/31/2026|0|0
H6AZ01413|MONTOYA, ANGIE|O|1|DEM|4038.62|0|3885.63|0|0|152.99|3110.62|0|0|0|0|0|928|AZ|01||||||0|0|03/31/2026|0|0
H2AZ01172|RENZI, RICHARD G.|I|2|REP|0|0|0|0|0|0|0|0|0|0|0|456157.37|0|AZ|01||||||0|0|03/31/2026|0|0
H2AZ06247|NORTON, ELIJAH|C|2|REP|67612.36|0|69429.05|0|1816.69|0|0|67612.36|0|0|0|4772612.36|0|AZ|01||||||0|0|12/31/2025|0|0
H4AZ01293|GEORGE, KIMBERLY|C|2|REP|114.84|0|917.29|0|802.45|0|114.84|0|0|0|0|0|0|AZ|01||||||0|0|07/05/2025|0|0
H4AZ06045|SCHWEIKERT, DAVID S.|I|2|REP|1703578.65|421839.3|1690739.62|0|49823.92|62662.95|0|0|0|89646.34|0|78531.12|611706.21|AZ|01||||||662227|5000|03/31/2026|193456.22|46977
H6AZ01371|SOWERS, BRANDON|O|2|REP|17876.94|0|15635.25|0|0|0|13244.42|0|0|0|0|0|4632.52|AZ|01||||||0|0|04/10/2026|0|0
H6AZ01389|REEVS, PAUL C|O|2|REP|110600.15|0|110600.15|0|0|0|5150|82750|0|49170.39|0|0|22700|AZ|01||||||0|0|01/26/2026|22700|0
H6AZ01405|SWOBODA, GINA|O|2|REP|222185|0|221687.34|0|0|497.66|2730|0|0|0|0|0|213455|AZ|01||||||6000|0|03/31/2026|120100|0
H6AZ01447|TROBOUGH, JOHN|O|2|REP|855298.4|0|462100.22|0|0|393198.18|86166.21|678800|0|0|0|678800|89788.96|AZ|01||||||0|0|03/31/2026|3500|0
H6AZ01454|CHAPLIK, JOSEPH|O|2|REP|417470.92|0|151781.93|0|0|265688.99|0|250000|0|0|0|250000|167470.92|AZ|01||||||0|0|03/31/2026|0|0
H6AZ05190|FEELY, THOMAS JAMES|O|2|REP|1797546.45|320692.19|543367.58|0|0|1254178.87|0|330000|0|0|0|330000|984024.71|AZ|01||||||157829.55|5000|03/31/2026|7037.49|0
H6AZ01322|REDKEY, DAVID WAYNE MR.|O|3|GRE|0|0|0|0|0|0|0|0|0|0|0|0|0|AZ|01||||||0|0|12/31/2025|0|0
H6AZ01439|AJLUNI, CHRISTOPHER|O|3|IND|3513|0|3513|0|0|0|3313|0|0|0|0|0|200|AZ|01||||||0|0|03/31/2026|0|0
H6AZ01488|ALPONTE, MONICA MARIA|O|3|LIB|8035.16|0|7435.16|0|0|600|285.16|500|0|0|0|500|7250|AZ|01||||||0|0|03/31/2026|0|0
H4AZ02184|NEZ, JONATHAN MICHAEL|C|1|DEM|2341969.83|37000|1011172.08|0|65175.96|1396101.21|0|0|0|0|0|0|2146663.76|AZ|02||||||137500|0|03/31/2026|18410.44|0
H6AZ02221|DESCHEENIE, ERIC|C|1|DEM|3748.41|0|1811.39|0|0|1937.02|0|0|0|0|0|3000|3748.41|AZ|02||||||0|0|03/31/2026|0|0
H8AZ02136|HEINZ, MATTHEW GERALD|O|1|DEM|0|0|0|0|0|0|0|0|0|0|0|250000|0|AZ|02||||||0|0|03/31/2026|0|0
H2AZ01354|CRANE, ELI|I|2|REP|7449412.13|718813.94|5443960.11|0|317370.07|2322822.09|0|0|0|0|0|0|6673658.01|AZ|02||||||55500|1000|03/31/2026|33451.91|0
H2AZ02402|DELUZIO, MARK|O|2|REP|0|0|275|0|4608.32|4333.32|0|0|0|0|0|1125000|0|AZ|02||||||0|0|03/31/2026|0|0
H4AZ02192|SMITH, JACK|C|2|REP|0|0|738.13|0|738.13|0|0|0|0|0|0|0|0|AZ|02||||||0|0|04/10/2025|0|0
H4AZ03109|ANSARI, YASSAMIN|I|1|DEM|1217962.97|0|699381.46|0|10410.71|528992.22|35704.6|30000|0|2500|0|70000|939512.45|AZ|03||||||207033|0|03/31/2026|15037.74|0
H4AZ03133|PASTOR, LAURA|O|1|DEM|0|0|0|0|616.31|616.31|0|0|0|0|0|0|0|AZ|03||||||0|0|12/31/2025|0|0
H4AZ03141|WOOTEN, DUANE M MD|O|1|DEM|0|0|0|0|3583.13|3583.13|0|0|0|0|0|0|0|AZ|03||||||0|0|02/17/2025|0|0
H4AZ07043|GALLEGO, RUBEN|I|1|DEM|3825377.22|275759.63|2108123.24|0|211152.7|1928406.68|0|0|0|0|0|0|3135715.53|AZ|03||||||357662.83|0|03/31/2026|50978.21|1700
H2AZ07187|ZINK, JEFFREY NELSON MR|O|2|REP|0|0|151.5|0|559.74|408.24|0|0|0|0|0|70000|0|AZ|03||||||0|0|03/31/2026|0|0
H4AZ03158|MENDOZA, JESUS DAVID|O|2|REP|0|0|52.39|0|1190.82|1138.43|0|0|0|0|0|0|0|AZ|03||||||0|0|12/31/2025|26.35|0
H6AZ04250|NEWKIRK, KAI|C|1|DEM|18729.76|0|5205.86|0|0|13523.9|543.99|0|0|0|0|1722.76|18185.77|AZ|04||||||0|0|03/31/2026|0|0
H8AZ09040|STANTON, GREG|I|1|DEM|1663223.09|0|847123.33|0|1015730.46|1831830.22|0|0|0|0|0|0|1173952.4|AZ|04||||||488775|37.68|03/31/2026|8206|0
H2AZ04135|GOULD, RON|C|2|REP|0|0|0|0|4473.28|4473.28|0|0|0|0|0|141741.2|0|AZ|04||||||0|0|03/31/2026|0|0
H2AZ09183|DAVISON, JERONE|C|2|REP|3870.5|0|940.09|824.91|-2930.41|0|0|0|0|0|0|0|3870.5|AZ|04||||||0|0|04/05/2026|0|0
H2AZ09191|COOPER, KELLY|C|2|REP|0|0|30190.18|0|30190.18|0|0|0|0|23800|0|0|0|AZ|04||||||0|0|01/30/2025|0|0
H4AZ04115|JASSER, M. ZUHDI|C|2|REP|450109.47|0|150854.78|0|0|299254.69|10000|0|0|0|0|0|434912.47|AZ|04||||||5000|0|03/31/2026|5802.05|0
H6AZ04219|HONER, BRADLEY J|C|2|REP|10|0|888.39|0|0|-878.39|0|0|0|0|0|0|10|AZ|04||||||0|0|04/05/2025|0|0
H6AZ04227|DAVISON, JERONE|C|2|REP|229322.75|0|222686.7|0|0|6636.05|0|0|0|0|0|0|228837.9|AZ|04||||||0|0|03/31/2026|0|0
H6AZ05174|STOVALL, ALEX NICOLAS|C|2|REP|64879.47|0|64879.47|0|0|0|1300|0|0|0|0|0|60013.22|AZ|04||||||2500|0|03/17/2026|4202|0
H6AZ05208|BRACHT, BLAKE|O|1|DEM|9463.65|0|7090.63|0|0|2373.02|232.18|5226.52|0|0|0|5226.52|4004.82|AZ|05||||||0|0|03/31/2026|0|0
H6AZ05216|JAMES, CHRISTOPHER LEE|O|1|DEM|124664.78|0|110278.64|0|0|14386.14|4900.79|18322.47|0|0|0|18322.47|83026.52|AZ|05||||||18415|0|03/31/2026|46|0
H6AZ05224|HUALDE, BRIAN|O|1|DEM|43320|0|43237.86|0|0|82.14|0|29600|0|0|0|29600|13720|AZ|05||||||0|0|03/31/2026|0|0
H6AZ05240|LEE, ELIZABETH|O|1|DEM|94382.76|0|71302.08|0|0|23080.68|0|5000|0|0|0|5000|89382.76|AZ|05||||||0|0|03/31/2026|0|0
H2AZ06155|GRANTHAM, TRAVIS W.|O|2|REP|612044.61|0|537377.76|0|148.99|74815.84|3500|250000|0|250000|0|311911.5|351544.61|AZ|05||||||7000|0|03/31/2026|7720|0
H6AZ05083|BIGGS, ANDY|I|2|REP|28245.83|1435.05|122653.72|0|458877.56|364469.67|0|0|0|0|0|0|18325.78|AZ|05||||||7000|0|03/31/2026|500|0
H6AZ05091|OLSON, JUSTIN|O|2|REP|0|0|0|0|1000|1000|0|0|0|0|0|99296.77|0|AZ|05||||||0|0|03/31/2026|0|0
H6AZ05182|KEENAN, DANIEL|O|2|REP|1578350.7|36421.04|343577|391|0|1234773.7|0|1425620|0|0|0|1425620|26812.12|AZ|05||||||4000|0|03/31/2026|25|0
H6AZ05265|LAMB, MARK|O|2|REP|759707.02|0|412649.74|0|0|347057.28|46.61|40000|0|0|0|40000|660253.93|AZ|05||||||59400|0|03/31/2026|0|0
H6AZ06099|MENDOZA, JOANNA|C|1|DEM|5341037.68|771708.13|1830458.04|0|0|3510579.64|0|0|0|0|0|0|4206477.55|AZ|06||||||362031.41|0|03/31/2026|19627.44|0
H6AZ06107|DONAT, CHRIS|C|1|DEM|21061.96|0|21061.96|0|0|0|1752.94|0|0|0|0|0|19309.02|AZ|06||||||0|0|04/13/2026|3500|0
H0AZ01184|FLAKE, JEFF MR.|C|2|REP|0|0|8300|0|821352.48|813052.48|0|0|0|0|0|0|0|AZ|06||||||0|0|03/31/2026|0|0
H2AZ02360|CISCOMANI, JUAN|I|2|REP|5083546.72|1898307.97|1488376.77|0|236560.89|3831730.84|0|0|0|0|0|0|1771664.87|AZ|06||||||1398409.54|5000|03/31/2026|48889.84|7000.15
H0AZ02216|BAH, IMAN|C|3|AIP|195|0|74.81|0|104.31|224.5|0|0|0|0|0|0|195|AZ|06||||||0|0|03/31/2026|0|0
H6AZ06115|DICKERSON, TREVOR|C|3|IND|19352.18|0|13276.63|0|-500|5575.55|0|14629.06|0|0|0|14629.06|4722.72|AZ|06||||||0|0|09/30/2025|4722.55|0
H6AZ06214|PETERS, JEREME LANCE|C|3|LIB|10500|0|10500|0|0|0|0|0|0|0|0|0|10500|AZ|06||||||0|0|03/31/2026|0|0
H2AZ07070|GRIJALVA, RAUL M|I|1|DEM|17388.39|0|256151.01|0|300661.13|61898.51|0|0|0|0|0|4015.59|0|AZ|07||||||0|0|03/31/2026|0|0
H6AZ07105|HERNANDEZ, DANIEL|O|1|DEM|1136879.97|0|1136879.97|0|0|0|0|42500|0|3786.75|0|0|937379.28|AZ|07||||||157000|0|07/31/2025|19230|10000
H6AZ07121|GRIJALVA, ADELITA|I|1|DEM|2094207.43|0|1709277.5|0|0|384929.93|0|0|0|0|0|0|1686920.23|AZ|07||||||399583.76|0|03/31/2026|22547.76|18500
H6AZ07139|OPERANA-FOXX, DEJA CHERISE|O|1|DEM|1055050.68|0|1050119.74|0|0|4930.94|1008.17|0|0|0|0|0|1033984.67|AZ|07||||||18545.35|0|03/31/2026|7189.1|45.35
H4AZ07134|BUTIEREZ, DANIEL|C|2|REP|223537.4|0|203058.54|0|592.14|21071|38727.47|136470|0|0|0|144120|39072.43|AZ|07||||||2000|0|03/31/2026|0|0
H6AZ07055|RIVAS, JORGE|C|2|REP|11852.51|0|12001.97|0|0|0|5625|0|0|0|0|0|6227.51|AZ|07||||||0|0|07/26/2025|0|0
H4AZ08082|GREENE PLACENTIA, BERNADETTE|C|1|DEM|37983.84|0|17589.1|0|0|19019.73|0|0|0|0|0|0|37883.84|AZ|08||||||0|100|12/31/2025|0|0
H6AZ08269|KEELER, RAYMOND CHARLES|C|1|DEM|18165|0|4023.97|0|0|14141.03|0|6500|0|0|0|6500|11665|AZ|08||||||0|0|03/31/2026|0|0
H4AZ08108|HAMADEH, ABRAHAM|I|2|REP|1013075.93|360954.28|662741.49|0|36408.6|386743.04|0|0|0|295218.65|0|76497.51|427905.6|AZ|08||||||223960|0|03/31/2026|0|0
H4AZ08124|MASTERS, BLAKE|O|2|REP|14897.4|0|4688.57|0|7060.53|17269.36|0|0|0|0|0|3626074.42|14897.4|AZ|08||||||0|0|03/31/2026|0|0
H4AZ08132|KERN, ANTHONY|O|2|REP|0|0|396.83|0|396.83|0|0|0|0|0|0|47000|0|AZ|08||||||0|0|01/16/2025|0|0
H4AZ08157|FRANKS, TRENT|O|2|REP|0|0|3854.7|0|5577.34|1722.64|0|0|0|0|0|600000|0|AZ|08||||||0|0|03/31/2026|3300|0
H0AZ03248|SCHARER, GENE PAUL|C|1|DEM|560.9|0|896.48|0|0|152.54|503|0|0|0|0|0|57.9|AZ|09||||||0|0|12/31/2025|0|0
H2AZ09019|SINEMA, KYRSTEN|I|1|DEM|162529.87|0|4439410.31|0|4276880.44|0|0|0|0|0|0|0|0|AZ|09||||||0|0|03/31/2026|-475068.34|-119200
H2AZ09043|CHERNY, ANDREI|C|1|DEM|10000|0|15366.08|0|5366.08|0|0|0|0|0|0|0|0|AZ|09||||||0|0|04/30/2025|-9900|0
H4AZ09049|SMITH, QUACY L|C|1|DEM|345|0|987.77|0|32268.36|36597.73|0|0|0|0|0|64410|345|AZ|09||||||0|0|03/31/2026|0|0
H6AZ09085|STERBINSKY, DANIELLE|C|1|DEM|260571.71|0|204611.09|0|-115|59638.6|250|0|0|0|0|0|260304.66|AZ|09||||||0|0|03/31/2026|0|0
H0AZ01259|GOSAR, PAUL DR.|I|2|REP|357756.08|0|276247.22|0|91596.98|173105.84|0|0|0|0|0|4609.71|318493.86|AZ|09||||||35000|0|03/31/2026|431.87|0
H0AZ03321|PARKER, VERNON|C|2|REP|0|0|0|0|4619.9|4619.9|0|0|0|0|0|15813.62|0|AZ|09||||||0|0|03/31/2026|0|0
H2AZ09209|KUTZ, RANDY|C|2|REP|0|0|0|0|0|0|0|0|0|0|0|44833.21|0|AZ|09||||||0|0|03/31/2026|0|0
H4AZ20012|BUSBY, BRADY|C|3|IND|0|0|280.42|0|280.42|0|0|0|0|0|0|0|0|AZ|20||||||0|0|06/07/2025|0|0
H4CA01140|YEE, ROSE PENELOPE|C|1|DEM|0|0|1080|0|7427.61|6347.61|0|0|0|0|0|20000|0|CA|01||||||0|0|07/11/2025|0|0
H6CA01228|SALEGUI, JAMES|C|1|DEM|8824|0|3516.65|0|0|5307.35|0|0|0|0|0|0|8824|CA|01||||||0|0|03/31/2026|0|0
H6CA01251|DENNEY, AUDREY|C|1|DEM|703432.15|7000|514589|0|0|188843.15|0|0|0|0|0|11359.9|674186.28|CA|01||||||12500|0|03/31/2026|17889.5|0
H6CA01269|MCGUIRE, MIKE|C|1|DEM|990566.23|0|510515.58|0|0|480050.65|0|0|0|0|0|0|863466.23|CA|01||||||127100|0|03/31/2026|8256.5|7000
H6CA02267|WILSON, KYLE|C|1|DEM|4322.38|0|3326.31|0|0|989.11|101.96|0|0|0|0|0|4120.42|CA|01||||||0|0|12/31/2025|0|0
H2CA02142|LAMALFA, DOUG|I|2|REP|770380.18|0|633525.27|0|684441.94|821296.85|0|0|0|0|0|1841.92|487462.76|CA|01||||||282438.21|0|03/31/2026|56950.1|1000
H6CA01285|GALLAGHER, JAMES|C|2|REP|676140.6|0|168512.9|0|0|507627.7|0|0|0|0|0|81289.58|540350.6|CA|01||||||126740|5500|03/31/2026|900|0
H2CA01268|YEE, ROSE PENELOPE LAGOC|C|1|DEM|49478.1|0|35146.19|0|3267.02|17598.93|0|33500|0|0|0|33500|15978.1|CA|02||||||0|0|03/31/2026|0|0
H2CA06259|HUFFMAN, JARED|I|1|DEM|698455.72|0|637495.74|0|984642.94|1045602.92|0|0|0|0|0|4989.45|421645.11|CA|02||||||232098.96|0|03/31/2026|2570|0
H0CA01205|SAULSBURY, PAUL W|C|2|REP|8735.5|0|8334.5|0|521.06|922.06|0|8334.5|0|0|0|8334.5|401|CA|02||||||0|0|03/31/2026|0|0
H2CA01250|GEIST, TIMOTHY DAVID MR|C|2|REP|11158.99|0|11048.99|0|0|110|1512.62|9646.37|0|0|0|9646.37|0|CA|02||||||0|0|03/31/2026|0|0
H2CA02241|COULOMBE, CHRIS MR|C|2|REP|1285|0|2184.17|0|917.01|17.84|0|1275|0|0|0|32814.07|10|CA|02||||||0|0|03/31/2026|0|0
H4CA02098|MENSING, DALE KENNETH|C|2|REP|0|0|306.68|0|306.68|0|0|0|0|0|0|0|0|CA|02||||||0|0|03/31/2026|0|0
H4CA02130|GIBBS JENSEN, TIEF|C|2|REP|0|0|374.48|0|374.48|0|0|0|0|0|0|0|0|CA|02||||||0|0|03/14/2025|0|0
H6CA02283|SMART, COLBY DR.|C|3|NNE|3042.73|0|1353.46|0|0|1689.27|1025|0|0|0|0|0|1814.64|CA|02||||||0|0|12/31/2025|0|0
H6CA02291|BURGESS, GREGORY WARREN|C|3|NNE|25032.72|0|17280.74|0|0|7751.98|25032.72|0|0|0|0|0|0|CA|02||||||0|0|03/31/2026|0|0
H6CA02317|HAHN, NICOLETTE G.|C|3|NPA|59149|0|13016.75|0|0|46132.25|0|15000|0|0|0|15000|44149|CA|02||||||0|0|03/31/2026|0|0
H0CA03078|BERA, AMERISH|I|1|DEM|888115.23|0|883126.97|0|1873371.71|1878359.97|0|0|0|57800|0|0|383372|CA|03||||||474907.29|0|03/31/2026|160|0
H6CA03133|HALL, HEIDI|C|1|DEM|503876|0|436463.76|0|2456.47|69868.71|7020|45000|0|0|0|45000|437081.98|CA|03||||||14456.47|0|03/31/2026|1952|0
H6CA03166|CERVANTES, LYNDON|C|1|DEM|44742.5|0|42141.67|0|0|2600.83|0|30000|0|0|0|30000|14742.5|CA|03||||||0|0|03/31/2026|0|0
H6CA06268|BENNETT, CHRISTOPHER JERMAN|C|1|DEM|154956.38|0|94879.1|0|0|60077.28|20020|30000|0|0|0|52437|104936.38|CA|03||||||0|0|03/31/2026|0|0
H8CA04210|MORSE, JESSICA|C|1|DEM|8686.57|0|14162.3|0|24339.74|18864.01|0|0|0|0|0|0|0|CA|03||||||0|0|03/31/2026|0|0
H0CA06170|BISH, CHRISTINE S|C|2|REP|119714.23|0|72732.24|0|50.14|47032.13|0|89325.03|0|1704.09|0|48485.91|28923.04|CA|03||||||0|0|03/31/2026|200|0
H6CA03174|TUCKER, ROBB|C|2|REP|70730|0|26374.29|0|0|44355.71|0|60000|0|0|0|61025.39|10730|CA|03||||||0|0|03/31/2026|0|0
H6CA04222|JONES, ERIC|C|1|DEM|3248650.23|0|1795199.16|0|0|1453451.07|364133.1|0|0|0|0|91572.12|2884450.63|CA|04||||||0|0|03/31/2026|210001|0
H6CA04230|MERRELL, TREVOR|C|1|DEM|6435.12|0|6459.23|0|0|-24.11|1669.12|0|0|0|0|0|4766|CA|04||||||0|0|03/31/2026|0|0
H8CA01109|THOMPSON, MIKE MR.|I|1|DEM|2988369.12|31098.93|1637928.43|0|1209488.4|2559929.09|0|0|0|0|0|60974.19|1592730.08|CA|04||||||1326481|500|03/31/2026|27386|4000
H4CA06156|RIEHLE, RAYMOND|C|2|REP|108630.6|0|104447.78|0|539.83|4722.65|1|0|0|0|0|24738.17|108492.1|CA|04||||||0|0|03/31/2026|2766.04|0
H6CA04198|MACKENZIE, LAURIE JOHN|C|2|REP|14000|0|5344.5|0|0|8655.5|0|0|0|0|0|0|14000|CA|04||||||0|0|03/31/2026|0|0
H6CA04206|BROWN, SHARON|C|2|REP|7000|0|5165.22|0|0|1834.78|0|0|0|0|0|0|7000|CA|04||||||0|0|03/31/2026|0|0
H6CA08223|GHUSAR, MANDY|C|2|REP|7000|0|5505.95|0|0|1494.05|0|0|0|0|0|0|7000|CA|04||||||0|0|03/31/2026|0|0
H6CA04172|TYLER, JOHN WESLEY|C|3|IND|1385.05|0|1337.44|0|0|47.61|1230|0|0|0|0|0|154.99|CA|04||||||0|0|12/31/2025|34.99|0
H2CA00096|BARKLEY, MICHAEL JAMES MR.|C|1|DEM|17665.2|0|19419.88|0|4738.88|2984.2|0|16730.2|0|0|0|554006.06|915|CA|05||||||0|0|03/31/2026|0|0
H6CA05377|MASUDA, MICHAEL|C|1|DEM|209519.29|0|150112.56|0|0|59406.73|0|0|0|0|0|39034.36|205019.29|CA|05||||||4500|0|03/31/2026|377|0
H6CA05385|SILLS, KATELYN ANNE|C|1|DEM|15965.45|0|15965.45|0|0|0|984.45|0|0|0|0|0|14981|CA|05||||||0|0|03/31/2026|3845.93|0
H6CA05393|DANBOM, PAUL|C|1|DEM|20030|0|20030|0|0|0|0|0|20000|0|6800.78|0|30|CA|05||||||0|0|03/09/2026|0|0
H2CA05111|MAIN, DAVID NATHAN|C|2|REP|0|0|0|0|0|3120|0|0|0|0|0|0|0|CA|05||||||0|0|03/31/2026|0|0
H8CA04152|MCCLINTOCK, THOMAS|I|2|REP|726367.91|0|752177.66|0|148204.99|122395.24|0|0|0|0|0|1287.1|616135.74|CA|05||||||108050|0|03/31/2026|224|0
H6CA03141|VANDENBERG, TYLER ISAAC|C|1|DEM|72594.08|0|58682.99|0|0|13911.09|5000|5000|0|0|0|25088.17|62594.08|CA|06||||||0|0|03/31/2026|0|0
H6CA03158|PAN, RICHARD DR.|C|1|DEM|564128.55|7000|356206.8|0|0|207921.75|0|0|0|0|0|0|485210.72|CA|06||||||71711.05|0|03/31/2026|624.34|0
H6CA06219|JEFFERSON, DELMA|C|1|DEM|0|0|0|0|-10512.74|-10512.74|0|0|0|0|0|0|0|CA|06||||||0|0|03/31/2026|0|0
H6CA06276|BABB TOMLINSON, LAUREN|C|1|DEM|375382.52|0|179849.58|0|0|195532.94|5700|0|0|0|0|0|312581.86|CA|06||||||57100|0|03/31/2026|308|1000
H6CA06284|HO, THIEN|C|1|DEM|645025.28|0|225000.02|0|0|420025.26|0|0|0|0|0|25292.06|624100.75|CA|06||||||20499|0|03/31/2026|1335|0
H6CA06318|GUERRERO, MARTHA|C|1|DEM|170542.97|0|74292.85|0|0|96250.12|16204.97|20000|0|0|0|20000|130088|CA|06||||||4250|0|03/31/2026|10|0
H4CA06149|DELUZ, CRAIG|C|2|REP|0|0|47.09|0|47.09|0|0|0|0|0|0|0|0|CA|06||||||0|0|12/31/2025|0|0
H6CA06292|STANSFIELD, MICHAEL|C|2|REP|17441|0|17441|0|0|0|17441|0|0|0|0|0|0|CA|06||||||0|0|03/31/2026|0|0
H2CA03157|KILEY, KEVIN|I|3|OTH|2598336.67|679020.19|862593.46|0|380978.07|2116721.28|5|0|0|0|0|4524.75|1597425.5|CA|06||||||316341.08|0|03/31/2026|21276.32|2500
H4CA07097|MANDEL, DAVID|C|1|DEM|0|0|0|0|-2853.66|-2853.66|0|0|0|0|0|20000|0|CA|07||||||0|0|03/31/2026|0|0
H6CA05195|MATSUI, DORIS|I|1|DEM|1343150.14|0|599849.26|0|306668.8|1049969.68|15100|0|0|0|0|0|620300.14|CA|07||||||707750|0|03/31/2026|8883|1000
H6CA07142|LEE, ERICA|C|1|DEM|14731.02|0|9898.75|0|0|4832.27|0|0|0|0|0|0|14731.02|CA|07||||||0|0|03/31/2026|250|0
H6CA07159|MORIN, ROBERT|C|1|DEM|28904.87|0|4750.12|0|0|24154.75|0|0|0|0|0|20470|28904.87|CA|07||||||0|0|03/31/2026|0|0
H6CA07175|VANG, MAI|C|1|DEM|598232.11|5913.93|283052.33|0|0|315179.78|0|0|0|0|0|14963.7|561033.72|CA|07||||||30600.01|0|03/31/2026|1170|0
H0CA11352|EMKEN, ELIZABETH|C|2|REP|0|0|0|0|365.71|365.71|0|0|0|0|0|32000|0|CA|07||||||0|0|03/31/2026|0|0
H4CA07055|BIRMAN, IGOR A|C|2|REP|0|0|0|0|128.82|128.82|0|0|0|0|0|85084.75|0|CA|07||||||0|0|03/31/2026|0|0
H6CA07183|MING, KATHRYN S|C|2|REP|25|0|25|0|0|0|0|0|25|0|25|0|0|CA|07||||||0|0|01/28/2026|0|0
H0CA08226|GOMEZ, BLANCA|C|1|DEM|0|0|228.53|0|228.53|0|0|0|0|0|0|0|0|CA|08||||||0|0|06/30/2025|0|0
H0CA10149|GARAMENDI, JOHN|I|1|DEM|414573.93|0|418420.39|0|1264717.73|1260871.27|0|0|0|0|0|0|150531.93|CA|08||||||264000|0|03/31/2026|0|0
H6CA08231|CARJUZAA, NICOLAS|C|1|DEM|20189.61|0|15765.91|0|0|4423.7|1661.61|4200|0|0|0|4200|14028|CA|08||||||0|0|03/31/2026|0|0
H6CA08249|LAMBA, HARINDER SINGH|C|1|DEM|14402.8|0|14402.8|0|0|0|6092.8|6800|0|0|0|0|1510|CA|08||||||0|0|04/15/2026|0|0
H6CA08256|ROWDEN, AARON B|C|1|DEM|14215.62|0|13228.26|0|0|526.87|763.12|2640|0|1400|0|740|10812.5|CA|08||||||0|0|03/31/2026|0|0
H0CA08127|STAAT, JEREMY|O|2|REP|0|0|0|0|0|0|0|0|0|0|0|4000|0|CA|08||||||0|0|03/31/2026|0|0
H2CA00153|RECILE, RUDY|C|2|REP|7334|0|6956.58|0|1037.74|1415.16|0|25|0|468.83|0|31272.83|7309|CA|08||||||0|0|03/31/2026|0|0
H4CA11081|MCNERNEY, JERRY|I|1|DEM|0|0|0|0|769.94|769.94|0|0|0|0|0|0|0|CA|09||||||0|0|03/31/2026|0|0
H8CA10126|HARDER, JOSH|I|1|DEM|3123922.36|141542.79|857072.53|51005|1688831.72|3955681.55|0|0|0|0|0|0|2468586.74|CA|09||||||411622|2192.74|03/31/2026|30057.51|1000
H4CA09101|MCBRIDE, JOHN|C|2|REP|6663.45|0|5310.01|0|30|1383.44|0|0|0|0|0|25639.67|6663.45|CA|09||||||0|0|03/31/2026|0|0
H6CA09122|SHOEMAKER, JAMES H|C|2|REP|27217.99|0|27010.03|0|0|207.96|0|0|104.59|0|104.59|13731.62|26590.95|CA|09||||||0|0|03/31/2026|0|0
H6CA09130|SINGH, PARMINDER|C|2|REP|401|0|309.97|0|0|91.03|0|0|0|0|0|0|401|CA|09||||||0|0|03/31/2026|0|0
H0CA10073|DESAULNIER, MARK|I|1|DEM|490824.94|0|463625.08|0|628987.32|656187.18|0|0|0|0|0|0|231107.22|CA|10||||||258107.55|0|03/31/2026|800|0
H6CA10161|HAMILTON, JOSHUA|C|1|DEM|6451|0|0|0|0|6451|0|0|0|0|0|0|6451|CA|10||||||0|0|03/31/2026|0|0
H6CA10179|MAISLER, MITCHELL DAVID|C|1|DEM|10048.25|0|10552.14|0|5|-498.89|7900|0|0|0|0|0|2148.25|CA|10||||||0|0|03/31/2026|0|0
H0CA19173|DENHAM, JEFF|C|2|REP|0|0|34788.38|0|94493.15|59704.77|0|0|0|0|0|0|0|CA|10||||||0|0|03/31/2026|0|0
H4CA10109|PICCININI, KATHERINE|C|2|REP|16683.09|0|12383.93|0|2082.23|6381.39|0|0|0|0|0|8549.75|16650.48|CA|10||||||0|0|03/31/2026|22|0
H6CA10195|GRIFFITHS, ANGELA|C|2|REP|3494.49|0|1760.15|0|0|1734.34|0|100|0|0|0|100|3394.49|CA|10||||||0|0|03/31/2026|0|0
H4CA10117|SWEENEY, JOSEPH J|C|3|IND|0|0|1150.8|0|1150.8|0|0|0|0|0|0|0|0|CA|10||||||0|0|04/15/2026|0|0
H6CA11219|CHAKRABARTI, SAIKAT|O|1|DEM|5180894.87|0|4972236.89|0|0|208657.98|1000|4820000|0|0|0|4820000|359890.65|CA|11||||||0|0|03/31/2026|759.67|0
H6CA11243|HELTON, DARREN WAYNE|O|1|DEM|5247.31|0|5247.31|0|0|0|0|5247.31|0|0|0|0|0|CA|11||||||0|0|03/31/2026|0|0
H6CA11268|CHAN, CONNIE|O|1|DEM|458767.1|0|302161.08|525|0|156606.02|0|0|0|0|0|0|416617.1|CA|11||||||41000|0|03/31/2026|1340|0
H6CA11284|HAMID, OMED|O|1|DEM|44997|0|34968|0|0|10029|0|34968|0|0|0|34968|10029|CA|11||||||0|0|03/31/2026|0|0
H6CA11318|HURABIELL, MARIE|O|1|DEM|421737|0|18922.47|0|0|402814.53|0|100000|0|0|0|100000|321737|CA|11||||||0|0|03/31/2026|1550|0
H8CA05035|PELOSI, NANCY|I|1|DEM|2433666.44|141138.4|3612598.69|0|2078066.46|899134.21|0|0|0|0|0|0|2220123.4|CA|11||||||33000|0|03/31/2026|105796.9|6000
H8CA11116|WIENER, SCOTT|O|1|DEM|3521924.59|0|897695.68|0|0|2624228.91|0|0|0|0|0|33890.9|3457209.44|CA|11||||||49100|0|03/31/2026|87620|0
H8CA12262|BUTTAR, SHAHID|C|1|DEM|0|0|0|0|377.44|377.44|0|0|0|0|0|24056.2|0|CA|11||||||0|0|03/31/2025|0|0
H0CA15262|SHARMA, NISHA|O|2|REP|0|0|340|0|1854.76|1514.76|0|0|0|0|0|0|0|CA|11||||||0|0|03/31/2026|0|0
H6CA11235|GANEZER, DAVID L|O|2|REP|59.33|0|37.33|0|0|22|0|0|0|0|0|0|59.09|CA|11||||||0|0|03/31/2026|0|0
H6CA11334|DEER, NATHAN|O|3|NNE|3462.42|0|2070.91|0|0|1391.51|0|1962.09|0|0|0|1962.09|1500.33|CA|11||||||0|0|03/31/2026|0|0
H2CA12190|CURRY, ERIC|C|1|DEM|1500|0|1500|0|0|0|0|0|0|0|0|4916.15|1500|CA|12||||||0|0|03/31/2026|0|0
H4CA12154|SIMON, LATEEFAH|I|1|DEM|1192085.81|24680.66|765383.42|0|285654.71|712357.1|0|0|0|0|0|0|946059.32|CA|12||||||207500|0|03/31/2026|298|3000
H4CA12196|TRAN, JENNIFER|O|1|DEM|0|0|11092.87|0|11092.87|0|0|0|0|5277.95|0|0|0|CA|12||||||0|0|02/14/2025|0|0
H0CA22102|ARBALLO, PHIL|C|1|DEM|0|0|0|0|16833.47|16833.47|0|0|0|0|0|0|0|CA|13||||||0|0|12/31/2025|0|0
H2CA13115|GRAY, ADAM C.|I|1|DEM|3283977.97|335257.5|1712311.82|0|191957.72|1763623.87|0|0|0|0|0|0|1944804.56|CA|13||||||990075.01|1466.42|03/31/2026|25184.64|10000
H2CA13123|MARTINEZ, DIEGO J|C|2|REP|0|0|130.7|0|130.7|0|0|0|0|0|0|0|0|CA|13||||||0|0|02/21/2026|0|0
H2CA13131|DUARTE, JOHN|I|2|REP|9615.81|3826.37|200704.19|0|214758.3|23669.92|0|0|0|0|0|0|2073.21|CA|13||||||0|0|03/31/2026|245.33|0
H4CA09093|LINCOLN, KEVIN J II|C|2|REP|1264735.31|346194.89|600044.05|0|24124.13|688815.39|0|0|0|0|0|63933.6|767452.66|CA|13||||||147999|0|03/31/2026|4707.37|0
H4CA14093|KRUTTIVENTI, VIN|C|2|REP|876117.68|0|857880.03|0|5799.65|24037.3|574560.51|0|0|0|0|1050436.91|291557.17|CA|13||||||10000|0|03/31/2026|2684.56|0
H6CA13181|LOPEZ, JAVIER B|C|2|REP|146134.8|0|145151.21|0|0|983.59|0|0|0|0|0|21599.37|120124.8|CA|13||||||26010|0|03/31/2026|212.38|7000
H2CA15094|SWALWELL, ERIC MICHAEL|I|1|DEM|1712405.47|0|1723784.79|0|300002.78|288623.46|0|0|0|0|0|0|1480227.21|CA|14||||||178451.75|779.17|03/31/2026|1921.5|0
H6CA14130|QADIR, ABRAR|O|1|DEM|26938.03|0|26224.34|0|0|-16866.14|1139.39|0|0|0|0|0|25798.64|CA|14||||||0|0|04/15/2026|7000|0
H6CA14155|ORTEGA, MATT|O|1|DEM|26035.6|0|17457.34|0|0|8578.26|0|0|0|0|0|0|26035.6|CA|14||||||0|0|03/31/2026|50|0
H6CA14163|HERNANDEZ, MELISSA|O|1|DEM|234373|0|95212.55|0|0|139160.45|0|0|0|0|0|11365|231373|CA|14||||||3000|0|03/31/2026|0|0
H6CA14171|ISRANI, RAKHI|O|1|DEM|2123994.14|0|87974.14|0|0|2036020|7000|1200000|0|0|0|1200000|906994.14|CA|14||||||10000|0|03/31/2026|6608|0
H6CA14197|ELAM, CARIN|O|1|DEM|29496|0|19982.3|0|150|9663.7|0|25000|0|0|0|25000|4496|CA|14||||||0|0|03/31/2026|0|0
H6CA14221|WIECKOWSKI, BOB||1|DEM|0|0|0|0|0|0|0|0|0|0|0|0|0|CA|14||||||0|0|04/27/2026|0|0
H8CA14193|WAHAB, DR. AISHA|O|1|DEM|251587.93|0|22243.37|0|0|229344.56|3500|35000|0|0|0|49427.76|163938.74|CA|14||||||49149|0|03/31/2026|1000|0
H6CA14148|HUANG, WENDY FIONA MS.|O|2|REP|31483|0|23953.84|0|0|7529.16|0|23307|0|0|0|0|8176|CA|14||||||0|0|03/31/2026|0|0
H2CA14220|SINGH, MAJOR|O|3|NPA|0|0|150|0|513.7|363.7|0|0|0|0|0|21154.32|0|CA|14||||||0|0|03/31/2026|0|0
H2CA14162|MULLIN, KEVIN|I|1|DEM|678792.88|0|473274.31|0|51771.24|257289.81|0|0|0|0|0|4844.38|298455.85|CA|15||||||378711.77|0|03/31/2026|1700|0
H6CA15186|KUMAR, MANTOSH|C|1|DEM|17441.92|0|11307.81|0|0|6134.11|244.92|6000|0|0|0|6000|11197|CA|15||||||0|0|03/31/2026|5|0
H4CA15074|KRAMER, ANNA|C|2|REP|5350|0|7037.73|0|1687.73|0|5250|0|0|0|0|18400|0|CA|15||||||0|0|03/31/2025|0|0
H0CA15171|SIMITIAN, S JOSEPH|O|1|DEM|238860.91|0|287645.23|0|48784.32|0|237760.91|0|0|250000|0|0|-1900|CA|16||||||0|0|03/31/2025|1000|0
H0CA18068|KUMAR, RISHI|O|1|DEM|973|0|2285.81|0|1312.84|.03|0|973|0|0|0|303573|0|CA|16||||||0|0|03/31/2026|0|0
H2CA18148|RADING, AJWANG|O|1|DEM|0|0|0|0|2049.45|2049.45|0|0|0|0|0|0|0|CA|16||||||0|0|03/31/2025|0|0
H4CA16197|LICCARDO, SAM T.|I|1|DEM|3192170|1287003.98|1245170.1|7000|90392.1|2037392|0|0|0|0|0|0|1379789.01|CA|16||||||506750|0|03/31/2026|13800|0
H4CA16239|LOW, EVAN|O|1|DEM|25710.47|0|74737.38|0|81235.26|32208.35|0|0|0|0|0|0|0|CA|16||||||0|0|03/31/2026|1400|0
H4CA16247|DIXON, PETER|C|1|DEM|0|0|1038.33|0|1038.33|0|0|0|0|0|0|0|0|CA|16||||||0|0|03/20/2025|0|0
H8CA12098|ESHOO, ANNA G|I|1|DEM|703.25|0|71129.67|0|86697.18|16270.76|0|0|0|0|0|0|0|CA|16||||||0|0|03/31/2026|0|0
H2CA16100|TACHERRA, JOHNNY|C|2|REP|0|0|0|0|0|0|0|0|0|0|0|58772.54|0|CA|16||||||0|0|03/31/2026|0|0
H4CA16163|OHTAKI, PETER I|O|2|REP|36684.65|0|36814.84|0|130.19|0|36684.65|0|0|0|0|0|0|CA|16||||||0|0|04/15/2025|0|0
H6CA16143|STEIN, JOTHAM|C|3|NPA|56800.09|0|30353.39|0|1900|28346.7|4557.25|32000|0|0|0|32000|20242.84|CA|16||||||0|0|03/31/2026|0|0
H0CA15148|HONDA, MIKE|I|1|DEM|0|0|1800|0|8106.51|6306.51|0|0|0|0|0|105815.19|0|CA|17||||||0|0|03/31/2026|0|0
H0CA17201|PARK, JASON ISAAC||1|DEM|580|0|494.21|0|0|85.79|0|0|0|0|0|0|580|CA|17||||||0|0|03/31/2026|0|0
H4CA12055|KHANNA, ROHIT|I|1|DEM|11408065.59|0|5998646.47|0|10709091.4|16118510.52|0|0|0|0|0|89348.3|10898703.02|CA|17||||||750|0|03/31/2026|103545.16|500
H6CA17216|AGARWAL, ETHAN|C|1|DEM|419394.38|0|107826.64|0|0|311567.74|0|0|0|0|0|68233|413394.38|CA|17||||||6000|0|03/31/2026|2341.26|0
H6CA17224|KATZ, MIKE|C|1|DEM|5112|0|3671.95|0|0|1440.05|0|0|0|0|0|8450|5112|CA|17||||||0|0|03/31/2026|0|0
H0CA17193|TANDON, RITESH|C|2|REP|9258.48|0|7119.78|0|0|2138.7|0|0|0|0|0|4820.31|9258.48|CA|17||||||0|0|03/31/2026|0|0
H4CA17310|CHEN, ANITA S|C|2|REP|950|0|2020.78|0|1070.78|0|0|0|0|0|0|0|950|CA|17||||||0|0|03/03/2025|0|0
H2CA18171|ACEVEDO-ARREGUIN, LUIS ANTONIO||1|DEM|18368.65|0|15792.59|0|5918.38|8494.44|0|17868.65|0|0|0|34940.65|500|CA|18||||||0|0|03/31/2026|0|0
H4CA16049|LOFGREN, ZOE|I|1|DEM|1505748.5|162357.33|1165143.14|0|239752.35|580357.71|0|0|0|0|0|8201.15|969032.49|CA|18||||||370200|0|03/31/2026|2999|2500
H4CA18136|NIJMEH, CHARLENE CONCEPCION|C|1|DEM|166358.77|0|166441.01|0|82.24|0|41872.16|0|0|40500|0|0|124486.61|CA|18||||||0|0|06/27/2025|0|0
H2CA18163|HERNANDEZ, PETER|C|2|REP|0|0|1406.55|0|1413.33|6.78|0|0|0|0|0|2500|0|CA|18||||||0|0|03/31/2025|0|0
H6CA18172|LEWIS, SHANE|C|2|REP|40161.12|0|23764.01|0|0|16397.11|152.4|31805.15|66.89|959|66.89|30225|8132.68|CA|18||||||0|0|03/31/2026|0|0
H6CA18164|DEMERS, CHRISTOPHER|C|3|NPA|88367.81|0|40375.63|0|0|47992.18|0|50057|0|0|0|57353.35|38310|CA|18||||||0|0|03/31/2026|0|0
H6CA20152|PANETTA, JIMMY|I|1|DEM|2206867.87|0|1033219.07|0|3714638.61|4888287.41|0|0|0|0|0|0|921495.06|CA|19||||||1259856.8|0|03/31/2026|1067|0
H6CA19154|VERBICA, PETER COE|C|2|REP|62529|0|45495.56|0|0|17033.44|505|0|0|0|0|0|58524|CA|19||||||3500|0|03/31/2026|0|0
H4CA19118|DOUGHERTY, SEAN JACOB|C|3|GRE|108168.06|0|104872.76|0|2019.33|5314.63|0|85729|0|0|0|105170|22439.06|CA|19||||||0|0|03/31/2026|0|0
H2CA23155|WOOD, MARISA|C|1|DEM|0|0|4634.17|0|4634.17|0|0|0|0|0|0|0|0|CA|20||||||0|0|06/30/2025|0|0
H6CA20228|VAN SCOTTER, SANDRA|C|1|DEM|8201.16|0|7752.96|0|0|448.2|6570.16|0|0|0|0|0|1631|CA|20||||||0|0|03/31/2026|0|0
H6CA20236|ROPER, CAROL KRISTINA|C|1|DEM|107428|0|22728.46|0|0|84699.54|0|100000|0|0|0|100770.41|7428|CA|20||||||0|0|03/31/2026|0|0
H4CA20181|FONG, VINCE|I|2|REP|1445983.23|52041.95|1187211.78|0|39231.4|298002.85|0|0|0|0|0|15647.28|656703.5|CA|20||||||686573.06|0|03/31/2026|0|0
H6CA22125|MCCARTHY, KEVIN|I|2|REP|590460.14|344766.61|1565353.13|0|6235533.03|5260640.04|0|0|0|0|0|0|143.18|CA|20||||||0|0|03/31/2026|2988.28|0
H2CA20144|DEWELL, BEN|C|3|IND|2684.99|0|498.91|0|703.4|2889.48|0|1681.12|0|0|0|3881.12|895|CA|20||||||0|0|03/31/2026|0|0
H0CA22110|GARCIA, ERIC|C|1|DEM|593.17|0|593.17|0|0|0|0|0|0|0|0|20910.5|590|CA|21||||||0|0|03/31/2026|0|0
H4CA20082|COSTA, JIM|I|1|DEM|1109533.2|6895|464581.74|0|208882.1|853833.56|0|0|0|0|0|0|452387.33|CA|21||||||649000.01|0|03/31/2026|1147.09|2000
H2CA22215|MAHER, MICHAEL A|C|2|REP|235|0|33902.04|0|33667.04|0|0|0|0|0|0|10451.47|235|CA|21||||||0|0|03/31/2026|0|0
H6CA13199|KIRKLAND, KYLE|C|2|REP|252918.93|0|173096.53|0|0|79822.4|97708.69|0|0|0|0|6000|151710.24|CA|21||||||3500|0|03/31/2026|3644.96|0
H6CA21234|RIOS, LORENZO|C|2|REP|385587.35|0|299488.93|0|0|86098.42|0|25000|0|0|0|64457.82|355589.35|CA|21||||||4998|0|03/31/2026|6000|0
H6CA21275|KRUSE, LANCE ALVIN|C|3|NNE|1900|0|1740|0|0|160|0|1900|0|0|0|1900|0|CA|21||||||0|0|03/31/2026|0|0
H2CA21233|SALAS, RUDY|C|1|DEM|13882.34|0|99688.84|0|206443.2|120636.7|0|0|0|0|0|0|6867.61|CA|22||||||7000|0|03/31/2026|0|0
H6CA22190|VILLEGAS, RANDY|C|1|DEM|1327199.42|0|608218.97|0|0|718980.45|0|0|0|0|0|0|1246199.42|CA|22||||||81000|0|03/31/2026|3511.25|0
H6CA22208|BAINS, JASMEET|C|1|DEM|1111524.4|10889.98|410992.45|0|0|700531.95|0|0|0|0|0|23429.94|947486.98|CA|22||||||153147.44|0|03/31/2026|19550.5|0
H2CA20094|VALADAO, DAVID|I|2|REP|4150872.37|1358505.02|1316146.88|0|45535.53|2880261.02|0|0|0|0|0|0|1141593.35|CA|22||||||1627167|10000|03/31/2026|40216.88|0
H2CA21183|MATHYS, CHRIS|C|2|REP|5|0|.5|0|1807.9|1812.4|5|0|0|0|0|520926.79|0|CA|22||||||0|0|03/31/2026|0|0
H2CA22199|HENG, ELIZABETH|C|2|REP|0|0|0|0|0|0|0|0|0|0|0|88725.88|0|CA|22||||||0|0|03/31/2026|0|0
H8CA20059|NUNES, DEVIN G.|I|2|REP|1772133.49|0|673015.8|0|13448118.27|14547235.96|0|0|0|0|0|0|0|CA|22||||||0|0|03/31/2026|0|0
H2CA08214|MARSHALL, DEREK|C|1|DEM|1900.7|0|5113.95|0|3213.25|0|0|0|0|0|0|6163.67|0|CA|23||||||250|1500|03/31/2026|0|0
H2CA23163|GILL, LOUIS|C|1|DEM|0|0|179.7|0|900.12|720.42|0|0|0|0|0|0|0|CA|23||||||0|0|06/30/2025|0|0
H6CA23230|HODGE, TESSA LYNN|C|1|DEM|55426.26|0|49663.11|0|0|5763.15|5310|3770.4|0|0|0|3770.4|46200.26|CA|23||||||0|0|03/31/2026|0|0
H6CA23255|CLAIBORNE, ALEXIS L|C|1|DEM|11842.88|0|6340.78|0|0|2654.8|550|0|0|0|0|0|11292.88|CA|23||||||0|0|12/31/2025|0|0
H6CA23263|CHAKALIAN, PAUL|C|1|DEM|72674.73|0|72674.73|0|0|0|16925.24|0|0|0|0|0|55249.49|CA|23||||||500|0|01/29/2026|596|0
H6CA23305|WALLIS, CHARLES PATRICK|C|1|DEM|37736.78|0|25491.11|0|0|12245.67|6507.23|0|0|0|0|0|31079.55|CA|23||||||0|0|03/31/2026|0|0
H0CA08135|OBERNOLTE, JAY|I|2|REP|1072300.77|57868.99|615487.83|0|997839.76|1454652.7|0|0|0|0|0|1125000|408414.72|CA|23||||||580000|0|03/31/2026|7300|0
H6CA23289|MATTHEWS, KAREN|C|3|IND|141100.32|0|96654.81|0|0|44445.51|0|20000|0|0|0|20000|121050.17|CA|23||||||50|0|03/31/2026|600|0
H6CA24303|CARBAJAL, SALUD O.|I|1|DEM|1395720.08|0|708638.33|0|2643869.51|3330951.26|0|0|0|0|0|6007.67|967718.33|CA|24||||||423016.45|0|03/31/2026|7113.95|0
H6CA24352|BACON, SARAH|C|1|DEM|17088.64|0|14449.64|0|0|2639|14449.64|0|0|0|0|0|2639|CA|24||||||0|0|03/31/2026|0|0
H2CA24229|ALLEN, BRAD DR.|C|2|REP|1740|0|1833.23|0|93.23|0|1740|0|0|0|0|0|0|CA|24||||||0|0|03/27/2025|0|0
H4CA24191|COLE, THOMAS DR|C|2|REP|0|0|0|0|-13662.01|-13662.01|0|0|0|0|0|52038|0|CA|24||||||0|0|03/31/2025|0|0
H6CA24345|SMITH, ROBERT BOB J|C|2|REP|164413.3|0|108313.28|0|0|56100.02|2492.38|20000|0|0|0|24690.67|141570.92|CA|24||||||0|0|03/31/2026|0|0
H2CA24203|WESLANDER QUAID, MICHELE|C|3|NPA|0|0|1240.54|0|1240.54|0|0|0|0|0|0|0|0|CA|24||||||0|0|03/31/2025|0|0
H2CA36439|RUIZ, RAUL DR.|I|1|DEM|1744406.01|14000|1045817.8|0|1702739.4|2401327.61|0|0|0|0|0|0|961959.24|CA|25||||||765751.25|0|03/31/2026|2057.92|0
H0CA25097|VALLADARES, SUZETTE MARTINEZ|C|2|REP|0|0|0|0|1526.21|1526.21|0|0|0|0|0|20396.47|0|CA|25||||||0|0|03/31/2026|0|0
H2CA25259|THAKUR, ALBERT 'BURT'|C|2|REP|0|0|0|0|749.61|749.61|0|0|0|0|0|6106|0|CA|25||||||0|0|03/31/2026|0|0
H2CA36447|REISS, JONATHAN|C|2|REP|206.03|0|131.21|0|39.21|114.03|0|0|0|0|0|14017.12|206.03|CA|25||||||0|0|03/31/2026|0|0
H4CA25214|TRUMAN, CECI|C|2|REP|283891.77|0|272751.15|0|2607.89|13748.51|0|0|0|0|0|0|283475.1|CA|25||||||0|0|03/31/2026|89|0
H4CA25222|WEEKS, IAN|C|2|REP|50|0|13307.71|0|13257.71|0|0|0|0|0|0|0|50|CA|25||||||0|0|04/15/2025|0|0
H4CA25230|CHAPA, MIGUEL|C|2|REP|0|0|726.46|0|726.46|0|0|0|0|0|0|0|0|CA|25||||||0|0|02/24/2025|0|0
H6CA25219|MALES, JOE|C|2|REP|841992.41|0|790123.78|0|0|51868.63|0|0|0|0|0|30649.63|785938.6|CA|25||||||450|0|03/31/2026|1366|0
H2CA00120|BROWNLEY, JULIA|I|1|DEM|582070.45|0|555813.61|0|942357.13|968613.97|0|0|0|0|0|0|241264.54|CA|26||||||310500|0|03/31/2026|34650|19000
H4CA26196|ANSTEAD, CHRIS|C|1|DEM|4529.12|0|4529.12|0|0|0|0|0|0|4529.12|0|0|0|CA|26||||||0|0|05/16/2025|0|0
H6CA26266|IRWIN, JACQUI V|O|1|DEM|556553.49|0|59577.44|0|0|496976.05|0|0|0|0|0|0|482053.49|CA|26||||||74500|0|03/31/2026|1000|0
H6CA26308|ESPINOSA, CHRIS|O|1|DEM|67952.02|0|24003.21|0|0|43948.81|12060|0|0|0|0|0|55892.02|CA|26||||||0|0|03/31/2026|0|0
H6CA26316|DEVGAN-KACKER, SONIA DR|O|1|DEM|65998|0|21840.81|0|0|44157.19|2026|5740|0|0|0|5740|58232|CA|26||||||0|0|03/31/2026|0|0
H4CA26162|KOSLOW, MICHAEL S|O|2|REP|65589|0|66983.07|0|11311.45|9917.38|145|20000|0|0|0|73683|45444|CA|26||||||0|0|03/31/2026|0|0
H6CA26241|GALLUCCI, SAMUEL|O|2|REP|234370.02|0|206719.31|0|0|27650.71|54766.02|87000|0|52000|0|35015.74|92604|CA|26||||||0|0|03/31/2026|0|0
H6CA26258|SCOTT, WILLIAM|O|2|REP|16306.18|0|1740|0|0|14566.18|13644.66|0|0|0|0|0|2661.52|CA|26||||||0|0|03/31/2026|0|0
H4CA27111|WHITESIDES, GEORGE|I|1|DEM|3388652.15|376323.9|1220666.61|0|326733.36|2494718.9|0|0|0|0|0|1310000|2391178.37|CA|27||||||532837.62|6878.69|03/31/2026|42428.04|3000
H6CA27330|NORWOOD, CALEB GABRIEL|C|1|DEM|350|0|0|0|0|350|0|0|0|0|0|0|350|CA|27||||||0|0|03/31/2026|0|0
H8CA27112|WITT, BRYAN|C|1|DEM|163.2|0|0|0|110.18|273.38|0|0|0|0|0|28500|0|CA|27||||||0|0|03/31/2026|0|0
H0CA25105|GARCIA, MICHAEL|I|2|REP|10508.65|7029.61|60334.06|0|49856.09|0|0|0|0|0|0|0|478.25|CA|27||||||0|0|12/31/2025|0|0
H6CA27306|GIBBS, JASON|C|2|REP|343899.44|0|112916.91|0|0|230982.53|0|0|0|0|0|17347.35|333899.44|CA|27||||||10000|0|03/31/2026|500|0
H6CA27314|NEIDHART, DAVID|C|2|REP|518.45|0|268.45|0|0|250|0|518.45|0|0|0|2518.45|0|CA|27||||||0|0|03/31/2026|0|0
H0CA32101|CHU, JUDY|I|1|DEM|823738.24|0|750913.83|0|3602004.95|3674829.36|0|0|0|0|0|743.21|509963.24|CA|28||||||313775|0|03/31/2026|2175|0
H6CA28189|GONZALEZ, ROBERT THOMAS|C|1|DEM|0|0|0|0|0|0|0|0|0|0|0|0|0|CA|28||||||0|0|03/04/2026|0|0
H4CA28127|VERLATO, APRIL|C|2|REP|50|0|7475|0|7837.65|412.65|0|0|0|0|0|0|50|CA|28||||||0|0|03/31/2026|0|0
H2CA27222|DEPAOLIS, GIULIANO GIOVANNI|C|3|NPA|4000|0|4000|0|0|0|0|0|0|0|0|4000|4000|CA|28||||||0|0|05/26/2025|0|0
H2CA28113|CARDENAS, TONY|I|1|DEM|32.42|0|39074.2|0|45909.21|6867.43|0|0|0|0|0|5676.3|0|CA|29||||||0|0|03/31/2026|0|0
H4CA29141|RIVAS, LUZ|I|1|DEM|553732.2|0|383627.32|40000|264263.23|434368.11|0|0|0|0|0|0|259548.11|CA|29||||||292289.68|0|03/31/2026|4506.76|0
H8CA29100|DUENAS, ANGELICA MARIA|C|1|DEM|13262.53|0|2053.34|0|-96.27|11112.92|0|0|0|0|0|0|13262.53|CA|29||||||0|0|03/31/2026|0|0
H2CA28097|HERNANDEZ, DAVID RAYMOND|C|2|REP|0|0|0|0|3200|3200|0|0|0|0|0|12415.15|0|CA|29||||||0|0|03/31/2026|0|0
H2CA29087|CARRANZA, MARGARITA MARIA|C|2|REP|0|0|0|0|235|235|0|0|0|0|0|0|0|CA|29||||||0|0|04/15/2025|0|0
H0CA27085|SCHIFF, ADAM|I|1|DEM|7793490.82|197272.71|4210120.6|0|6381026.62|9964396.84|0|0|0|0|0|0|6461264.46|CA|30||||||62501|0|03/31/2026|116533.96|2900
H4CA30131|MELVOIN, NICK|C|1|DEM|5092.19|0|66782.1|0|212665.6|150975.69|0|0|0|0|0|0|0|CA|30||||||0|0|03/31/2026|0|0
H4CA30149|FRIEDMAN, LAURA|I|1|DEM|640450.64|0|537190.84|0|296748.24|400008.04|0|0|0|0|0|0|417206.05|CA|30||||||220050|0|03/31/2026|590|3500
H4CA30164|SAVAGE, BEN|O|1|DEM|80|0|950.74|0|870.74|0|0|0|0|0|0|719000|0|CA|30||||||0|0|03/31/2026|0|0
H4CA30180|PORTANTINO, ANTHONY|O|1|DEM|143|0|5350|0|5464.01|257.01|0|0|0|-35500|0|50500|0|CA|30||||||0|0|03/31/2026|36840|3810
H6CA30219|HERMAN, LESTER|C|1|DEM|28505|0|29035.55|0|735|204.45|0|28300|0|0|0|28300|205|CA|30||||||0|0|03/31/2026|0|0
H6CA30268|TENNYSON, CAMERON|C|1|DEM|3665|0|3154.48|0|0|510.52|3025|0|0|0|0|0|640|CA|30||||||0|0|03/31/2026|0|0
H6CA30276|LAVA, JOEL MR.|C|1|DEM|1780.4|0|1271.91|0|0|508.49|0|0|0|0|0|0|1780.4|CA|30||||||0|0|03/31/2026|0|0
H4CA30081|KLEINMAN, PABLO|C|2|REP|0|0|0|0|0|0|0|0|0|0|0|66030.72|0|CA|30||||||0|0|03/31/2026|0|0
H4CA30230|BALEKIAN, ALEX ARTO|O|2|REP|952.21|0|5278.49|0|2819.41|0|0|0|0|0|0|757.33|952.21|CA|30||||||0|0|04/14/2026|0|0
H6CA30201|FEITOSA, DENNIS F.|C|2|REP|6057.56|0|1048.25|0|0|5009.31|0|0|0|0|0|0|6057.56|CA|30||||||0|0|03/31/2026|0|0
H6CA30250|MEYERS, SCOTT ALAN|C|2|REP|33320|0|24473.6|0|0|8846.4|0|25000|0|0|0|25000|8320|CA|30||||||0|0|03/31/2026|0|0
H6CA30243|JOHN ARMENIAN|C|3|NPA|68592.5|0|42441.28|0|0|26151.22|0|35982.5|0|0|0|38691.02|32610|CA|30||||||0|0|03/31/2026|0|0
H4CA31055|REYES, ELOISE GOMEZ|O|1|DEM|0|0|0|0|1436.41|1436.41|0|0|0|0|0|119061.15|0|CA|31||||||0|0|03/31/2026|0|0
H4CA31113|ARCHULETA, BOB|O|1|DEM|2500|0|2750|0|17461.03|17211.03|0|0|0|0|0|225000|0|CA|31||||||2500|0|03/31/2026|0|0
H4CA31154|RUBIO, SUSAN|O|1|DEM|52.49|0|817.19|0|1636.21|871.51|0|0|0|0|0|13954.08|0|CA|31||||||0|0|03/31/2026|0|0
H8CA34068|NAPOLITANO, GRACE|I|1|DEM|0|0|142612.19|0|223315.54|80703.35|0|0|0|0|0|0|0|CA|31||||||0|0|03/31/2026|0|0
H8CA39174|CISNEROS, GILBERT|C|1|DEM|491888.34|0|381064.01|0|40075.83|150900.16|0|0|0|0|0|5450000|150815.5|CA|31||||||337150|0|03/31/2026|156.25|1000
H2CA31158|GUTIERREZ, REX DALE ALEXANDER|C|2|REP|0|0|1100|0|6411.27|5311.27|0|0|0|0|0|0|0|CA|31||||||0|0|03/31/2026|0|0
H2CA39151|CHING, ERIC J|C|2|REP|67137.33|0|37932.56|0|40240.57|69445.34|0|0|0|0|0|0|67137.33|CA|31||||||0|0|03/31/2026|0|0
H6CA31134|FLYNN, SEAN|C|2|REP|0|0|0|0|235.67|235.67|0|0|0|0|0|722882.32|0|CA|31||||||0|0|03/31/2026|0|0
H0CA31137|WEEMS, EUGENE|C|3|W|32154.89|0|32154.89|0|0|0|0|32154.89|0|0|0|32154.89|0|CA|31||||||0|0|03/31/2026|0|0
H0CA31087|SOLIS, HILDA|I|1|DEM|14845.18|0|69137.33|0|54542.15|0|0|0|0|0|0|0|0|CA|32||||||0|0|09/30/2025|0|0
H0CA32333|GONZALES, EMANUEL LAWRENCE MR|C|1|DEM|0|0|0|0|129.03|129.03|0|0|0|0|0|0|0|CA|32||||||0|0|03/31/2026|0|0
H2CA30275|RHODES, AARIKA SAMONE|C|1|DEM|0|0|26594.2|0|26594.2|0|0|0|0|0|0|0|0|CA|32||||||0|0|03/15/2025|0|0
H4CA30123|RAB, AEJAZ (RAJI)|C|1|DEM|0|0|120|0|4556.38|4436.38|0|0|0|0|0|141611.25|0|CA|32||||||0|0|03/31/2026|0|0
H4CA32145|AHUJA, CHRISTOPHER|C|1|DEM|40886.79|0|19259.38|0|2671|4269.5|0|0|0|0|0|0|40886.79|CA|32||||||0|0|03/31/2026|0|0
H6CA24113|SHERMAN, BRAD|I|1|DEM|1749552.42|5513.11|843616.07|0|3921944.7|4827881.05|0|0|0|0|0|7605.45|916207.43|CA|32||||||519375|0|03/31/2026|5|5000
H6CA32173|RAKOV, JAKE|C|1|DEM|583940|0|583940|0|0|0|0|500000|0|352630.32|0|0|81439.8|CA|32||||||2500|0|09/30/2025|11618|2500
H6CA32207|LEVINE, JAKE|C|1|DEM|1595869.3|0|594292.08|0|0|1001577.22|32936.46|0|0|0|0|0|1551332.84|CA|32||||||11600|0|03/31/2026|16515|0
H6CA32215|BENAMI, DORY|C|1|DEM|41771.31|0|15856.82|0|0|25914.49|1740|20000|0|0|0|20000|20031.31|CA|32||||||0|0|03/31/2026|100|0
H6CA32223|WILDING, ANNA|C|1|DEM|13356.63|0|12782.97|0|0|573.66|11574.84|0|0|0|0|0|1681.79|CA|32||||||100|0|03/31/2026|0|0
H6CA32231|SAUTTER, JOSH|C|1|DEM|31028|0|370.75|0|0|24990.11|0|0|0|0|0|0|31028|CA|32||||||0|0|03/31/2026|0|0
H6CA32256|LIN, MARENA|C|1|DEM|14262.25|0|5165.76|0|0|9096.49|0|0|2500|0|0|4139.5|11762.25|CA|32||||||0|0|03/31/2026|0|0
H4CA32137|THOMPSON, LARRY|C|2|REP|15251.05|0|14278.44|0|0|972.61|12901.05|0|0|0|0|0|2350|CA|32||||||0|0|03/31/2026|0|0
H2CA31125|AGUILAR, PETE|I|1|DEM|3895130.94|435950.9|3190349.56|0|2649071.17|3353852.55|0|0|0|0|0|0|1596696.7|CA|33||||||1676100.57|0|03/31/2026|12116.67|14800
H4CA33168|MILLER, MATTHEW LOUIS|O|1|DEM|0|0|511.18|0|511.18|0|0|0|0|0|0|0|0|CA|33||||||0|0|03/31/2025|0|0
H6CA24048|WAXMAN, HENRY A|C|1|DEM|11775|0|8211.97|0|1580.9|1623.34|0|0|0|0|0|0|0|CA|33||||||0|0|03/31/2026|0|0
H6CA33130|CHRISTODOULOU, ANTONIS PANAGIOTIS|C|1|DEM|4705|0|2013.08|0|0|2691.92|0|0|0|0|0|0|4705|CA|33||||||0|0|03/31/2026|0|0
H0CA33216|LIEW, SARAH SUN DR.|C|2|REP|0|0|0|0|-57.93|-57.93|0|0|0|0|0|292059.24|0|CA|33||||||0|0|12/31/2025|0|0
H2CA33246|RICHTER, ERNEST|C|2|REP|21083.05|0|20630.93|0|0|452.12|0|21083.05|0|1500|0|21120.66|0|CA|33||||||0|0|03/31/2026|0|0
H4CA33135|CARR, ELAN S.|O|2|REP|0|0|0|0|0|0|0|0|0|0|0|11284.82|0|CA|33||||||0|0|03/31/2026|0|0
H4CA33267|HERMAN, THOMAS||2|REP|0|0|48|0|1875.75|1827.75|0|0|0|0|0|0|0|CA|33||||||0|0|03/31/2025|0|0
H6CA33122|WEEMS, EUGENE LAMONTE|C|2|REP|32154.89|0|32154.89|0|0|0|0|32154.89|0|0|0|32154.89|0|CA|33||||||0|0|03/31/2026|0|0
H2CA30143|BECERRA, XAVIER|I|1|DEM|-88729.98|0|1288657.97|0|1446362.04|68974.09|0|0|0|0|0|0|0|CA|34||||||0|0|03/31/2026|0|16200
H4CA34083|KIM, DAVID|C|1|DEM|0|0|10847.25|0|17197.86|-1277.99|0|0|0|0|0|0|0|CA|34||||||0|0|09/02/2025|0|0
H6CA34286|GONZALES-TORRES, ANGELA|C|1|DEM|165902.9|0|144901.49|0|0|21001.41|0|0|0|0|0|13557|158785.4|CA|34||||||7000|0|03/31/2026|345|0
H6CA34294|LUCERO, ROB|C|1|DEM|176063.74|0|136126.49|0|0|40709.11|0|0|18000|0|6000|34217.2|157598|CA|34||||||0|0|03/31/2026|0|0
H6CA34302|DIXON, ARTHUR|C|1|DEM|16991|0|4500|0|0|12491|0|10000|0|0|0|10000|6991|CA|34||||||0|0|03/31/2026|0|0
H8CA34258|AHN, ROBERT LEE|O|1|DEM|0|0|0|0|16.06|16.06|0|0|0|0|0|533998.24|0|CA|34||||||0|0|03/31/2026|0|0
H8CA34266|GOMEZ, JIMMY|I|1|DEM|1045418.66|1093.64|306108.97|0|88758.91|828068.6|0|0|0|0|0|78556.02|595383.26|CA|34||||||446611.6|32.68|03/31/2026|250|1000
H6CA34278|COLIN, LOREN|C|3|NOP|8939.01|0|3563.31|0|0|5375.7|0|2500|0|0|0|2500|6439|CA|34||||||0|0|03/31/2026|0|0
H4CA35031|TORRES, NORMA|I|1|DEM|552612.55|0|475042.4|0|303315.03|380885.18|0|0|0|0|0|0|143113.04|CA|35||||||407320|0|03/31/2026|33|5000
H0CA35146|CARGILE, MIKE|C|2|REP|4145|0|2065.8|0|470.77|2549.97|0|0|0|0|0|12959.54|4145|CA|35||||||0|0|03/31/2026|0|0
H4CA33119|LIEU, TED|I|1|DEM|1384611.75|188094.53|1006064.73|4000|675006.75|1053553.77|0|0|0|0|0|53000|765306.32|CA|36||||||413979.17|0|03/31/2026|7794.42|0
H6CA36216|KNUDTSON, RUSTIN|C|1|DEM|500|0|0|0|0|500|0|0|0|0|0|0|500|CA|36||||||0|0|03/31/2026|0|0
H6CA36232|SHAMMA, MARIANNE|C|1|DEM|3684.24|0|2404.24|0|0|1280|0|0|0|0|0|0|3684.24|CA|36||||||0|0|03/31/2026|0|0
H2CA00146|TOOMIM, LEAH MELISSA|C|2|REP|30612.98|0|29722.4|0|618.25|5503.51|200|6775|0|1191.9|0|6025|22575|CA|36||||||0|0|03/31/2026|0|0
H2CA36496|HAKAMI, ARIANA|C|2|REP|160|0|453.61|0|293.61|0|0|0|0|0|0|0|160|CA|36||||||0|0|03/31/2026|0|0
H4CA36161|RAGGE ANDERSON, CLAIRE|C|3|NON|22100|0|19102.13|0|2474.53|5472.4|1500|20500|0|0|0|51950|100|CA|36||||||0|0|03/31/2026|0|0
H2CA37296|LEE, DANIEL|O|1|DEM|0|0|0|0|96.83|96.83|0|0|0|0|0|4765.96|0|CA|37||||||0|0|03/31/2026|0|0
H2CA37304|KAMLAGER-DOVE, SYDNEY|I|1|DEM|621065.83|0|503814.21|0|61997.98|179249.6|0|0|0|0|0|0|295886.06|CA|37||||||323842.46|779.16|03/31/2026|300|2500
H2CA37346|SHURE, MICHAEL MR.|O|1|DEM|0|0|0|0|9047.13|9047.13|0|0|0|0|0|51967|0|CA|37||||||0|0|03/31/2026|0|0
H6CA37321|LOMBARDO, TODD|C|1|DEM|80799|0|58259.05|0|-294|22245.95|3000|20100|0|10100|0|10187.8|53799|CA|37||||||0|0|03/31/2026|0|0
H8CA29118|REY, JUAN||3|NOP|0|0|1509.06|0|1509.06|0|0|0|0|0|0|0|0|CA|37||||||0|0|01/25/2025|1509.06|0
H6CA38121|ADAMS-FALCONER, THOMAS MICHAEL JR.|C|1|DEM|33528.93|0|31894.25|0|812.55|2447.23|0|0|0|0|0|38473.72|31028.7|CA|38||||||0|0|12/31/2025|55|0
H6CA38139|SOLIS, HILDA|C|1|DEM|740679.23|0|151115.06|0|0|589564.17|0|0|0|0|0|2492.76|598930.23|CA|38||||||74749|0|03/31/2026|1250|0
H6CA38147|SANCHEZ, MONICA DR.|C|1|DEM|134141.39|0|120039.46|0|0|14101.93|0|1000|0|0|0|2250|129591.39|CA|38||||||3500|0|03/31/2026|3650|0
H2CA39086|DE LA TORRE, HECTOR|C|1|DEM|501687|0|68492.59|0|0|433194.41|0|0|0|0|0|0|498187|CA|39||||||3500|0|03/31/2026|1250|0
H2CA43245|TAKANO, MARK|I|1|DEM|649292.69|1679.57|830017.84|100000|269169.88|88444.73|0|0|0|0|0|0|388205.11|CA|39||||||259250|0|03/31/2026|18902.5|0
H4CA39066|SERPA, DAVID|C|2|REP|0|0|300|0|300|0|0|0|0|0|0|0|0|CA|39||||||0|0|01/23/2025|0|0
H2CA33048|ROYBAL-ALLARD, LUCILLE|I|1|DEM|0|0|5271.48|0|5271.48|0|0|0|0|0|0|0|0|CA|40||||||0|0|04/17/2025|0|0
H6CA40309|VARET, ESTHER KIM|C|1|DEM|2741343.42|5428.8|1591411.35|0|0|1149932.07|207000|385000|0|0|0|497352.45|2103635.82|CA|40||||||10000|0|03/31/2026|16299.97|0
H6CA40317|KERR, JOSEPH|C|1|DEM|222567.66|0|205489.94|0|0|17077.72|0|0|0|0|0|23500|209017.66|CA|40||||||13500|0|03/31/2026|171|0
H6CA40325|GAGNIER, CHRISTINA|C|1|DEM|606522.52|0|509135.73|0|0|97386.79|14919.33|54003|0|54003|0|0|534262.02|CA|40||||||2500|0|03/31/2026|35888|0
H6CA40333|SWIFT, PAULA WILLIAMS DR.|C|1|DEM|14546.21|0|14545.76|0|0|0|0|250|0|250|0|0|14063.02|CA|40||||||0|0|12/15/2025|50|0
H6CA40374|MEADE, PERRY|C|1|DEM|276079.27|0|228134.54|0|0|47944.73|0|0|0|0|0|0|275079.27|CA|40||||||1000|0|03/31/2026|99025|0
H6CA40382|RAMIREZ, LISA D|C|1|DEM|391849.74|0|329260.79|0|0|62588.95|54411.68|20000|0|20000|0|0|305531.07|CA|40||||||11556.14|0|03/31/2026|35|0
H6CA41299|TATE, TIFFANIE DR.|C|1|DEM|66421.47|0|66421.47|0|0|0|0|0|0|0|0|0|66421.47|CA|40||||||0|0|03/31/2026|9000|0
H6CA41323|KEISSIEH, CLAUDE MANUEL|C|1|DEM|34100|0|34090|0|0|1|0|33100|0|0|0|33100|1000|CA|40||||||0|0|03/31/2026|0|0
H2CA37023|CALVERT, KEN|I|2|REP|5245240.06|1909653.04|1771153.86|0|262135.61|3736221.81|0|0|0|0|0|24252.55|1955115.15|CA|40||||||1195827|0|03/31/2026|21200|0
H8CA39240|KIM, YOUNG|I|2|REP|7650304.71|1471440.64|3601336.05|0|1737498.43|5786467.09|0|0|0|0|0|44699.9|4670984.68|CA|40||||||1419120.48|10000|03/31/2026|126270.73|3000
H6CA40341|LINH, NINA|C|3|IND|267231.91|0|158044.42|0|0|109187.49|5|110000|0|0|0|110719.34|156976.91|CA|40||||||250|0|03/31/2026|450|0
H6CA40358|AHMED, CHRISTIAN TYLER|C|3|IND|30|0|0|0|100|130|0|0|0|0|0|0|30|CA|40||||||0|0|06/03/2025|0|0
H2CA39078|SANCHEZ, LINDA|I|1|DEM|1201619.09|0|905763.81|0|425787.47|721642.75|0|0|0|0|0|0|237368.48|CA|41||||||959426.38|32.68|03/31/2026|17.5|11200
H2CA42205|ROLLINS, WILL|C|1|DEM|57230.02|0|90082.76|0|37399.12|4546.38|0|0|0|0|0|0|500|CA|41||||||2000|0|03/31/2026|3550|0
H6CA41257|BYORS, JASON|C|1|DEM|5695.24|0|5695.24|693.19|0|0|1845.13|0|0|0|0|0|500|CA|41||||||3350.11|0|12/31/2025|0|0
H6CA41273|MYERS, TIM|C|1|DEM|178088.96|0|178088.96|0|0|0|58646.85|41353.15|0|41353.15|0|0|78088.95|CA|41||||||0|0|07/15/2025|35|0
H6CA41315|ALEMAN, KATHERINE|C|1|DEM|204218.36|0|204218.36|0|0|0|0|0|0|0|0|0|191468.36|CA|41||||||12000|0|01/31/2026|4595|5000
H6CA41356|WILLIAMS, SHONIQUE|C|1|DEM|62635.68|0|36795.13|0|0|18827.33|0|40000|0|0|0|40000|22635.68|CA|41||||||0|0|03/31/2026|0|0
H6CA41364|DE LA TORRE, HECTOR|C|1|DEM|501687|0|68492.59|0|0|433194.41|0|0|0|0|0|0|498187|CA|41||||||3500|0|03/31/2026|1250|0
H6CA41182|SHEPHERD, DOUG|C|2|REP|0|0|0|0|0|0|0|0|0|0|0|176333.77|0|CA|41||||||0|0|03/31/2026|0|0
H2CA42221|SUMMERVILLE, WILLIAM M.|C|1|DEM|5836|0|5836|0|39.51|39.51|0|0|0|0|0|5559.12|5836|CA|42||||||0|0|03/31/2026|0|0
H2CA42247|BELTRAN, JOAQUIN|C|1|DEM|0|0|0|0|5183.91|5183.91|0|0|0|0|0|2985.66|0|CA|42||||||0|0|03/31/2026|0|0
H2CA47188|GARCIA, ROBERT|I|1|DEM|1968850.91|0|1032105.19|0|412427.9|1349173.62|0|0|0|0|0|0|1476053.83|CA|42||||||469982.94|0|03/31/2026|-616.67|11500
H4CA42128|BELTRAN, JOAQUIN|C|1|DEM|0|0|0|0|463.64|463.64|0|0|0|0|0|3993|0|CA|42||||||0|0|03/31/2026|0|0
H0CA48172|BURLEY, BRIAN J MR.|C|2|REP|161380.76|0|109455.01|0|5776.86|57702.61|0|130000|0|55000|0|111615.86|31380.76|CA|42||||||0|0|03/31/2026|85|0
H4CA42136|BRISCOE, JOHN|C|2|REP|0|0|1705.24|0|1705.24|0|0|0|0|0|0|0|0|CA|42||||||0|0|03/31/2025|0|0
H6CA42180|BLOM, NOAH|C|2|REP|100597|0|5683.08|0|0|94913.92|0|0|0|0|0|0|100597|CA|42||||||0|0|03/31/2026|0|0
H6CA42198|VERMEULEN, LARISA|C|3|NNE|0|0|10958.67|0|0|-10958.67|0|0|0|0|0|0|0|CA|42||||||0|0|03/31/2026|0|0
H4CA23011|WATERS, MAXINE MS|I|1|DEM|607583.32|0|419652.1|0|116456.48|304387.7|0|0|0|0|0|117993.22|218069.57|CA|43||||||265000|0|03/31/2026|332.5|0
H6CA43170|RAHMAN, MYLA|C|1|DEM|14540|0|9172.52|0|0|5367.48|0|0|0|0|0|0|14540|CA|43||||||0|0|03/31/2026|0|0
H2CA35100|HALL, ISADORE III|C|1|DEM|0|0|0|0|0|0|0|0|0|0|0|501802.11|0|CA|44||||||0|0|03/31/2026|0|0
H6CA44103|BARRAGAN, NANETTE|I|1|DEM|637717.72|0|949454.92|0|1481553.91|1169816.71|0|0|0|0|0|0|144221.14|CA|44||||||485250|0|03/31/2026|100|0
H6CA44210|ANGEL, GENEVIEVE|C|2|REP|10305.08|0|2537.45|0|0|7767.63|0|3000|0|0|0|3000|7305.08|CA|44||||||0|0|03/31/2026|0|0
H2CA39136|CHEN, JAY|C|1|DEM|26.25|0|0|0|5988.36|6014.61|0|0|0|0|0|3830.94|0|CA|45||||||0|0|03/31/2026|0|0
H2CA48095|VARASTEH, RON|C|1|DEM|0|0|50.53|0|3257.18|3206.65|0|0|0|0|0|100000|0|CA|45||||||0|0|03/31/2026|0|0
H4CA45121|NGUYEN, KIM|C|1|DEM|14917.5|0|23699.61|0|8782.11|0|0|14794.89|0|0|0|0|25|CA|45||||||0|0|10/10/2025|0|0
H4CA45139|PAI, ADITYA|C|1|DEM|0|0|0|0|1692.32|1692.32|0|0|0|0|0|6407.71|0|CA|45||||||0|0|03/31/2026|0|0
H4CA45170|TRAN, DEREK|I|1|DEM|3860528.08|256773.98|1550092.62|0|327322.79|2637758.25|0|0|0|0|0|25000|2770543.13|CA|45||||||859120.6|2988.14|03/31/2026|16817.02|10000
H8CA45189|FORDE, BRIAN|C|1|DEM|0|0|0|0|220761.93|220761.93|0|0|0|0|0|0|0|CA|45||||||0|0|03/31/2026|0|0
H0CA48198|STEEL, MICHELLE|C|2|REP|1252671.58|7934.26|2156133.07|0|903461.49|0|1131500|0|0|2060000|0|0|93068.04|CA|45||||||2500|0|10/09/2025|2340.76|0
H6CA45159|LEONARD, MARK ANDREW|C|2|REP|25940.49|0|5987.91|0|0|19952.58|740.49|15000|0|0|0|16984.71|10200|CA|45||||||0|0|03/31/2026|0|0
H6CA45167|NGUYEN, CHI CHARLIE|C|2|REP|453425|0|56185.93|0|0|397239.07|0|0|0|0|0|0|453425|CA|45||||||0|0|03/31/2026|0|0
H6CA45183|PHAN WEST, AMY|C|2|REP|52982.78|0|25182.56|0|0|27800.22|0|0|0|0|0|0|52982.78|CA|45||||||0|0|03/31/2026|0|0
H6CA45191|VO, CHUONG|C|2|REP|321894.32|0|95455.58|0|0|226438.74|0|0|0|0|0|25583.55|304894.32|CA|45||||||17000|0|03/31/2026|200|0
H6CA45209|KY-PHONG VO, THOMAS|C|2|REP|534315|0|453726.44|0|0|80588.56|0|20000|480000|0|0|500000|34315|CA|45||||||0|0|03/31/2026|0|0
H6CA40366|MENDEZ, CHRISTIAN|C|1|DEM|1828.4|0|1828|0|0|.4|1828.4|0|0|0|0|0|0|CA|46||||||0|0|03/31/2026|0|0
H6CA46116|CORREA, LOU|I|1|DEM|1010085.96|18815.92|481536.45|0|1867362.63|2395912.14|0|0|0|0|0|0|359202.09|CA|46||||||525782.74|0|03/31/2026|1000|0
H0CA45160|GONZALES, CHRISTOPHER|C|2|REP|5350.56|0|5350.56|0|0|0|0|5350.56|0|0|0|5350.56|0|CA|46||||||0|0|03/31/2026|0|0
H4CA46137|PAN, DAVID|C|2|REP|66955.51|0|65757.12|0|2879.98|4078.39|0|4000|0|0|0|28476.77|61897|CA|46||||||250|0|03/31/2026|250|0
H2CA00104|LOWENTHAL, ALAN||1|DEM|0|0|37300|0|112407.66|75107.66|0|0|0|0|0|0|0|CA|47||||||0|0|03/31/2026|0|0
H4CA47085|MIN, DAVE|I|1|DEM|2959161.94|174547.46|1086233.96|1025|173065.78|2045993.76|0|0|0|0|0|0|2232838.8|CA|47||||||532629.23|8508.25|03/31/2026|21020.01|3500
H4CA47093|JONES, DOM|O|1|DEM|200|0|900|0|717.66|17.66|0|0|0|0|0|9405.56|0|CA|47||||||0|0|03/31/2026|0|0
H4CA47119|WEISS, JOANNA|O|1|DEM|2463.66|0|2962.67|0|4163.23|3664.22|2463.66|0|0|0|0|238164|0|CA|47||||||0|0|03/31/2026|-3300|0
H6CA47072|MIRANDA, HUNTER GARCIA|C|1|DEM|20060.54|0|18823.52|0|0|1237.02|0|0|0|0|0|0|20060.54|CA|47||||||0|0|03/31/2026|0|0
H0CA47133|MOUA, SOU|C|2|REP|0|0|0|0|20.91|20.91|0|0|0|0|0|5700|0|CA|47||||||0|0|03/31/2026|0|0
H2CA45125|PHAN WEST, AMY|C|2|REP|0|0|42.86|0|42.86|0|0|0|0|0|0|0|0|CA|47||||||0|0|04/15/2026|0|0
H4CA36146|HASHEMIEH, JULIA|C|2|REP|0|0|0|0|0|0|0|0|0|0|0|0|0|CA|47||||||0|0|03/31/2026|0|0
H6CA47064|MAXSENTI, MICHAEL|C|2|REP|153917.82|0|144296.77|0|0|8786.98|2|95000|0|0|0|95000|58915.82|CA|47||||||0|0|03/31/2026|0|0
H6CA47114|LE ROUX, JENNY RAE|C|2|REP|207240.5|0|6500.18|0|0|200740.32|500|150000|0|0|0|153900|56740.5|CA|47||||||0|0|03/31/2026|0|0
H6CA47122|BROUGH, BILL|C|2|REP|6271.35|0|5506|0|0|765.35|167.24|0|0|0|0|0|6104.1|CA|47||||||0|0|03/31/2026|0|0
H6CA47130|GONZALES, CHRISTOPHER J|C|2|REP|5350.56|0|5350.56|0|0|0|0|5350.56|0|0|0|5350.56|0|CA|47||||||0|0|03/31/2026|0|0
H6CA48245|BAUGH, SCOTT|O|2|REP|13140.36|1763.97|39375.02|0|26234.66|0|0|0|0|0|0|0|748.33|CA|47||||||0|0|06/30/2025|10861.43|0
H8CA47060|CLIFFORD, DAVID|C|2|REP|0|0|0|0|-2489.98|-2489.98|0|0|0|0|0|10823.57|0|CA|47||||||0|0|12/31/2025|0|0
H6CA47098|TROUTMAN, ERIC J|C|3|IND|240568|0|167237.53|0|0|73330.47|0|160000|0|0|0|164622.99|72968|CA|47||||||0|0|03/31/2026|0|0
H6CA47106|REID, DERRICK MICHAEL|C|3|LIB|10370.45|0|9997.18|0|0|373.27|0|3044.74|0|0|0|3044.74|7276.27|CA|47||||||0|0|03/31/2026|0|0
H0CA52091|RYANS, JERLILIA MS.|O|1|DEM|0|0|19678.19|0|0|-13672.57|0|0|0|0|0|0|0|CA|48||||||0|0|03/31/2026|0|0
H2CA50174|HOULAHAN, STEPHEN WILLIAM|C|1|DEM|0|0|22.38|0|7946.98|7924.6|0|0|0|0|0|0|0|CA|48||||||0|0|03/31/2026|0|0
H4CA48075|SHANAHAN, WHITNEY|O|1|DEM|4174|0|3032.51|0|196.19|1337.68|0|3100|0|0|0|3100|1074|CA|48||||||0|0|03/31/2026|0|0
H6CA41224|CHAVEZ, ABEL|O|1|DEM|289812.44|0|271817.66|0|0|17994.78|52601.72|34862.43|2080.67|0|1736.67|44|199940.16|CA|48||||||0|0|03/31/2026|0|0
H6CA41232|PORTER, FERGUSON|O|1|DEM|62492.39|0|40954.76|0|0|21537.63|0|3130|16799.39|0|0|16799.39|42563|CA|48||||||0|0|09/30/2025|0|0
H6CA41265|RIKER, BRANDON|O|1|DEM|1907003.84|0|817189.57|0|0|1089814.27|94125|856383.2|0|0|0|856383.2|954566.03|CA|48||||||1050|0|03/31/2026|10811.26|0
H6CA41281|DIXIT, ANUJ|O|1|DEM|465937.26|0|290299.4|0|0|175637.86|7000|0|0|0|0|0|436682.5|CA|48||||||21000|0|03/31/2026|61536|0
H6CA48237|SAVARY, SUZANNE JOYCE|C|1|DEM|200|0|1300|0|3209.69|2109.69|0|0|0|0|0|8639.44|0|CA|48||||||0|0|03/31/2026|0|0
H6CA48260|MORRISON, CURTIS|O|1|DEM|35553|0|35553|0|0|0|15746.5|0|0|0|0|0|19806.5|CA|48||||||0|0|02/23/2026|0|0
H6CA48286|TILL, SUZANNE MARIE DR.|O|1|DEM|6853.53|0|6853.53|0|0|0|354.24|0|0|0|0|0|6499.29|CA|48||||||0|0|12/04/2025|0|0
H6CA48310|VON WILPERT, MARNI|O|1|DEM|1040711.99|0|494914.25|0|0|545797.74|1975|0|0|0|0|26586.11|890194.66|CA|48||||||148500|0|03/31/2026|2564|0
H6CA48336|IANNARINO, MARC|O|1|DEM|43263.96|0|40119.93|0|0|3144.03|0|0|0|0|0|0|41374|CA|48||||||0|0|03/31/2026|65|0
H6CA48344|CONTRERAS, CORINNA|O|1|DEM|23539.53|0|21494.59|0|0|2044.94|2057.57|0|0|0|0|0|21377|CA|48||||||0|0|03/31/2026|0|0
H8CA48100|KOTICK, MICHAEL|C|1|DEM|0|0|675|0|2519|1844|0|0|0|0|0|202525|0|CA|48||||||0|0|03/31/2026|0|0
H8CA50098|CAMPA-NAJJAR, AMMAR|O|1|DEM|1100270.57|0|643965.76|0|60.26|456365.07|5862.91|0|0|0|0|0|1033386.97|CA|48||||||51500|0|03/31/2026|7131|0
H0CA48024|ISSA, DARRELL|I|2|REP|1846841.1|501710.34|692755.7|0|1644616.32|2798701.72|0|0|0|56705.82|0|5024682.17|765277.24|CA|48||||||387700|0|03/31/2026|749|6500
H6CA49128|DESMOND, JIM|O|2|REP|1658041.33|7000|593685.49|0|0|1064355.84|0|0|0|0|0|0|1621292.33|CA|48||||||29749|0|03/31/2026|22865.23|0
H6CA49136|ARELLANO, JULIAN|C|1|DEM|3262.15|0|2245.68|0|0|250|0|0|0|0|0|0|3220.65|CA|49||||||0|41.5|12/31/2025|0|0
H8CA49058|LEVIN, MIKE|I|1|DEM|2759368.5|182128.55|1619109.62|0|269736.98|1409995.86|0|0|0|0|0|0|2215058.91|CA|49||||||333098|1686.55|03/31/2026|16580.84|1000
H2CA49267|BARTLETT, LISA|C|2|REP|11879.27|0|7859.27|0|151.65|4171.65|3979.27|0|0|0|0|152902.36|7900|CA|49||||||0|0|03/31/2026|0|0
H4CA49149|GUNDERSON, MATT|C|2|REP|12358.44|5647.03|47785.44|3702.03|36633.26|1206.26|0|3000|0|10046.44|0|3202289.56|520.51|CA|49||||||0|0|03/31/2026|0|0
H4CA49156|MONROE, KATE M|C|2|REP|0|0|0|0|34.41|34.41|0|0|0|0|0|105929.45|0|CA|49||||||0|0|03/31/2026|0|0
H6CA49151|PARKER, STAR L|C|2|REP|359429.79|0|253398.7|0|0|106031.09|4168.57|35000|0|35000|0|0|320248.72|CA|49||||||0|0|03/31/2026|3867.37|0
H6CA49169|KURDIAN, ARMEN|C|2|REP|1705.47|0|778.71|0|0|926.76|0|0|0|0|0|1000|1205.47|CA|49||||||500|0|03/31/2026|0|0
H8CA49108|MARYOTT, BRIAN L MR|C|2|REP|7000|0|6939.97|0|57.14|117.17|7000|0|0|0|0|1626330.53|0|CA|49||||||0|0|03/31/2026|0|0
H2CA50190|BILASH, TIMOTHY DANIEL DR. M.D.|C|1|DEM|3562|0|3733.39|0|469.67|129.16|2410|470|0|0|0|0|72|CA|50||||||0|0|03/31/2026|0|0
H2CA52089|PETERS, SCOTT|I|1|DEM|1405701.07|267260.37|978884.14|0|2150520.81|2577337.74|1641.43|0|0|0|0|170760.12|257934.85|CA|50||||||804750|0|03/31/2026|4155|1000
H6CA50258|MALLOY, JEFFREY|C|1|DEM|0|0|0|0|41.61|41.61|0|0|0|0|0|10236.33|0|CA|50||||||0|0|03/31/2026|0|0
H6CA50290|MITRA, AISHWARYA|C|1|DEM|9774.97|0|726.71|0|0|9048.26|0|2736.97|0|0|0|2736.97|7038|CA|50||||||0|0|03/31/2026|0|0
H8CA49074|JACOBS, SARA|I|1|DEM|1519808.65|83500|1296602.44|0|77372.16|300578.37|929346.65|0|0|0|0|350000|335662.72|CA|51||||||168000|0|03/31/2026|3646|1000
H2CA53038|WELLS, BILL D.|C|2|REP|0|0|18876.52|0|18876.52|0|0|0|0|0|0|0|0|CA|51||||||0|0|01/27/2025|0|0
H0CA34115|MOTIWALLA, FRANCES YASMEEN|C|1|DEM|0|0|0|0|0|0|0|0|0|0|0|0|0|CA|52||||||0|0|03/31/2026|0|0
H2CA50026|VARGAS, JUAN C.|I|1|DEM|424458.94|0|448211.61|0|90840.64|67087.97|0|0|0|0|0|6574|109141.38|CA|52||||||314200|0|03/31/2026|1000|0
H6CA52163|BELLE, JEFFERY MR|C|2|REP|275|0|35|0|0|240|0|0|0|0|0|0|275|CA|52||||||0|0|03/31/2026|0|0
H0CA53180|KUTNER, ERIC ROGER|O|1|DEM|0|0|0|0|4186.29|4186.29|0|0|0|0|0|11.09|0|CA|53||||||0|0|12/31/2025|0|0
H0CO01136|DURAN, CRISANTA DESIRAE|C|1|DEM|0|0|595|0|51115.67|-261|0|0|0|0|0|0|0|CO|01||||||0|0|03/31/2026|0|0
H6CO01141|DEGETTE, DIANA L|I|1|DEM|977167.75|0|610274.01|0|269469.18|636362.92|0|0|0|0|0|0|354820.79|CO|01||||||620500|0|03/31/2026|200|2500
H6CO01273|KIROS, MELAT|C|1|DEM|379411.83|0|261156.83|0|0|118255|3853.08|1100|0|0|0|1100|367971.91|CO|01||||||5000|0|03/31/2026|492.26|0
H6CO01299|JAMES, WANDA|C|1|DEM|252332.96|0|198043.51|0|0|54289.45|0|18000|0|0|0|25034.97|233032.96|CO|01||||||1300|0|03/31/2026|425|0
H6CO01307|PALOMINO, SANTIAGO EMMANUEL|C|1|DEM|6112.37|0|417.37|0|0|5695|417.37|0|0|0|0|0|5695|CO|01||||||0|0|12/31/2025|0|0
H4CO01161|ARCHULETA, VALDAMAR|C|2|REP|0|0|1839.06|0|2100.61|0|0|0|0|0|0|0|0|CO|01||||||0|0|12/31/2025|0|0
H6CO01331|PETERSON, CHRISTY|C|2|REP|0|0|0|0|0|0|0|0|0|0|0|0|0|CO|01||||||0|0|03/31/2026|0|0
H8CO02160|NEGUSE, JOSEPH|I|1|DEM|2238812.25|156750|1277472.94|0|1990897.22|2952236.53|0|0|0|0|0|0|1309165.23|CO|02||||||755360|779.17|03/31/2026|10385.18|3500
H8CO02228|LARSEN, KRISTOPHER WILLIAM DR.|O|1|DEM|0|0|0|0|9407.87|9407.87|0|0|0|0|0|0|0|CO|02||||||0|0|03/31/2026|0|0
H2CO02205|DAWSON, MARSHALL|C|2|REP|0|0|437.68|0|7374.73|6937.05|0|0|0|0|0|0|0|CO|02||||||0|0|03/31/2026|0|0
H2CO03211|DONOVAN, KERRY|C|1|DEM|0|0|3700|0|368527.92|364827.92|0|0|0|0|0|0|0|CO|03||||||0|0|03/31/2026|0|0
H6CO03212|KELLOFF, ALEXANDER GEORGE|C|1|DEM|1047267.26|0|589205.38|0|0|458061.88|0|450000|0|0|0|450000|592267.26|CO|03||||||5000|0|03/31/2026|282|0
H6CO03253|ROMERO, DWAYNE|C|1|DEM|505781.26|0|35554.62|0|0|470226.64|0|280000|0|0|0|280000|215652.26|CO|03||||||10000|0|03/31/2026|0|0
H4CO03357|HURD, JEFFREY|I|2|REP|2996054.21|934372.05|1068481.93|0|9135.5|1936707.78|0|0|0|0|0|0|1619473.05|CO|03||||||419100.55|50|03/31/2026|1922.4|0
H4CO03407|HANKS, RON|O|2|REP|0|0|490.07|0|490.07|0|0|0|0|0|0|0|0|CO|03||||||0|0|06/30/2025|0|0
H4CO03464|WEBB, LEW|O|2|REP|500|0|500|0|369.07|369.07|500|0|0|0|0|162000|0|CO|03||||||0|0|03/31/2026|0|0
H6CO03139|TIPTON, SCOTT R.|I|2|REP|0|0|39892.5|0|308729.59|268837.09|0|0|0|0|0|0|0|CO|03||||||0|0|03/31/2026|0|0
H6CO03238|SCHEPPELMAN, HOPE G|C|2|REP|256759.3|0|114648.91|0|0|142110.39|100|120000|0|0|0|120000|135309.3|CO|03||||||1000|350|03/31/2026|0|0
H0CO04197|MCCORKLE, ISAAC IAN|O|1|DEM|0|0|9501.01|0|9382.64|-118.37|0|0|0|0|0|0|0|CO|04||||||0|0|03/31/2026|0|0
H4CO04165|PADORA, JOHN J JR.|C|1|DEM|93919.79|0|87965.35|0|3546.76|9501.2|0|244.33|0|244.33|0|16116|92175.46|CO|04||||||0|0|03/31/2026|0|0
H4CO04173|BRESLIN, KAREN R|O|1|DEM|6972.5|0|6972.5|0|164.4|164.4|6972.5|0|0|0|0|6725|0|CO|04||||||0|0|01/31/2025|0|0
H4CO04280|CALVARESE, TRISHA|C|1|DEM|2214982.32|0|1924940.21|0|51300.31|341342.42|0|0|0|0|0|89803.37|2182789.7|CO|04||||||0|0|03/31/2026|11405.93|0
H6CO04194|MADDOX, MICHAEL KURTIS|C|1|DEM|0|0|0|0|0|0|0|0|0|0|0|0|0|CO|04||||||0|0|05/20/2025|0|0
H6CO04202|LAUBACHER, EILEEN|C|1|DEM|8577847.35|0|5487524.43|0|0|3090322.92|0|0|0|0|0|0|8568337.21|CO|04||||||9510|0|03/31/2026|43700.85|2500
H6CO04228|PRESTON, JENNA MICHALIK|C|1|DEM|92116.62|0|64494.63|0|0|27621.99|0|0|0|0|0|30152.96|91116.62|CO|04||||||1000|0|03/31/2026|135|0
H0CO03165|BOEBERT, LAUREN|I|2|REP|813119.44|61419.1|811578.16|0|159145.05|160686.33|0|0|0|0|0|0|668376.53|CO|04||||||78500|0|03/31/2026|0|0
H4CO04298|PHELEN, CHRISTOPHER DAVID|O|2|REP|0|0|3868.72|0|3868.72|0|0|0|0|3868.72|0|37702.94|0|CO|04||||||0|0|12/31/2025|0|0
H4CO04348|LOPEZ, GREG|I|2|REP|0|0|0|0|0|-3408.15|0|0|0|0|0|0|0|CO|04||||||0|0|12/18/2025|0|0
H6CO04251|VELDHUIZEN, TIMOTHY|C|3|UN|13295|0|9781.05|0|0|3513.95|0|0|0|0|0|0|13295|CO|04||||||0|0|03/31/2026|0|0
H4CO05105|GASSEN, RIVER|C|1|DEM|0|0|0|0|.38|.38|0|0|0|0|0|0|0|CO|05||||||0|0|02/04/2025|0|0
H4CO05139|REAGAN, JOSEPH F|C|1|DEM|202638.5|0|177072.9|0|7468.67|33034.27|600|115000|0|0|0|120100|87038.5|CO|05||||||0|0|03/31/2026|0|0
H4CO05170|EDGAR, JOHN ROBERT|O|1|DEM|0|0|0|0|10170.16|10170.16|0|0|0|0|0|38805.84|0|CO|05||||||0|0|09/30/2025|0|0
H6CO05308|HOROWITZ, ZURIT ZURIEL|C|1|DEM|30943.89|0|26259.29|0|0|4684.6|259.8|302.09|0|0|0|302.09|30382|CO|05||||||0|0|03/31/2026|0|0
H6CO05316|SMITH, JAMEY LEE|C|1|DEM|50310.99|0|38494.73|0|0|11816.26|1709.95|1726.29|0|1726.29|0|0|46874.75|CO|05||||||0|0|03/31/2026|0|0
H6CO05324|KILLIN, JESSICA WILLOW|C|1|DEM|2323366.6|9000|814875.71|0|0|1508490.89|507433|0|0|0|0|0|1741397.52|CO|05||||||65355.92|0|03/31/2026|8937.5|0
H6CO05332|CAVANAUGH, MATTHEW|C|1|DEM|164629.97|0|158863.08|0|0|5766.89|100.2|26771|0|0|0|26771|130758.77|CO|05||||||7000|0|03/31/2026|34500|0
H2CO05216|WILLIAMS, DAVID|O|2|REP|1.51|0|0|0|13270.02|13271.53|0|0|0|0|0|158005.39|1.51|CO|05||||||0|0|03/31/2026|0|0
H4CO05162|GARDNER, ROBERT STEWART|O|2|REP|0|0|5602.92|0|5602.92|0|0|0|0|5602.92|0|0|0|CO|05||||||0|0|09/30/2025|0|0
H6CO05142|CRANK, JEFF|I|2|REP|1741916.5|350346.75|639896.45|1123.22|66553.14|1168573.19|0|0|0|0|0|0|758072.28|CO|05||||||615500|0|03/31/2026|1850.11|0
H4CO05071|MITCHELL, CHRISTOPHER DOUGLAS|O|3|CON|0|0|0|0|0|0|0|0|0|0|0|11000|0|CO|05||||||0|0|03/31/2026|0|0
H6CO05282|MATTHEWSON, ROY|C|3|IND|200|0|145.97|0|54.03|108.06|0|0|0|0|0|0|200|CO|05||||||0|0|03/31/2025|0|0
H2CO00035|HANEY, PERRY|C|1|DEM|0|0|0|0|0|0|0|0|0|0|0|168500|0|CO|06||||||0|0|03/31/2026|0|0
H6CO08070|SHELBY, DYLAN J|C|1|DEM|103.3|0|68.7|0|0|34.6|25|68.3|0|0|0|68.3|10|CO|06||||||0|0|06/30/2025|0|0
H8CO06229|CROW, JASON|I|1|DEM|2565978.44|60000|1762009.42|600|1748293.87|2552262.89|0|0|0|0|0|0|2313146.64|CO|06||||||146250|0|03/31/2026|10552.67|0
H6CO06157|TEWAHADE, BEMELEKOT W|C|2|REP|31311.91|0|182.87|0|0|31129.04|0|30000|0|0|0|30000|1311.91|CO|06||||||0|0|03/31/2026|0|0
H8CO06153|ARMSTRONG, WILLIAM L III|O|2|REP|0|0|295.07|0|295.07|0|0|0|0|0|0|250000|0|CO|06||||||0|0|06/17/2025|0|0
H6CO06116|WITTA, SAMIR EZZELDIN DR.|C|3|UN|100|0|36746.27|0|100|-36546.27|0|0|0|0|0|48900|100|CO|06||||||0|0|03/31/2026|0|0
H8CO07045|PETTERSEN, BRITTANY LOUISE|I|1|DEM|1395881.67|0|1041146.15|0|560932.23|915667.75|0|0|0|0|0|0|617823.92|CO|07||||||747250|0|03/31/2026|2125.34|2500
H8CO07078|MORENO, DOMINICK|C|1|DEM|0|0|0|0|0|12286.3|0|0|0|0|0|0|0|CO|07||||||0|0|03/31/2026|0|0
H4CO07085|MATVEYUK, SERGEI|C|2|REP|0|0|11283.1|0|11283.1|0|0|0|0|0|0|0|0|CO|07||||||0|0|12/31/2025|0|0
H6CO07122|BENNETT, TIMOTHY|C|2|REP|37102.65|0|32070.13|0|0|5032.52|0|29800|0|9800|0|20000|6790|CO|07||||||0|0|03/31/2026|80|0
H6CO07130|KRZECZKOWSKI, JOE|C|3|IND|1331.88|0|331.88|0|0|1000|1331.88|0|0|0|0|0|0|CO|07||||||0|0|03/31/2026|0|0
H4CO07044|TUPA, RONALD|C|3|OTH|0|0|1184.18|0|1184.18|0|0|0|0|0|0|0|0|CO|07||||||0|0|01/21/2025|0|0
H2CO08020|CARAVEO, YADIRA|C|1|DEM|259154.37|0|258908.12|0|4345.26|4591.51|0|0|0|0|0|0|193857.61|CO|08||||||6500|0|03/31/2026|13445.27|0
H2CO08038|TEDESCO, CHAZ|O|1|DEM|0|0|1710|0|21186.22|19476.22|0|0|0|0|0|44007.85|0|CO|08||||||0|0|03/31/2026|0|0
H6CO08013|RUTINEL, MANNY|C|1|DEM|3479359.72|10850.2|1714127.88|0|0|1765231.84|0|0|0|0|0|0|3429187.67|CO|08||||||35650|0|03/31/2026|46593.5|850
H6CO08047|BIRD, SHANNON KATHLEEN|C|1|DEM|1774862.26|0|689091.37|0|0|1085770.89|0|0|0|0|0|0|1670082.09|CO|08||||||104600|0|03/31/2026|8666|0
H6CO08054|YOUNG, DAVID L.|C|1|DEM|195704.27|0|178981.66|0|0|16722.61|233.86|0|0|0|0|0|195320.41|CO|08||||||150|0|03/31/2026|75|0
H6CO08062|BACA-OEHLERT, AMIE|C|1|DEM|134647.78|0|120313.64|0|0|10463.83|0|0|0|0|0|0|124247.78|CO|08||||||10000|0|03/31/2026|105|0
H6CO08088|MUNSING, EVAN|C|1|DEM|601223.47|0|492743.28|0|0|108480.19|0|0|0|0|0|0|587867.85|CO|08||||||13000|0|03/31/2026|1127|0
H6CO08120|HASSLER, DANIEL SHANE MR|C|1|DEM|5623.62|0|5623.62|0|0|0|0|1455.02|0|1036.67|0|0|4168.6|CO|08||||||0|0|03/31/2026|0|0
H4CO08018|JAMES, SCOTT|C|2|REP|0|0|100|0|100|0|0|0|0|0|0|0|0|CO|08||||||0|0|06/30/2025|0|0
H4CO08034|EVANS, TIMOTHY GABRIEL JOSEPH|I|2|REP|4259928.44|1559887.56|915577.33|0|74992.39|3419343.5|0|0|0|0|0|167991.91|1439009.27|CO|08||||||1190427|5000|03/31/2026|26917.44|1000
H6CO08138|DERITO, ADAM|C|2|REP|29316.61|0|26272.9|0|0|3043.71|0|19451.62|0|0|0|19451.62|9864.99|CO|08||||||0|0|03/31/2026|0|0
H6CT01180|FORTUNE, RUTH R.|C|1|DEM|63594.14|0|34410.01|0|0|29184.13|168.81|0|0|0|0|0|63425.33|CT|01||||||0|0|04/21/2026|0|0
H6CT01198|PERRY, JACK|C|1|DEM|532426.9|0|532426.9|0|0|0|0|500000|0|379734.45|0|120265.55|32426.9|CT|01||||||0|0|12/31/2025|0|0
H6CT01206|BRONIN, LUKE|C|1|DEM|2303190.21|0|579804.1|0|0|1723386.11|0|0|0|0|0|0|2292907.45|CT|01||||||10000|0|04/21/2026|7845.49|0
H6CT01222|GILCHREST, JILLIAN|C|1|DEM|131615.78|0|112427.32|0|0|19188.46|6902.93|0|0|0|0|0|120676.85|CT|01||||||4000|0|04/21/2026|0|0
H8CT01046|LARSON, JOHN B|I|1|DEM|1976921.58|0|1198120.04|0|248729.25|1027530.79|0|0|0|0|0|11992.27|970961.88|CT|01||||||986717.51|0|04/21/2026|8695|1000
H0CT01134|GRIFFIN, JAMES LEONARD|C|2|REP|0|0|378.25|0|378.25|0|0|0|0|0|0|12923|0|CT|01||||||0|0|12/31/2025|0|0
H2CT03102|CHAI, AMY FOGELSTROM DR|C|2|REP|839.91|0|1607.68|0|0|-669.09|700|35.81|0|0|0|35.81|104.1|CT|01||||||0|0|12/31/2025|0|0
H8CT01111|VISCONTI, JOSEPH B|C|2|REP|0|0|0|0|0|0|0|0|0|0|0|0|0|CT|01||||||0|0|03/31/2026|0|0
H2CT02112|COURTNEY, JOSEPH|I|1|DEM|589101.02|0|419825.2|0|351111.5|520387.32|0|0|0|0|0|0|238383.31|CT|02||||||346500|0|04/21/2026|800|1000
H6CT02188|GAUCK, KYLE|C|1|DEM|18266.43|0|15897.94|0|0|575.42|6997.32|0|0|0|0|0|11269.11|CT|02||||||0|0|04/21/2026|0|0
H2CT02161|FRANCE, MIKE|C|2|REP|68360.6|0|69615.8|0|0|-1255.2|0|2500|0|0|0|2500|57114.26|CT|02||||||7000|0|03/31/2026|3500|3500
H6CT02196|AUSTIN, GEORGE PATRICK|C|2|REP|267962|0|64349.8|0|0|203612.2|0|240000|0|0|0|240000|22962|CT|02||||||0|0|04/25/2026|0|0
H6CT02212|RANDALL, SEAN|C|2|REP|0|0|0|0|0|0|0|0|0|0|0|0|0|CT|02||||||0|0|11/19/2025|0|0
H0CT03072|DELAURO, ROSA L|I|1|DEM|928014.32|86400|870667.26|0|225448.09|282795.15|0|0|0|0|0|0|399856.43|CT|03||||||415500|0|04/21/2026|4833|0
H6CT03186|DENOBLE, DAMJAN|C|1|DEM|11468.11|0|4245.25|0|0|55|120|6323.11|0|0|0|0|5025|CT|03||||||0|0|03/31/2026|0|0
H6CT03194|RICE, ANDREW JAMES MR.|C|1|DEM|20998.98|0|12604.62|0|0|8394.36|3632.06|0|0|0|0|0|17366.92|CT|03||||||0|0|04/21/2026|1030|0
H6CT03178|LANCIA, CHRISTOPHER JOHN MR.|C|2|REP|10749.55|0|4445.79|0|0|6303.76|1000|0|0|0|0|0|9749.55|CT|03||||||0|0|03/31/2026|0|0
H8CT04172|HIMES, JIM|I|1|DEM|1080511.66|0|839472.29|0|2106818.46|2347857.83|0|0|0|0|0|0|345509.96|CT|04||||||630500|0|04/21/2026|3770|0
H6CT04143|GOLDSTEIN, MICHAEL|C|2|REP|6424.6|0|48.24|0|0|6376.36|0|0|0|0|0|3822.58|6424.6|CT|04||||||0|0|03/31/2026|0|0
H6CT04150|MIRESSI, DANIEL|C|2|REP|1121.86|0|1250.77|0|0|-128.91|420.86|0|0|0|0|0|701|CT|04||||||0|0|03/31/2026|0|0
H2CT05123|ROBERTI, DANIEL FRANCIS|O|1|DEM|1221.5|0|1246.5|0|165.87|140.87|1221.5|0|0|0|0|458597.24|0|CT|05||||||0|0|03/31/2026|0|0
H2CT05131|ESTY, ELIZABETH|I|1|DEM|0|0|10712.35|0|522430.94|511718.59|0|0|0|0|0|0|0|CT|05||||||0|0|03/31/2026|0|0
H8CT05195|GLASSMAN, MARY|O|1|DEM|0|0|449.25|0|13976.83|13527.58|0|0|0|0|0|81097.88|0|CT|05||||||0|0|03/31/2026|0|0
H8CT05245|HAYES, JAHANA|I|1|DEM|1104377.78|88820.49|641190.75|0|522551.02|985738.05|0|0|0|0|0|0|487815.36|CT|05||||||518870|2936.46|04/21/2026|4002.7|5000
H8CT05252|KULA, SHANNON|O|1|DEM|0|0|885.83|0|885.83|0|0|0|0|0|0|71300|0|CT|05||||||0|0|06/30/2025|0|0
H2CT05222|LOGAN, GEORGE S|C|2|REP|4173.03|4173.03|17303.51|0|13130.48|0|0|0|0|0|0|0|0|CT|05||||||0|0|05/01/2025|4064.64|0
H2CT05230|BOTELHO, MICHELE|C|2|REP|55636.71|0|44615.41|0|-5481.45|5539.85|31891.71|0|0|0|0|0|23745|CT|05||||||0|0|03/31/2026|0|0
H6CT05223|DE BARROS, JONATHAN|C|2|REP|18211.08|0|11053.35|0|0|6947.77|147.15|0|0|0|0|0|18063.93|CT|05||||||0|0|03/31/2026|0|0
H6CT05231|SHEA, CHRIS|C|2|REP|163323.04|0|24219.93|0|0|139103.11|0|0|0|0|0|27373.84|161375.76|CT|05||||||1947.28|0|03/31/2026|55.79|0
H4CT05137|DARWISH, AHMAD AJ|C|3|GRE|0|0|1278.67|0|1426.2|147.53|0|0|0|0|0|0|0|CT|05||||||0|0|03/31/2026|0|0
H0DC00058|NORTON, ELEANOR HOLMES|I|1|DEM|53774.8|0|86859.94|0|33085.14|0|0|40000|0|0|0|90000|1774.8|DC|00||||||12000|0|01/25/2026|0|0
H2DC01029|WILLIAMS, KELLY|C|1|DEM|3962768|0|1841.24|0|0|3959482.76|0|0|0|0|0|0|3962768|DC|00||||||0|0|03/31/2026|0|0
H4DC01041|WILLIAMS, KELLY MIKEL MR|O|1|DEM|3962768|0|1841.24|0|0|3959482.76|0|0|0|0|0|0|3962768|DC|00||||||0|0|03/31/2026|0|0
H6DC00170|ZALESNE, KINNEY|O|1|DEM|752831.47|0|286247.16|0|0|466584.31|100|85000|0|0|0|85000|663231.47|DC|00||||||4500|0|03/31/2026|3600|0
H6DC00196|PINTO, BROOKE|O|1|DEM|1252427.32|0|431768.16|0|0|820659.16|10157.2|0|0|0|0|0|1240852.37|DC|00||||||500|0|03/31/2026|6077.19|0
H6DC01038|CHAFFIN, GORDON|O|1|DEM|24351.63|0|21805.91|0|0|2545.72|0|22547.54|0|0|0|22547.54|1317|DC|00||||||0|0|03/31/2026|0|0
H6DC01053|MATTHEWS, ROBERT|O|1|DEM|49078|0|430.52|0|0|48647.48|0|42000|0|0|0|42000|7078|DC|00||||||0|0|12/31/2025|0|0
H6DC01079|WHITE, ROBERT C. JR.|O|1|DEM|414432.42|0|340943.89|0|0|73488.53|0|0|0|0|0|24500|398932.42|DC|00||||||15500|0|03/31/2026|826|0
H6DC01103|HOLBROOK, TRENT WILLIAM|O|1|DEM|32236.83|0|26798.77|0|0|5438.06|0|15000|0|0|0|19435.08|17236.83|DC|00||||||0|0|03/31/2026|0|0
H6DC01137|JACZKO, GREGORY DR.|O|1|DEM|117236.69|0|32478.41|0|0|84758.28|0|27276.52|0|0|0|27276.52|88960.17|DC|00||||||1000|0|03/31/2026|0|0
H6DC01111|ROSADO, DENISE MS.|O|2|REP|5714.99|0|467.19|0|0|5247.8|0|5167.95|0|0|0|5167.95|547.04|DC|00||||||0|0|03/31/2026|0|0
H4DC01033|A BROWN, MICHAEL|C|3|IND|0|0|91.58|0|111.33|19.75|0|0|0|0|0|0|0|DC|00||||||0|0|04/03/2025|0|0
H0DE01017|CARNEY, JOHN|I|1|DEM|0|0|0|0|125.36|125.36|0|0|0|0|0|0|0|DE|00||||||0|0|03/31/2026|0|0
H4DE00045|MCBRIDE, SARAH ELIZABETH|I|1|DEM|3920915.16|187806.41|1666348.16|0|207126.86|2461693.86|0|0|0|0|0|0|3362478.67|DE|00||||||357350|0|03/31/2026|17218.05|0
H4DE00052|DAVIS, COLLEEN|O|1|DEM|0|0|1040.3|0|8327.22|7286.92|0|0|0|0|0|0|0|DE|00||||||0|0|03/31/2026|0|0
H4DE01076|YOUNG, EUGENE ROBERT JR|O|1|DEM|0|0|9626.13|0|107999.29|98373.16|0|0|0|0|0|0|0|DE|00||||||0|0|03/31/2026|9626.13|0
H6DE00206|BLUNT ROCHESTER, LISA|I|1|DEM|5277.37|0|1047.5|0|615.71|4845.58|0|0|0|0|0|145000|0|DE|00||||||0|0|03/31/2026|0|0
H4DE00060|HALL, DONYALE LONDON|C|2|REP|737.73|0|526.96|0|0|210.77|0|0|0|0|0|0|737.73|DE|00||||||0|0|03/31/2026|0|0
H4DE00078|WHALEN III, JOHN J|O|2|REP|0|0|98.05|0|7744.86|7645.81|0|0|0|0|0|0|0|DE|||||||0|0|03/31/2026|52.05|0
H2FL00318|CORDOVA, VINCENT DEAN MR JR|C|3|NPA|5000|0|0|0|0|5000|5000|0|0|0|0|0|0|FL|00||||||0|0|03/31/2026|0|0
H2FL01233|JONES, REBEKAH|C|1|DEM|0|0|0|0|-415.3|-415.3|0|0|0|0|0|15000|0|FL|01||||||0|0|09/30/2025|0|0
H4FL01197|VALIMONT, JENNIFER GAY|C|1|DEM|36746.33|0|12948.4|0|0|23797.93|0|0|0|0|0|0|36746.15|FL|01||||||0|0|03/31/2026|25|0
H0FL01146|MERK, GREGORY CHARLES|O|2|REP|12700|0|17093.22|0|43.22|-4350|0|11500|0|0|0|11500|1200|FL|01||||||0|0|01/28/2025|0|0
H2FL01241|JONES, BRYAN CHRISTOPHER|C|2|REP|0|0|0|0|0|0|0|0|0|0|0|0|0|FL|01||||||0|0|03/31/2026|0|0
H4FL01213|DIMMOCK, AARON|C|2|REP|50636.04|0|133312.28|0|82881.47|205.23|0|20000|0|11000|0|20000|22864.07|FL|01||||||2000|0|03/31/2026|55226.86|0
H4FL01270|PITTMAN, BERNADETTE|C|2|REP|0|0|0|0|0|0|0|0|0|0|0|0|0|FL|01||||||0|0|02/02/2025|0|0
H4FL01288|RUDMAN, JOEL DR.|O|2|REP|125819.67|0|125819.67|0|0|0|0|30000|0|0|0|30000|95819.67|FL|01||||||0|0|02/24/2025|0|0
H6FL01119|GAETZ, MATT|I|2|REP|176374.93|0|650022.52|0|518152.81|44505.22|0|0|0|0|0|132258.58|-82.02|FL|01||||||0|0|03/31/2026|3080.65|0
H6FL01143|MILLS, RALPH JOHN III|C|2|REP|14162|0|15191.09|0|2057.94|1028.85|0|12500|0|362.23|0|105175.76|1662|FL|01||||||0|0|03/31/2026|0|0
H6FL01275|THOMPSON, MICHAEL|O|2|REP|86975.7|0|111975.7|0|0|-25000|21914.95|25000|0|25000|0|0|39341.28|FL|01||||||0|0|06/30/2025|9435.45|0
H6FL01325|VALENTINO, GENE|C|2|REP|478959.8|0|478959.8|0|0|0|0|393000|0|3283.69|0|0|84933.5|FL|01||||||0|0|03/04/2025|0|0
H6FL01333|KEEBAUGH, CHARLES CLAYTON|C|2|REP|0|0|0|0|0|0|0|0|0|0|0|0|0|FL|01||||||0|0|03/05/2025|0|0
H6FL01358|GAFFNEY, KEVIN JAMES MR.|O|2|REP|13575|0|14190.22|0|0|323.9|1500|0|0|0|0|0|12075|FL|01||||||0|0|03/31/2025|0|0
H6FL01390|PATRONIS, JIMMY JR.|C|2|REP|3132076.59|76290.56|2624960.99|0|0|507115.6|0|12000|0|12000|0|0|2572163.29|FL|01||||||461300|5000|03/31/2026|5010|3400
H6FL01408|TROTTER, JAMES SCOTT|O|2|REP|0|0|0|0|0|0|0|0|0|0|0|0|0|FL|01||||||0|0|03/31/2025|0|0
H6FL01432|PEACOCK, JEFF|O|2|REP|29098.5|0|37665.06|0|0|0|0|11000|0|22000|0|0|16098.5|FL|01||||||2000|0|03/31/2025|0|0
H6FL01515|CHICO, DOUGLAS CONNOR|C|2|REP|46262.98|0|19762.8|0|0|26500.18|0|35000|0|0|0|35000|10767.08|FL|01||||||0|0|03/31/2026|0|0
H6FL01523|FRANKMAN, JOHN|C|2|REP|90317.74|0|5380.64|0|0|84937.1|1916|50000|0|0|0|50000|19401.74|FL|01||||||19000|0|03/31/2026|0|0
H6FL01440|BRODEN, STEPHEN EDWARD|O|3|IND|19541.21|0|19541.21|333.93|0|0|8200|0|0|0|0|0|3800|FL|01||||||7541.21|0|06/16/2025|0|0
H6FL01457|BRODEN, STEPHEN|O|3|IND|19541.21|0|19541.21|333.93|0|0|8200|0|0|0|0|0|3800|FL|01||||||7541.21|0|06/16/2025|0|0
H0FL02086|LAWSON, ALFRED JR|I|1|DEM|0|0|3130.84|0|32695.47|29564.63|0|0|0|0|0|0|0|FL|02||||||0|0|12/31/2025|0|0
H4FL02138|BAILEY, HUY-YEN CAM MS.|O|1|DEM|140209.17|0|100713.14|0|15370.92|54866.95|1499.52|13000|0|0|0|23600|124709.65|FL|02||||||1000|0|03/31/2026|684.25|0
H6FL02281|ZATESLO, NICHOLAS|O|1|DEM|325280.96|0|262032.2|0|0|63248.76|33017.63|63500|0|20000|0|43500|228264.24|FL|02||||||0|0|03/31/2026|100|0
H6FL02299|GREEN, AMANDA MARIE|O|1|DEM|204676.02|0|110026.12|0|0|94649.9|142.19|0|0|0|0|0|201978.39|FL|02||||||2500|0|03/31/2026|169.48|0
H4FL01247|GROSS, KEITH|O|2|REP|5680863.09|0|561202.88|0|5776.65|5125436.86|0|5601770.85|0|0|0|8028146.78|72092.24|FL|02||||||7000|0|03/31/2026|0|1000
H6FL02208|DUNN, NEAL PATRICK MD, FACS|I|2|REP|831031.43|146132.29|475438.12|0|89457.98|445051.29|0|0|0|0|0|0|226399.13|FL|02||||||458500|0|03/31/2026|33512.75|33000
H6FL02315|POWER, EVAN MR|O|2|REP|346280.17|0|48062.24|0|0|298217.93|0|150000|0|0|0|150000|189192.94|FL|02||||||7000|0|03/31/2026|0|0
H6FL02323|LEWIS, NICHOLAS JUSTIN|O|2|REP|40397.36|0|36817.39|0|0|3579.97|0|39397.36|0|0|0|39397.36|1000|FL|02||||||0|0|03/31/2026|0|0
H6FL02331|ROGERS, AUSTIN|O|2|REP|722377.34|0|47185.17|0|0|675192.17|0|350000|0|0|0|350880.89|370840.27|FL|02||||||1500|0|03/31/2026|143.56|0
H6FL02349|ROWELL, AUDIE|O|2|REP|97519|0|11163.43|0|0|86355.57|0|0|0|0|0|0|97519|FL|02||||||0|0|03/31/2026|3500|0
H6FL02356|NORTON, JIM|O|2|REP|272216.26|0|13120.61|0|0|259095.65|0|0|0|0|0|5550|272216.26|FL|02||||||0|0|03/31/2026|9600|0
H6FL02364|MURPHY, LUKE|O|2|REP|135410.13|0|4848.71|0|0|130561.42|0|0|0|0|0|0|135410.13|FL|02||||||0|0|03/31/2026|0|0
H6FL02380|JONES, LEE JON|O|2|REP|0|0|0|0|0|0|0|0|0|0|0|0|0|FL|02||||||0|0|03/31/2026|0|0
H6FL02406|JONES, LEE JON|O|2|REP|0|0|0|0|0|0|0|0|0|0|0|0|0|FL|02||||||0|0|03/31/2026|0|0
H6FL03099|HARP, SETH ALLAN|C|1|DEM|22424.55|0|19396.74|0|0|3027.81|420|735|0|0|0|735|20994.63|FL|03||||||0|0|03/31/2026|2|0
H6FL03115|ALBERS, TROY|C|1|DEM|1637|0|1637|0|0|0|0|1637|0|0|0|46196.39|0|FL|03||||||0|0|03/31/2026|0|0
H6FL03123|ABOUJAOUDE, ROCK ADEL MR. JR.|C|1|DEM|0|0|0|0|0|0|0|0|0|0|0|0|0|FL|03||||||0|0|12/09/2025|0|0
H6FL03131|HUBAC, GEORGE EMIL|C|1|DEM|1201.23|0|521.47|0|0|679.76|0|1201.23|0|0|0|1201.23|0|FL|03||||||0|0|03/31/2026|0|0
H8FL03020|WELLS, THOMAS BECKWITH|C|1|DEM|378.04|0|464.53|0|305.26|218.77|0|200|0|120|0|42150|178.04|FL|03||||||0|0|03/31/2026|0|0
H0FL03175|CAMMACK, KAT|I|2|REP|1519279.02|333472.86|1232248.27|55292.25|555550.9|842581.65|0|0|0|0|0|0|641429.25|FL|03||||||542000|0|03/31/2026|525|0
H0FL03209|ST. GEORGE, JAMES|O|2|REP|0|0|0|0|1828.72|1828.72|0|0|0|0|0|370034.1|0|FL|03||||||0|0|03/31/2025|0|0
H4FL03136|STEVENS, ALEC|C|2|REP|0|0|788|0|0|-788|0|0|0|0|0|0|0|FL|03||||||0|0|02/26/2025|0|0
H4FL03144|STEVENS, ALEC|C|2|REP|0|0|788|0|0|-788|0|0|0|0|0|0|0|FL|03||||||0|0|02/26/2025|0|0
H8FL03046|SAPP, JUDSON|O|2|REP|0|0|0|0|824.57|824.57|0|0|0|0|0|286567.41|0|FL|03||||||0|0|03/31/2026|0|0
H8FL06056|STEARNS, CLIFFORD B.|C|2|REP|101724.34|0|189943.03|0|531341.08|443122.39|0|0|0|0|0|0|0|FL|03||||||0|0|03/31/2026|0|0
H2FL04195|HILL, ANTHONY TONY|C|1|DEM|250|0|0|0|18891.74|19141.74|0|0|0|0|0|0|250|FL|04||||||0|0|03/31/2026|0|0
H6FL04188|KNOLES, RICKY PATRIC MR|C|1|DEM|5020|0|5020|0|0|0|0|5000|0|0|0|0|20|FL|04||||||0|0|04/21/2026|0|0
H6FL04204|ROBINSON, BRITTNEY|C|1|DEM|16194.29|0|12726.04|0|0|3385.88|712.9|5038.39|0|0|0|5038.39|10443|FL|04||||||0|0|03/31/2026|0|0
H6FL04220|KIRWAN, MICHAEL|C|1|DEM|511694.58|0|285240.11|0|0|226454.47|110927.86|0|0|0|0|0|393766.72|FL|04||||||7000|0|03/31/2026|260|0
H2FL04211|BEAN, AARON P.|I|2|REP|1508938.08|69574.91|746428.82|158500|474720.99|1237230.25|0|0|0|0|0|15643.29|553568.72|FL|04||||||861150|0|03/31/2026|1000|3500
H0FL04033|PUESCHEL, DEBORAH KATZ|O|3|W|0|0|0|0|698.07|698.07|0|0|0|0|0|0|0|FL|04||||||0|0|12/31/2025|0|0
H4FL05123|MCGOVERN, JAY|C|1|DEM|0|0|6341.95|0|26132.66|19790.71|0|0|0|4595.08|0|10394.92|0|FL|05||||||0|0|01/31/2025|0|0
H6FL05235|HEGGESTAD, MARK PETER|C|1|DEM|25414|0|13185.1|0|0|12478.27|9000|0|0|0|0|0|16414|FL|05||||||0|0|03/31/2026|0|0
H6FL05243|DREW, DAVID HODSON MR.|C|1|DEM|0|0|0|0|0|0|0|0|0|0|0|0|0|FL|05||||||0|0|10/23/2025|0|0
H6FL05250|GRAGE, RACHEL|C|1|DEM|160947.08|0|65892.01|0|0|95055.07|1191|0|0|0|0|0|159295.07|FL|05||||||0|0|03/31/2026|0|0
H6FL05284|HAZEN, ALEXANDER|C|1|DEM|8614.65|0|4151.77|0|0|4462.88|0|3987.65|0|0|0|3987.65|4627|FL|05||||||0|0|03/31/2026|25|0
H2FL04203|MACIE, MARA HEATHER|C|2|REP|2.83|0|936|0|6630.32|5697.15|0|0|0|0|0|0|0|FL|05||||||0|0|03/31/2026|0|0
H6FL04105|RUTHERFORD, JOHN|I|2|REP|528233.02|0|299106.25|35000|177669.65|406796.42|0|0|0|0|0|0|190474.68|FL|05||||||337500|0|03/31/2026|0|0
H6FL05201|KAYE, MARK|C|2|REP|21750.83|0|11153.38|0|0|10597.45|795.18|0|0|0|0|0|20754.73|FL|05||||||0|200|03/31/2026|0|0
H4FL06055|STOCKTON, JAMES D|C|1|DEM|2472.19|0|523.49|0|62.09|2010.79|0|0|0|0|0|0|2472.19|FL|06||||||0|0|06/30/2025|0|0
H6FL06266|WEIL, JOSHUA JOSEPH|C|1|DEM|15933478.15|0|15933478.15|0|0|0|16|0|0|0|0|0|15463011.3|FL|06||||||33908.17|2500|09/30/2025|154815.44|6451.97
H6FL06274|SELMONT, GEORGE AUSTIN|C|1|DEM|125114.82|0|3221.33|0|0|121893.49|0|115263.83|0|0|0|115263.83|9850.99|FL|06||||||0|0|01/08/2025|0|0
H6FL06332|MURCHINSON-RIVERA, RONNIE|C|1|DEM|11888.5|0|9312.58|0|0|2575.92|0|1979.5|0|0|0|1979.5|9809|FL|06||||||100|0|03/31/2026|0|0
H6FL06340|YONCE, ERIC|C|1|DEM|132724.47|0|76711.42|0|0|56013.05|0|100|0|100|0|0|132624.47|FL|06||||||0|0|03/31/2026|0|0
H6FL06381|COOPER, ROBERT DAVID MR II|C|1|DEM|26385.56|0|17032.37|0|0|9353.19|0|19000|0|0|0|19000|2385.56|FL|06||||||0|0|03/31/2026|0|0
H6FL06399|JENKINS, JENNIFER|C|1|DEM|565267.46|0|313835.78|0|0|251431.68|0|0|0|0|0|0|558267.46|FL|06||||||7000|0|03/31/2026|1334.25|0
H8FL06098|SODERBERG, NANCY|O|1|DEM|0|0|315|0|13775.8|13460.8|0|0|0|0|0|197619.58|0|FL|06||||||0|0|03/31/2026|0|0
H4FL14158|JOARDER, EHSAN|C|2|REP|9900.1|0|10440|0|27228|26688.1|9700|0|0|0|0|28718.02|200.1|FL|06||||||0|0|01/08/2025|0|0
H6FL06118|GALLOWAY, G.G.|C|2|REP|0|0|0|0|4801.61|4801.61|0|0|0|0|0|25922.46|0|FL|06||||||0|0|03/31/2026|0|0
H6FL06241|BAKER, AARON|C|2|REP|95724.95|0|95162.58|0|0|554.63|397.76|11404.13|0|0|0|11404.13|48213.6|FL|06||||||33909.46|1500|03/31/2026|230|3600
H6FL06258|FINE, RANDY|I|2|REP|3719022.46|213865.76|2957460.97|0|0|761561.49|0|950000|0|0|0|950000|2150104.37|FL|06||||||396860.19|0|03/31/2026|5750|0
H6FL06324|BAKER, AARON|C|2|REP|95724.95|0|95162.58|0|0|554.63|397.76|11404.13|0|0|0|11404.13|48213.6|FL|06||||||33909.46|1500|03/31/2026|230|3600
H6FL06357|GAMBARO, CHARLES|C|2|REP|335925|0|321273.99|0|0|14651.01|0|256000|0|212000|0|44000|79925|FL|06||||||0|0|03/31/2026|0|0
H6FL06373|FURRY, WILL|C|2|REP|43702.6|0|43702.6|0|0|0|6190.6|10000|0|0|0|0|27512|FL|06||||||0|0|02/12/2026|1000|0
H8FL06148|WALTZ, MICHAEL|I|2|REP|3185.92|3108.53|901108.6|2000|1551925.2|654002.52|0|0|0|0|0|0|0|FL|06||||||0|0|03/31/2026|0|5000
H6FL06290|TERRY, RANDALL|C|3|IND|17861.83|0|17861.83|2200|0|0|410.62|0|0|0|0|0|12710|FL|06||||||4741.21|0|06/16/2025|0|0
H6FL06282|BANGDIWALA, PURVA|C|3|NPA|13265|0|13250|0|0|910.81|0|0|0|0|0|0|13265|FL|06||||||0|0|09/30/2026|60|0
H6FL21067|METWALLY, AMR|C|3|OTH|0|0|0|0|0|0|0|0|0|0|0|0|0|FL|06||||||0|0|03/31/2026|0|0
H2FL07289|FERNANDEZ, HLSIA|C|1|DEM|679.04|0|4066.81|0|3387.77|0|679.04|0|0|0|0|17000|0|FL|07||||||0|0|12/23/2025|0|0
H4FL07137|ADAMS, JENNIFER|C|1|DEM|35056.07|0|29925.26|0|5.91|5136.72|0|0|0|3160.25|0|55339.75|33054.32|FL|07||||||1500|0|06/30/2025|0|0
H4FL07145|FERNANDEZ, HILSIA TATIANA|C|1|DEM|679.04|0|4066.81|0|3387.77|0|679.04|0|0|0|0|17000|0|FL|07||||||0|0|12/23/2025|0|0
H6FL07165|KINTER, MARIALANA|C|1|DEM|334631.29|0|215953.2|0|0|118678.09|178|0|0|0|0|0|334143.29|FL|07||||||250|0|03/31/2026|695|0
H6FL07215|DALTON, BALE|C|1|DEM|692231.21|0|227793.9|0|0|464437.31|0|0|0|0|0|0|660181|FL|07||||||32050|0|03/31/2026|260|0
H0FL07143|VALENTIN, LEO|C|2|REP|0|0|0|0|0|0|0|0|0|0|0|210001|0|FL|07||||||0|0|10/24/2025|0|0
H2FL07156|MILLS, CORY|I|2|REP|805308.94|117000|730689.6|0|40892.01|115511.35|0|0|0|0|0|2010517.78|638046.07|FL|07||||||46500|0|03/31/2026|692|0
H2FL07164|DUKE, BRADY|O|2|REP|0|0|2902.5|0|23970.89|21068.39|0|0|0|0|0|45612.58|0|FL|07||||||0|0|03/31/2026|0|0
H4FL07152|JOHNSON, MICHAEL|C|2|REP|32243.2|0|30478.08|0|17621.96|11387.08|29280|0|0|0|0|46410|2520|FL|07||||||143.2|0|03/31/2026|0|0
H6FL07223|ULRICH, SARAH|C|2|REP|5129|0|2165.32|0|0|2963.68|0|0|0|0|0|0|5129|FL|07||||||0|0|03/31/2026|0|0
H4FL08143|KENNEDY, SANDRA (SANDY) DENISE MS. ESQ|C|1|DEM|843.23|0|843.22|0|754.39|754.4|843.22|0|0|0|0|18188.05|0|FL|08||||||0|0|03/31/2026|0|0
H6FL08270|DELLINGER, PAUL LYAL|C|1|DEM|2705.4|0|570.4|0|0|2135|0|0|0|0|0|0|2705.4|FL|08||||||0|0|09/30/2025|0|0
H6FL09187|GRAYSON, DENA MD, PHD MD, PHD|C|1|DEM|1227.24|563.36|1979.09|0|751.85|0|0|663.88|0|1315.21|0|273486.17|0|FL|08||||||0|0|12/31/2025|0|0
H4FL08101|HEARTON, JOHN L MR.|C|2|REP|0|0|8425.02|0|17602.93|9177.91|0|0|0|7840.92|0|243512.7|0|FL|08||||||0|0|03/31/2025|0|0
H4FL08168|HARIDOPOLOS, MIKE|I|2|REP|1250931.85|73825.14|664982.72|0|258162.83|844111.96|0|0|0|0|0|0|721298.55|FL|08||||||454250|0|03/31/2026|19510.93|0
H8FL15107|POSEY, BILL|I|2|REP|13284.78|0|70615.12|0|100216.54|42886.2|0|0|0|0|0|0|0|FL|08||||||0|0|03/31/2026|0|0
H6FL09179|SOTO, DARREN|I|1|DEM|1241415.11|165.56|422928.05|0|14118.54|832605.6|0|0|0|0|0|0|353345.92|FL|09||||||885500|0|03/31/2026|0|1000
H0FL09115|CASTILLO, JOSE|C|2|REP|65.97|0|157.19|0|91.22|0|65.97|0|0|91.22|0|0|0|FL|09||||||0|0|03/31/2025|0|0
H0FL20112|JONES, LATERESA ANN|C|2|REP|0|0|0|0|0|0|0|0|0|0|0|368|0|FL|09||||||0|0|03/31/2026|0|0
H2FL09277|MORALES, ADIANIS|C|2|REP|0|0|8452.53|0|0|4266.77|0|0|0|0|0|0|0|FL|09||||||0|0|03/31/2026|0|0
H4FL09182|CHALIFOUX, THOMAS E. COLONEL JR.|C|2|REP|2299375.99|0|760544.08|0|603207.89|2142039.8|0|2250000|0|612899.84|0|4159102.56|11675|FL|09||||||0|0|03/31/2026|0|0
H4FL09190|CARTER, GREGORY MARCUS MR|C|2|REP|14949.98|0|14234.07|0|1279.32|1995.23|1579.85|0|0|0|0|0|13370.13|FL|09||||||0|0|03/31/2026|550|0
H6FL09203|RENTAS, WANDA|O|2|REP|800|0|815|0|0|0|100|0|0|0|0|0|800|FL|09||||||0|0|02/24/2025|0|0
H6FL09252|STORY, JUSTIN|C|2|REP|42170.25|0|37052.96|0|0|5117.29|2341.77|18843.65|0|0|0|18843.65|20984.83|FL|09||||||0|0|03/31/2026|0|0
H6FL09260|MALAVET, JORGE ANTONIO|C|2|REP|23687.33|0|17695.13|0|0|5992.2|9658.24|6100|0|0|0|6100|7929.09|FL|09||||||0|0|03/31/2026|0|0
H6FL10185|RANCE, HOWARD STEVEN|C|2|REP|93551.76|0|55881.89|0|0|37669.87|6049.58|58600|0|0|0|58600|28902.18|FL|09||||||0|0|03/31/2026|0|0
H2FL10259|FROST, MAXWELL ALEJANDRO|I|1|DEM|2818459.77|33000|2475654.79|256300|1091725.72|1434530.7|6250|0|0|0|0|0|2538708.78|FL|10||||||234500|0|03/31/2026|22869.97|0
H2FL10358|BROWN, CORRINE|O|1|DEM|0|0|0|0|0|0|0|0|0|0|0|0|0|FL|10||||||0|0|06/30/2025|0|0
H6FL08213|GRAYSON, ALAN MARK|O|1|DEM|178051.99|0|178581.66|0|126917.81|126388.14|0|143054.15|0|21900|0|3913494.64|29991.64|FL|10||||||5000|0|03/31/2026|68|0
H0FL10113|MONTAGUE, WILLIE|C|2|REP|28.2|0|0|0|0|28.2|0|0|0|0|0|4000|28.2|FL|10||||||0|0|03/31/2026|0|0
H4FL11105|HALL, BARBARA BARBIE HARDEN|C|1|DEM|21305.41|0|20831.88|0|8082.34|8555.87|2055|2705|0|0|0|2705|16345.41|FL|11||||||200|0|03/31/2026|0|0
H6FL11241|WEBSTER, ROYAL MR.|C|1|DEM|4831.41|0|2501.77|0|1070.77|3385.89|0|90|0|0|0|0|4055|FL|11||||||0|0|03/31/2026|0|0
H0FL08208|WEBSTER, DANIEL|I|2|REP|368123.26|8400|297618.07|0|100028.54|170533.73|0|0|0|0|0|0|144342.24|FL|11||||||212500|0|03/31/2026|3510.02|0
H0FL11152|BUNTYN, TONY|C|2|REP|0|0|0|0|0|0|0|0|0|0|0|31735.06|0|FL|11||||||0|0|03/31/2026|0|0
H2FL11117|SABATINI, ANTHONY|C|2|REP|0|0|0|0|0|0|0|0|0|0|0|0|0|FL|11||||||0|0|02/11/2025|0|0
H4FL11121|SORIANO, GAVRIEL ELIYAHU|C|2|REP|1657.84|0|1632.89|0|0|24.95|0|1657.84|0|0|0|1657.84|0|FL|11||||||0|0|03/31/2026|0|0
H4FL02112|ABOUJAOUDE, ROCK ADEL MR. JR|C|1|DEM|0|0|0|0|126.64|126.64|0|0|0|0|0|0|0|FL|12||||||0|0|01/31/2025|0|0
H6FL12199|IRIZARRY, CHRISTOPHER|C|1|DEM|15703.73|0|5379.33|0|0|10324.4|0|1000|0|0|0|1000|14203.73|FL|12||||||0|500|03/31/2026|0|0
H6FL09070|BILIRAKIS, GUS M|I|2|REP|1020937.9|54191.15|707040.68|0|121417.04|435314.26|0|0|0|0|0|0|380060.54|FL|12||||||579750.01|0|03/31/2026|40.9|0
H6FL12223|WILLIAMS, SHAY|C|2|REP|18392|0|7676.6|0|0|10715.4|0|12017|0|0|0|12017|6375|FL|12||||||0|0|03/31/2026|0|0
H2FL13220|DIAMOND, BEN|O|1|DEM|0|0|74885.65|0|301807.14|226921.49|0|0|0|0|0|0|0|FL|13||||||0|0|03/31/2026|0|0
H4FL13200|FOX, WHITNEY|C|1|DEM|0|0|20055.38|0|20055.38|0|0|0|0|0|0|0|0|FL|13||||||0|0|03/12/2025|0|0
H6FL13189|LYNN, ERIC|O|1|DEM|15639.22|0|10506.76|0|306263.9|311396.36|0|0|0|0|0|0|0|FL|13||||||0|0|03/31/2026|0|0
H6FL13239|FORD, EARLE|C|1|DEM|593045.76|0|548690.21|0|0|44355.55|0|10000|0|0|0|10000|577936.47|FL|13||||||5000|0|03/31/2026|9661.02|0
H6FL13247|PAROS, REGINALD|C|1|DEM|15863.96|0|15863.96|0|0|0|3886.96|0|0|0|0|0|11977|FL|13||||||0|0|12/31/2025|0|0
H6FL13254|ROBINSON, TIMOTHY BRANDT MR|C|1|DEM|60546.36|0|27834.63|0|0|32711.73|0|0|0|0|0|0|59740.36|FL|13||||||806|0|03/31/2026|100|0
H6FL13262|KEMP, KARLA|C|1|DEM|7204.49|0|6805.19|0|307.31|706.61|948.53|0|0|0|0|0|6255.96|FL|13||||||0|0|03/31/2026|0|0
H6FL13296|FAY, JOHN T|C|1|DEM|2529.67|0|631.35|0|0|1759.08|0|2475.54|0|0|0|1579.32|54.13|FL|13||||||0|0|03/31/2026|0|0
H6FL13312|GRAY, LEELA J|C|1|DEM|564999.77|0|64764.82|0|0|500234.95|0|7000|0|0|0|14812.74|534999.77|FL|13||||||23000|0|03/31/2026|500|0
H0FL13158|PAULINA LUNA, ANNA|I|2|REP|2298615.43|1157242.04|1054588.53|0|131415.55|1375442.45|0|0|0|0|0|0|1061841.37|FL|13||||||75500|0|03/31/2026|8889.19|2000
H2FL13279|HENSON, AUDREY|O|2|REP|0|0|1613.88|0|1613.88|0|0|0|0|0|0|0|0|FL|13||||||0|0|05/06/2025|0|0
H6FL14112|QUINN, CHRISTINE YVONNE|C|2|REP|0|0|837.13|0|837.13|0|0|0|0|0|0|157780.9|0|FL|13||||||0|0|12/31/2025|0|0
H6FL11126|CASTOR, KATHY|I|1|DEM|876012.18|0|386157.72|0|226729.87|716584.33|0|0|0|0|0|0|440833.19|FL|14||||||427550|0|03/31/2026|900|0
H2FL11125|SORIANO, GAVRIEL ELIYAHU|C|2|REP|1657.84|0|1632.89|0|0|24.95|0|1657.84|0|0|0|1657.84|0|FL|14||||||0|0|03/31/2026|0|0
H4FL14117|ROCHFORD, ROBERT ANTHONY ROCKY CAPT|C|2|REP|62385|0|43427.2|0|2179.56|21137.36|0|0|0|0|0|148778.78|62385|FL|14||||||0|0|03/31/2026|0|0
H6FL12207|WILLIAMS, SHAY|C|2|REP|18392|0|7676.6|0|0|10715.4|0|12017|0|0|0|12017|6375|FL|14||||||0|0|03/31/2026|0|0
H6FL14146|WICK, JOHN CHARLES|C|2|REP|7089.47|0|7089.47|0|0|0|0|0|0|0|0|0|5659.35|FL|14||||||0|0|05/19/2025|2241|0
H6FL14161|TEK, ERGIN AKA BATMAN|C|2|REP|10341.76|0|5022.82|0|0|5318.94|9900|0|0|0|0|0|441.76|FL|14||||||0|0|03/31/2026|0|0
H6FL14179|WELDON, DANIEL|C|2|REP|76648.99|0|9550.04|0|0|67098.95|3643.56|0|0|0|0|0|73005.43|FL|14||||||0|0|03/31/2026|0|0
H2FL14269|BRADLEY, CHRISTOPHER|C|3|NNE|0|0|0|0|4318.5|4318.5|0|0|0|0|0|26000|0|FL|14||||||0|0|03/31/2026|0|0
H4FL15155|COHN, ALAN|C|1|DEM|0|0|21|0|205.21|184.21|0|0|0|0|0|12553.02|0|FL|15||||||0|0|12/31/2025|0|0
H6FL15168|PEOPLE, ROBERT|C|1|DEM|25458.9|0|24890.25|0|0|568.65|6631.61|0|0|0|0|0|15677.29|FL|15||||||200|0|03/31/2026|7631.61|0
H6FL15192|MCAULEY, DARREN|C|1|DEM|532060.24|0|265534.39|0|0|266525.85|50000|0|0|0|0|31375|457010.24|FL|15||||||24050|0|03/31/2026|235|0
H6FL15200|OVERMAN, KIMBERLY|C|1|DEM|127422.56|0|122299.63|0|0|5122.93|1.04|14000|0|0|0|32438.24|113421.52|FL|15||||||0|0|03/31/2026|85|0
H2FL07206|MCGOVERN, KEVIN JOHN|O|2|REP|0|0|2200.89|0|2200.89|0|0|0|0|0|0|145000|0|FL|15||||||0|0|03/31/2026|0|0
H2FL15191|TOLEDO, JACKIE|C|2|REP|0|0|0|0|82.65|82.65|0|0|0|0|0|38885.73|0|FL|15||||||0|0|03/31/2026|0|0
H2FL15241|LEE, LAUREL|I|2|REP|1900839.02|897071.66|611953.88|0|434770.5|1723655.64|0|0|0|0|0|0|367267.36|FL|15||||||636500|0|03/31/2026|1400|0
H8FL15230|SPANO, VINCENT ROSS|I|2|REP|0|0|0|0|187.24|187.24|0|0|0|0|0|108716.45|0|FL|15||||||0|0|03/31/2026|0|0
H2FL13139|SCHNEIDER, JAN|O|1|DEM|21271.49|0|3270.64|0|40918.74|58919.59|3401.49|0|0|0|0|0|17870|FL|16||||||0|0|09/30/2026|0|0
H4FL16161|SCHNEIDER, JAN|C|1|DEM|21271.49|0|3270.64|0|40893.74|58919.59|3401.49|0|0|0|0|0|17870|FL|16||||||0|0|03/31/2026|0|0
H4FL16187|MILLER, TRENT|C|1|DEM|0|0|0|0|-2237.55|0|0|0|0|0|0|0|0|FL|16||||||0|0|09/30/2026|0|0
H6FL16109|PEARSON, GLENN KEITH MR|O|1|DEM|30086.99|0|22918.94|0|855.96|8491.14|0|4000|0|0|0|0|25986.99|FL|16||||||0|100|03/31/2026|0|0
H6FL16117|HARRIS, JONATHAN|O|1|DEM|32769.08|0|10529.89|0|0|22239.19|6074.08|20000|0|0|0|20000|6695|FL|16||||||0|0|03/31/2026|0|0
H6FL16125|LYLES, TAMIKA|O|1|DEM|47778.78|0|1897.08|0|0|45881.7|0|0|0|0|0|0|47778.78|FL|16||||||0|0|03/31/2026|0|0
H4FL14141|PETERS, JOHN|O|2|REP|40746.86|0|38279.91|0|0|2466.95|0|33363.86|0|5000|0|28363.86|7383|FL|16||||||0|0|03/31/2026|0|0
H4FL16179|SPEIR, JASON EDWARD|O|2|REP|24106.18|0|6056.77|0|661.24|18710.65|0|0|0|0|0|125202.05|24045.64|FL|16||||||0|0|03/31/2026|0|0
H6FL13148|BUCHANAN, VERNON|I|2|REP|929818.2|42399.88|893272.66|50000|1049213.35|1085758.89|0|0|0|0|0|0|296368.26|FL|16||||||589009.5|0|03/31/2026|114003|45500
H6FL16133|POPE, EDWARD PETER DR.|O|2|REP|15057.57|0|1355.24|0|0|13702.33|0|15000|0|0|0|15000|57.57|FL|16||||||0|0|03/31/2026|0|0
H6FL06365|DAVIS, MARK|O|3|NPA|29903.46|0|22409.34|0|0|7494.12|185|0|0|0|0|0|25951.85|FL|16||||||0|0|03/31/2026|0|0
H4FL17052|LOPEZ, MANNY|C|1|DEM|0|0|0|0|0|0|0|0|0|0|0|0|0|FL|17||||||0|0|02/04/2025|0|0
H4FL17060|MONTAVON, MATTHEW|C|1|DEM|75408.83|0|35060.83|0|0|40348|8229.01|25000|0|0|0|25000|42179.82|FL|17||||||0|0|03/31/2026|0|0
H6FL17065|SPENCE, ALLEN L JR|C|1|DEM|37660.91|0|26986.16|0|100|10774.75|7295.8|10000|0|0|0|10000|20260.72|FL|17||||||0|0|03/31/2026|0|0
H8FL17053|STEUBE, GREG|I|2|REP|959819.1|193514.09|546827.97|0|1591295.8|2004286.93|0|0|0|0|0|0|336431.85|FL|17||||||424000|0|03/31/2026|50|0
H2FL17106|KALE, ANDREA DORIA|C|1|DEM|106.19|0|107.03|0|75.75|74.91|55|0|0|0|0|17550|51.19|FL|18||||||0|0|03/31/2026|0|0
H6FL18113|CHANE, JONATHAN|O|1|DEM|0|0|0|0|0|0|0|0|0|0|0|117120.17|0|FL|18||||||0|0|03/31/2026|0|0
H0FL15104|FRANKLIN, SCOTT MR.|I|2|REP|634983.24|62366.89|297386.91|20000|481895.48|819491.81|0|0|0|91500|0|298500|272129.21|FL|18||||||281500|0|03/31/2026|0|0
H2FL18138|HAYDEN, KEITH R. JR|C|3|NPA|0|0|0|0|0|0|0|0|0|0|0|0|0|FL|18||||||0|0|09/30/2025|0|0
H6FL18204|SIMMONS, DEVA|C|3|NPA|7653.22|0|0|0|0|7653.22|0|0|0|0|0|0|7633.22|FL|18||||||0|0|03/31/2026|0|0
H4FL19116|LERNER, KARI|C|1|DEM|0|0|27350.49|0|27350.49|0|0|0|0|0|0|3742.72|0|FL|19||||||0|0|03/31/2025|0|0
H6FL19111|SAPP, HOWARD|O|1|DEM|32473.39|0|35205.17|0|0|-2731.78|200|0|0|0|0|0|32273.39|FL|19||||||0|0|03/31/2026|0|0
H6FL19277|ARIAS, VICTOR M.|O|1|DEM|22813.19|0|4241.97|0|0|18571.22|500|20000|0|0|0|26454|2313.19|FL|19||||||0|0|03/31/2026|500|0
H0FL19221|ASKAR, CASEY|O|2|REP|0|0|0|0|43|43|0|0|0|0|0|3362393.52|0|FL|19||||||0|0|03/31/2026|0|0
H2FL14186|DONALDS, BYRON|I|2|REP|735588.89|78531.76|2057060.69|0|1740010.46|418538.66|0|0|0|0|0|0|531015.08|FL|19||||||56800|0|03/31/2026|200|1500
H4FL19090|BENACQUISTO, LIZBETH|O|2|REP|0|0|0|0|0|0|0|0|0|0|0|121325.68|0|FL|19||||||0|0|03/31/2026|0|0
H4FL26095|FRATTO, JOHN ROBERT|O|2|REP|630.51|0|1168.9|0|538.39|0|0|0|0|0|0|0|520.51|FL|19||||||0|0|02/26/2026|0|0
H6FL19087|ROONEY, FRANCIS|I|2|REP|0|0|897.5|0|6479.3|5581.8|0|0|0|0|0|392000|0|FL|19||||||0|0|03/31/2026|0|0
H6FL19129|OBERWEIS, JAMES MR.|O|2|REP|4360995.58|2000|1396396.85|0|0|2964598.73|2050.86|4000000|0|0|0|4000000|277186.2|FL|19||||||4750|0|03/31/2026|500|0
H6FL19137|SCHWARTZEL, JIM|O|2|REP|1733843.46|0|258443.82|0|0|1475399.64|0|1000000|0|0|0|1000000|719896.12|FL|19||||||9500|0|03/31/2026|3500|0
H6FL19145|PEDERSEN, MIKE|O|2|REP|56071|0|33367.14|0|0|22703.86|0|10000|0|0|0|10000|46071|FL|19||||||0|0|03/31/2026|0|0
H6FL19160|HAWATMEH, OLA NESHESWAT|O|2|REP|379189.65|113324.99|138652.34|0|0|240537.31|0|124000|0|22000|0|108691.01|137314.66|FL|19||||||4000|0|03/31/2026|46545|0
H6FL19178|CAWTHORN, MADISON|O|2|REP|519541.69|0|286763.58|0|0|232778.11|0|500000|0|0|0|511888.03|19541.69|FL|19||||||0|0|03/31/2026|0|0
H6FL19186|LAUF, CATALINA|O|2|REP|974858.77|39784.8|584741.16|0|0|390117.61|0|0|0|0|0|0|927288.59|FL|19||||||4000|0|03/31/2026|40834.06|0
H6FL19194|STRAND, JOHN|O|2|REP|82893.31|0|64978.81|0|0|17914.5|0|19479.85|0|0|0|19479.85|59913.46|FL|19||||||3500|0|03/31/2026|0|0
H6FL19210|ELLIOTT, STEPHEN W|O|2|REP|25|0|25|0|0|0|0|0|0|0|0|0|25|FL|19||||||0|0|12/17/2025|0|0
H6FL19228|COLLINS, CHRIS|O|2|REP|910000|0|604436.5|0|0|305563.5|8000|902000|0|0|0|902000|0|FL|19||||||0|0|03/31/2026|0|0
H2FL20159|HOLNESS, DALE V.C. MR.|C|1|DEM|306515.89|0|12925.78|0|19082.31|312672.42|0|71000|0|0|0|161000|234729.44|FL|20||||||0|0|03/31/2026|0|0
H4FL20098|CAMPBELL, LUTHER MR.|C|1|DEM|37128.18|0|11067.85|0|0|26060.33|0|7850|0|0|0|7850|29278.18|FL|20||||||0|0|03/31/2026|0|0
H6FL20077|MANLEY, ELIJAH|C|1|DEM|779838.52|0|756970.81|0|0|22867.71|0|0|0|0|0|41751.24|769504.35|FL|20||||||0|0|03/31/2026|2297|0
H8FL20032|CHERFILUS-MCCORMICK, SHEILA|I|1|DEM|356386.81|0|352822.17|0|7516.27|11080.91|0|1254|0|12100|0|4385289.12|267879.68|FL|20||||||86000|0|03/31/2026|2681.16|0
H2FL25083|CLARK, DREW-MONTEZ DR.|C|2|REP|0|0|0|0|0|0|0|0|0|0|0|5850|0|FL|20||||||0|0|06/30/2025|0|0
H6FL20069|JOSEPH, RODENAY MR.|C|2|REP|58157.58|0|60432.86|0|0|-2275.28|0|0|0|0|0|0|58157.58|FL|20||||||0|0|03/31/2026|0|0
H6FL23170|DORCE, SENDRA|C|2|REP|9313.98|0|4833.41|0|0|4490.57|0|1982.42|25|150|0|0|7306.56|FL|20||||||0|0|03/31/2026|0|0
H6FL20119|MAXIME, KEDNER|C|3|IND|6229|0|1233.48|0|0|4995.52|1009|0|0|0|0|0|5220|FL|20||||||0|0|03/31/2026|0|0
H2FL18096|BALDERRAMOS ROBINSON, CORINNA|C|1|DEM|0|0|0|0|2047.65|2047.65|0|0|0|0|0|0|0|FL|21||||||0|0|03/31/2026|0|0
H6FL21034|TAYLOR, BERNARD|C|1|DEM|32502.36|0|23351.42|0|0|21558.94|0|0|0|0|0|0|32502.36|FL|21||||||0|0|03/31/2026|0|0
H6FL21042|PANDICH, ELIZABETH|C|1|DEM|71436|0|71436|0|0|0|1200|2500|0|27|0|2473|67736|FL|21||||||0|0|09/11/2025|11500|0
H6FL21059|DANDIYA, PIA|C|1|DEM|1575117.24|0|403470.7|0|0|1171646.54|0|197000|0|0|0|197000|1364117.24|FL|21||||||14000|0|03/31/2026|1555|0
H6FL21075|MARTIN, JAMES|C|1|DEM|306655.16|0|146272.04|0|0|160383.12|1|50000|0|0|0|50000|255654.16|FL|21||||||0|0|03/31/2026|1266|0
H2FL21082|BUONGIORNO, JEFFREY D|C|2|REP|500|0|0|0|0|500|0|0|0|0|0|0|500|FL|21||||||0|0|03/31/2026|0|0
H2FL21165|MARKS, MARTIN J.|C|2|REP|0|0|3691.66|0|3691.66|0|0|0|0|0|0|0|0|FL|21||||||0|0|04/20/2025|0|0
H6FL18097|MAST, BRIAN|I|2|REP|3104405.43|440260.73|2322221.17|0|1771377.66|2553561.92|0|0|0|0|0|0|2348617.76|FL|21||||||267700|0|03/31/2026|8656.5|0
H2FL21066|TROUT, W. MICHAEL "MIKE"|C|3|FL|5|0|0|0|9373.64|9378.64|5|0|0|0|0|10830|0|FL|21||||||0|0|04/15/2026|0|0
H6FL21083|OTT, ROBERT DR.|C|3|NPA|3030|0|0|0|0|3030|0|0|0|0|0|0|3030|FL|21||||||0|0|03/31/2026|0|0
H2FL14053|FRANKEL, LOIS J.|I|1|DEM|1855772.41|0|678246.06|0|287321.25|1464968.6|0|0|0|0|0|0|1365142.07|FL|22||||||408750|0|03/31/2026|21410|2500
H6FL22107|DOYLE, VICTORIA JANE BOKER|C|1|DEM|168017.57|0|163520.85|0|0|4496.72|100|95020|0|0|0|128601.56|71790.66|FL|22||||||0|0|03/31/2026|800|0
H2FL21108|FRANZESE, DANIEL JOHN|C|2|REP|438419.4|0|64155.43|0|9928.49|384192.46|175|271711.5|125|0|125|250000|166157.9|FL|22||||||0|0|03/31/2026|0|0
H2FL21132|ADEIMY, DEBORAH|C|2|REP|138415.84|0|84497.27|0|3608.14|57526.71|26579.77|52026|0|0|0|65466|58638.21|FL|22||||||0|0|03/31/2026|0|0
H4FL22136|GUTMANN, ANDREW|C|2|REP|0|0|4493.25|0|4493.25|0|0|0|0|0|0|0|0|FL|22||||||0|0|03/15/2026|0|0
H6FL22099|MEDVEDEVA, ANNA|C|2|REP|270146.39|0|160862.08|0|0|109284.31|0|250000|0|0|0|250000|19825.3|FL|22||||||0|0|03/31/2026|0|0
H6FL22131|SRADO, ANTONIO|C|2|REP|327.67|0|327.67|0|0|0|0|0|0|0|0|0|327.67|FL|22||||||0|0|03/31/2026|0|0
H6FL22149|FRANZESE, DANIEL JOHN|C|2|REP|438419.4|0|64155.43|0|9928.49|384192.46|175|271711.5|125|0|125|250000|166157.9|FL|22||||||0|0|03/31/2026|0|0
H6FL22156|BURCK, DAVID|C|2|REP|131000|0|20164.78|0|0|110835.22|0|0|0|0|0|0|131000|FL|22||||||0|0|03/31/2026|5500|0
H6FL22164|WERTHEIM, HERBERT DR. OD|C|2|REP|2500000|0|0|0|0|2500000|0|2500000|0|0|0|2500000|0|FL|22||||||0|0|03/31/2026|0|0
H6FL22172|BRANDA, PAOLA DR|C|2|REP|5100|0|0|0|0|5100|0|0|5100|0|0|5100|0|FL|22||||||0|0|03/31/2026|0|0
H2FL22171|MOSKOWITZ, JARED|I|1|DEM|1710590.3|127300|842813.43|0|349286.7|1217063.57|0|0|0|75000|0|40700|1258774.14|FL|23||||||323779.16|0|03/31/2026|8380.61|0
H2FL23260|TROUT, W MICHAEL|C|1|DEM|5|0|0|0|9373.64|9378.64|5|0|0|0|0|10830|0|FL|23||||||0|0|04/15/2026|0|0
H6FL23154|LARKIN, OLIVER ADAMS|C|1|DEM|327736.48|0|145012.77|0|0|182723.71|0|0|0|0|0|0|323436.48|FL|23||||||4100|0|03/31/2026|146.11|0
H0FL22100|CEREZO SWAFFAR, DARLENE|C|2|REP|6250.42|0|6432.44|0|182.02|0|0|1700|0|25|0|0|4550.42|FL|23||||||0|0|07/22/2025|2300|0
H0FL23090|SPALDING, CARLA A|C|2|REP|4842.21|0|14656.66|0|26999.08|17184.63|0|0|0|0|0|70716.85|1009.27|FL|23||||||0|0|03/31/2026|325|0
H2FL20043|KAUFMAN, JOE|C|2|REP|482037.21|0|74565.37|0|62789.01|470260.85|0|0|0|0|0|89862.53|482037.21|FL|23||||||0|0|03/31/2026|0|0
H4FL23126|WEINROTH, ROBERT S.|C|2|REP|5000|0|6587.59|0|1587.59|0|0|0|0|0|0|0|5000|FL|23||||||0|0|02/18/2025|0|0
H6FL18121|SPALDING, CARLA ARLENE|C|2|REP|4842.21|0|14656.66|0|26999.08|17184.63|0|0|0|0|0|70716.85|1009.27|FL|23||||||0|0|03/31/2026|325|0
H6FL23139|HARRISON, RAVEN|C|2|REP|701238.51|0|525204.1|0|0|176034.41|6968|542000|0|250000|0|293897.05|151571.82|FL|23||||||0|0|03/31/2026|1009.5|0
H6FL23147|MORAITIS, GEORGE R|C|2|REP|698355.25|0|214429.86|0|0|483925.39|6946.8|110000|0|0|0|111100.02|571408.45|FL|23||||||10000|0|03/31/2026|0|0
H6FL23162|GURFEIN, JARED|C|2|REP|28053.17|0|16275.72|0|0|11777.45|0|0|0|0|0|0|27963.17|FL|23||||||0|0|03/31/2026|250|0
H8FL23051|REYES, CARLOS JOSE JR.|C|2|REP|0|0|0|0|0|0|0|0|0|0|0|99443.88|0|FL|23||||||0|0|03/31/2025|0|0
H0FL17068|WILSON, FREDERICA S.|I|1|DEM|153141.76|0|260134.72|0|497199.62|390206.66|0|0|0|0|0|15250|44868.12|FL|24||||||108273.64|0|03/31/2026|0|0
H0FL17118|MOISE, RUDOLPH|C|1|DEM|300000|0|184530.57|0|0|115469.43|0|300000|0|0|0|300000|0|FL|24||||||0|0|03/31/2026|0|0
H2FL24037|SANON-JULES, CHRISTINE ALEXANDRIA|C|1|DEM|0|0|0|0|0|0|0|0|0|0|0|0|0|FL|24||||||0|0|03/31/2026|0|0
H2FL24052|GONZALEZ, PATRICIA|C|2|REP|1332|0|1236.6|0|0|95.4|0|1200|0|0|0|1200|125|FL|24||||||0|0|03/31/2026|0|0
H4FL24041|SPICER, LAVERN|C|2|REP|0|0|3.3|0|3.3|0|0|0|0|0|0|0|0|FL|24||||||0|0|03/31/2025|0|0
H4FL24058|NAVARRO, JESUS|C|2|REP|0|0|0|0|-586.63|-586.63|0|0|0|0|0|10512|0|FL|24||||||0|0|01/02/2025|0|0
H0FL23041|OLIVO, CHRISTINE ALEXANDRIA|C|3|NPA|0|0|0|0|0|0|0|0|0|0|0|0|0|FL|24||||||0|0|03/31/2026|0|0
H4FL20023|WASSERMAN SCHULTZ, DEBBIE|I|1|DEM|2502688.61|0|1052517.34|0|1057308.92|2507480.19|0|0|0|0|0|0|1938353.11|FL|25||||||534750|0|03/31/2026|14509.18|3000
H4FL25030|EDDY, CHRISTOPHER|C|2|REP|2|0|1280.96|0|1983.87|704.91|0|0|0|0|0|0|2|FL|25||||||0|0|03/31/2026|0|0
H4FL25055|LEIB, BRYAN|C|2|REP|0|0|65.6|0|65.6|0|0|0|0|0|0|0|0|FL|25||||||0|0|06/30/2025|0|0
H6FL23188|SINGER, SCOTT M.|C|2|REP|1347715.25|0|116628.27|0|0|1231086.98|0|424010|0|0|0|425425.3|914352.77|FL|25||||||8500|0|03/31/2026|500|0
H6FL25035|CARBONARA, MICHAEL|C|2|REP|2526427.75|0|1893254.99|0|0|633172.76|0|2304676.05|0|0|0|2311676.05|49131.95|FL|25||||||0|0|03/31/2026|0|0
H6FL25043|VILLATORO, CLAUDIA|C|2|REP|803049.66|0|58418.05|0|0|744391.07|0|800000|0|0|0|800000|3049.66|FL|25||||||0|0|03/31/2026|0|0
H4FL26103|ATKINS, JOEY DAVID|C|1|DEM|0|0|0|0|379.21|379.21|0|0|0|0|0|0|0|FL|26||||||0|0|03/31/2026|0|0
H6FL26041|GIL, YURINA|C|1|DEM|15048.04|0|15914.44|0|1060|193.6|0|10000|0|4300|800|4900|2820|FL|26||||||1988|0|03/31/2026|0|0
H6FL26058|LOCKLIN, NICOLE|C|1|DEM|105198.13|0|29206.42|0|0|75991.71|382.38|100000|0|0|0|100000|4815.72|FL|26||||||0|0|03/31/2026|0|0
H0FL25038|RIVERA, DAVID|C|2|REP|0|0|0|0|0|0|0|0|0|0|0|139873.58|0|FL|26||||||0|0|03/31/2026|0|0
H2FL25018|DIAZ-BALART, MARIO|I|2|REP|1517554.6|5943.06|1099963.76|0|1819320.2|2236911.04|0|0|0|0|0|0|878605.69|FL|26||||||629650|0|03/31/2026|0|0
H4FL26111|EVANS, RICHARD MR.|C|2|REP|0|0|0|0|447.06|447.06|0|0|0|0|0|13500|0|FL|26||||||0|0|12/31/2025|0|0
H2FL27089|RUSSELL, KEN|C|1|DEM|0|0|0|0|0|0|0|0|0|0|0|55305.91|0|FL|27||||||0|0|03/31/2026|0|0
H4FL27010|BAEZ-GELLER, LUCIA|C|1|DEM|3987.06|0|16359.3|0|12372.24|0|0|0|0|0|0|0|0|FL|27||||||0|0|04/14/2025|0|0
H4FL27036|DAVEY, MICHAEL|C|1|DEM|45190.26|0|28247.28|0|-201.53|12609.47|0|0|0|0|0|42700|45190.26|FL|27||||||0|0|03/31/2026|0|0
H6FL27056|LAMONDIN, RICHARD|C|1|DEM|743318.29|0|405774.53|0|0|337543.76|450|145000|0|0|0|145000|591354.29|FL|27||||||6500|0|03/31/2026|8608|0
H6FL27064|FORNINO, ALEXANDER|C|1|DEM|25150.33|0|24814.88|819.53|0|-719.18|24691|0|0|0|0|0|459.33|FL|27||||||0|0|03/31/2026|0|0
H6FL27072|PEGUERO, ROBIN|C|1|DEM|821895.71|0|358623.6|0|0|463272.11|0|0|0|0|0|0|802295.49|FL|27||||||18600|0|03/31/2026|3554.5|0
H6FL27098|RODRIGUEZ, ELIOTT|C|1|DEM|312002.51|0|12526.67|0|0|299475.84|7000|0|0|0|0|0|305002.51|FL|27||||||0|0|03/31/2026|0|0
H6FL27106|PARNAS, LEV|C|1|DEM|27336|0|0|0|0|27336|0|0|0|0|0|0|27336|FL|27||||||0|0|03/31/2026|0|0
H8FL27052|RODRIGUEZ, JOSE JAVIER|O|1|DEM|0|0|265|0|0|175565.86|0|0|0|0|0|0|0|FL|27||||||0|0|03/31/2026|0|0
H4FL27028|ARIAS, VINCENT MICHAEL|C|2|REP|127485.72|0|27580.48|0|0|99905.24|0|99000|0|0|0|99000|28485.72|FL|27||||||0|0|03/31/2026|0|0
H8FL27185|SALAZAR, MARIA ELVIRA|I|2|REP|1373240.18|509726.3|846727.53|0|1410827.14|1937339.79|2492.77|0|0|0|0|14300|404646.52|FL|27||||||421428.55|0|03/31/2026|0|0
H4FL28042|EHR, PHIL|C|1|DEM|206606.36|0|76322.34|0|16850.92|237027.27|10200|133000|0|0|0|474083.63|63225.51|FL|28||||||0|0|12/31/2025|91|0
H0FL26036|GIMENEZ, CARLOS|I|2|REP|414710.14|95435.93|346166.71|0|576027.97|644571.4|0|0|0|0|0|0|136997.21|FL|28||||||181500|0|03/31/2026|4000|0
H2FL26073|SCHAFFER, JEREMIAH|C|2|REP|0|0|0|0|270.02|270.02|0|0|0|0|0|0|0|FL|28||||||0|0|03/31/2026|0|0
H8FL26062|FAAS, SOURAYA|O|3|LIB|0|0|0|0|0|0|0|0|0|0|0|9300|0|FL|28||||||0|0|03/31/2026|0|0
H0GA01029|GRIGGS, JOYCE MARIE|O|1|DEM|14592.22|0|12753.97|0|79.57|1917.82|0|13182|0|0|0|97737|1360.22|GA|01||||||0|0|03/31/2026|0|0
H4GA01153|HEWITT, PATTI|C|1|DEM|559.54|0|2087.67|0|1528.13|0|200|0|0|0|0|5000|349.54|GA|01||||||0|0|06/30/2025|0|0
H6GA01133|MCCORD, MICHAEL|O|1|DEM|224654|0|58991.67|0|0|147166.95|0|130000|0|0|0|130000|94654|GA|01||||||0|0|03/31/2026|0|0
H6GA01158|HOLLOWELL, AMANDA|O|1|DEM|66336.96|0|58833.14|0|0|7503.82|0|11101|0|0|0|11101|55235.96|GA|01||||||0|0|03/31/2026|0|0
H6GA01174|ZURCHER, RANDY|O|1|DEM|11687.2|0|8232.48|0|0|3454.72|0|100|0|0|0|100|11587.2|GA|01||||||0|0|03/31/2026|0|0
H6GA01208|STOKES-WILLIAMSON, SHARON|O|1|DEM|6470|0|5425.44|0|0|1044.56|2800|0|0|0|0|0|3670|GA|01||||||0|0|03/31/2026|0|0
H6GA01224|WILVER, PATRICK|O|1|DEM|28046.6|0|19026|0|0|9020.6|81.32|3250|3359.9|0|0|6609.9|21355.38|GA|01||||||0|0|03/31/2026|0|0
H0GA01060|MERRITT, DANIEL|C|2|REP|0|0|0|0|0|0|0|0|0|0|0|34578.24|0|GA|01||||||0|0|03/31/2026|0|0
H4GA01039|CARTER, EARL LEROY|I|2|REP|6713652.93|588604.46|6002322.36|2500|3018930.34|3730260.91|0|3000000|0|0|0|3000000|1958981.79|GA|01||||||1045775|0|03/31/2026|5460|3500
H4GA12051|YU, EUGENE CHIN MR.|O|2|REP|137645.77|0|100528.17|0|43381.03|80498.63|0|0|0|0|0|61000|137645.77|GA|01||||||0|0|03/31/2026|0|0
H6GA01075|TAYLOR, KANDISS DR.|O|2|REP|78298.64|0|57062.51|0|192.03|21428.16|0|13600|0|0|0|13600|64698.64|GA|01||||||0|0|03/31/2026|0|0
H6GA01083|FARRELL, PATRICK K.|O|2|REP|646235.46|0|236162.83|0|0|410072.63|0|500000|0|0|0|500000|145985.46|GA|01||||||250|0|03/31/2026|2000|0
H6GA01091|PENN, KRISTA|O|2|REP|20215.47|0|11762.28|0|0|8453.19|5943.54|945.98|0|945.98|0|0|12325.95|GA|01||||||1000|0|03/31/2026|0|0
H6GA01109|KINGSTON, JAMES MORRIS|O|2|REP|1818425.5|0|527038.59|0|0|1291386.91|0|0|0|0|0|0|1638975.5|GA|01||||||179450|0|03/31/2026|0|0
H6GA01166|MONTGOMERY, BRIAN ALLEN|O|2|REP|252045.26|0|206599.9|0|0|45445.36|16514.63|0|0|0|0|0|227030.63|GA|01||||||8500|0|03/31/2026|250|0
H6GA01216|MONTELEONE, MONTE, EUGENE, GEE T MR.|O|2|REP|18056.08|0|5478.27|0|0|1410.47|4304.16|10000|0|0|0|10000|3751.92|GA|01||||||0|0|04/28/2026|0|0
H2GA02031|BISHOP, SANFORD|I|1|DEM|890390.63|0|704282.94|0|182860.98|368968.67|0|0|0|0|0|0|300328.81|GA|02||||||583500.01|0|03/31/2026|550|5000
H2GA02148|O'HARA, JOSEPH|C|1|DEM|0|0|0|0|12.48|12.48|0|0|0|0|0|5220|0|GA|02||||||0|0|03/31/2026|0|0
H6GA02149|GLOVER, DANNY DWAYNE|C|1|DEM|4675|0|2882.4|0|100|1892.6|0|0|0|0|0|0|4675|GA|02||||||0|0|06/30/2025|0|0
H2GA02163|JOHNSON, ARTHUR WAYNE|C|2|REP|8000|0|9861.12|0|1861.12|0|0|8000|0|0|0|0|0|GA|02||||||0|0|03/31/2026|0|0
H2GA02189|HUNT, JEREMY|C|2|REP|0|0|0|0|3352.57|3352.57|0|0|0|0|0|77247.66|0|GA|02||||||0|0|03/31/2026|0|0
H4GA02078|CHILDS, VIVIAN LOUISE|C|2|REP|0|0|0|0|158.99|158.99|0|0|0|0|0|10000|0|GA|02||||||0|0|12/31/2025|0|0
H6GA01182|DAY, MATT|O|2|REP|97451.78|11009.56|90887.88|0|0|6563.9|25579.72|50000|0|0|0|50000|10762.5|GA|02||||||0|0|03/31/2026|0|0
H6GA02156|HAND, CHUCK|C|2|REP|874.47|0|874.47|0|0|0|0|0|0|0|0|0|874.47|GA|02||||||0|0|03/05/2026|0|0
H0GA03074|ALMONORD, VALBRUN|O|1|DEM|0|0|0|0|0|0|0|0|0|0|0|0|0|GA|03||||||0|0|08/01/2025|0|0
H4GA03100|KELLER, MAURA|C|1|DEM|80403.98|0|35181.63|0|2935.57|48177.92|0|0|0|0|0|25520|76403.98|GA|03||||||4000|0|03/31/2026|143|0
H0GA13032|CRANE, MICHAEL ROBERT|O|2|REP|0|0|0|0|0|0|0|0|0|0|0|115755.6|0|GA|03||||||0|0|03/31/2026|0|0
H4GA03076|SINGLETON, PHILLIP|O|2|REP|0|0|1635.52|0|1635.52|0|0|0|0|0|0|0|0|GA|03||||||0|0|12/06/2025|0|0
H4GA03126|JACK, BRIAN|I|2|REP|1551710.39|141395.98|981727.54|0|240176.33|810159.18|0|0|0|0|0|25678.43|720274.89|GA|03||||||689039.52|0|03/31/2026|17464.15|0
H6GA04129|JOHNSON, HENRY C. 'HANK'|I|1|DEM|296842.24|0|337548.74|0|111676|70969.5|0|0|0|0|0|5211.2|36972.3|GA|04||||||255500|779.17|03/31/2026|5050|-2500
H6GA04178|ROBSON, ALEXANDER THOMAS MR.|C|1|DEM|1924.51|0|1868.55|0|0|-152.48|478.51|0|0|0|0|0|1446|GA|04||||||0|0|03/31/2026|0|0
H0GA05301|WILLIAMS, NIKEMA N.|I|1|DEM|455433.55|0|420837.34|0|13241.65|47837.86|0|0|0|0|0|0|150456.58|GA|05||||||295755|0|03/31/2026|16.76|0
H6GA05217|LEWIS, JOHN R|I|1|DEM|2068.1|0|46411.67|0|46765.96|2422.39|0|0|0|0|0|0|0|GA|05||||||0|0|03/31/2026|0|0
H6GA05308|CASTRO, ANDRES|C|1|DEM|36393.75|0|35626.33|0|0|767.42|25638.72|0|0|0|0|0|10755.03|GA|05||||||0|0|03/31/2026|0|0
H6GA05324|BEATTY, ARNETRESS|C|1|DEM|6400.56|0|6400.56|0|0|0|0|5640.25|0|0|0|639.15|10|GA|05||||||0|0|03/31/2026|0|0
H2GA05166|ZIMM, CHRISTIAN GERARD|C|2|REP|0|0|140|0|-751.78|-891.78|0|0|0|0|0|0|0|GA|05||||||0|0|03/31/2026|0|0
H4GA06152|THOMAS, MAANDISHA A|C|1|DEM|0|0|300.6|0|4520.85|3989.5|0|0|0|200|0|13275|0|GA|06||||||0|0|03/31/2026|0|0
H8GA06393|MCBATH, LUCIA KAY MS.|I|1|DEM|709536.63|0|1061691.84|50000|953274.45|601119.24|0|0|0|0|0|0|425881.58|GA|06||||||264937.48|779.17|03/31/2026|3115.84|0
H6GA06157|PINKER, JUSTIN|C|2|REP|15213.06|0|13148.15|0|0|2064.91|100|6622.08|0|0|0|6622.08|8490.98|GA|06||||||0|0|03/31/2026|0|0
H6GA06173|BAPTISTE, CRYSTAL SHAUNA|C|2|REP|7204.21|0|2033.03|0|0|5171.18|0|0|1000|0|1000|0|6204.21|GA|06||||||0|0|03/31/2026|0|0
H6GA06181|MARTIN, KEVIN EUGENE|C|2|REP|10320|0|10220|0|0|100|0|10320|0|0|0|10320|0|GA|06||||||0|0|03/31/2026|0|0
H6GA07171|MOBURG, HAIDEN WILLIAM|C|1|DEM|0|0|0|0|0|0|0|0|0|0|0|0|0|GA|07||||||0|0|04/16/2025|0|0
H6GA07197|NORTON, CASEY|C|1|DEM|9971.81|0|6728.71|0|1233.83|4476.93|0|0|0|0|0|0|9971.81|GA|07||||||0|0|03/31/2026|0|0
H6GA07205|LONG, LARRY|C|1|DEM|49676.5|0|48178.89|0|0|1497.61|0|49176.5|0|0|0|49176.5|500|GA|07||||||0|0|03/31/2026|0|0
H6GA07221|KOZYCKI, ANTHONY LAWRENCE|C|1|DEM|337663.32|0|1239.53|0|0|336423.79|0|316702.32|0|0|0|316702.32|20961|GA|07||||||0|0|03/31/2026|0|0
H0GA07273|MCCORMICK, RICHARD DEAN DR.|I|2|REP|1315416.84|584153.21|1177211.49|89000|697822.91|836028.26|0|0|0|203800|0|1000|327515.82|GA|07||||||340750|0|03/31/2026|44732.17|11000
H0GA07307|BABBAGE, LISA NOEL DR.|C|2|REP|0|0|0|0|0|0|0|0|0|0|0|0|0|GA|07||||||0|0|10/31/2025|0|0
H2GA10232|WEST, MARY|O|2|REP|0|0|67.01|0|67.01|0|0|0|0|0|0|0|0|GA|07||||||0|0|04/15/2026|0|0
H6GA07189|BARFIELD, STEPHEN ERIC MR.|C|2|REP|50001.95|0|50001.95|0|0|0|0|50000|0|0|0|0|.96|GA|07||||||0|0|01/31/2026|0|0
H2GA08095|BUTLER, DARRIUS MAURICE|C|1|DEM|0|0|0|0|0|0|0|0|0|0|0|0|0|GA|08||||||0|0|04/16/2025|0|0
H6GA08138|ESTI, KELLY DR|C|1|DEM|17655|0|24002.84|0|9010.17|2662.33|0|0|0|0|0|0|17655|GA|08||||||0|0|03/31/2026|0|0
H8GA08118|COOPER, JAMES L III|C|1|DEM|123|0|122.04|0|0|.96|31|0|0|0|0|1230|92|GA|08||||||0|0|03/31/2026|0|0
H0GA08099|SCOTT, JAMES AUSTIN|I|2|REP|900863.86|0|524224.67|0|980165.55|1356804.74|0|0|0|0|0|0|308109.46|GA|08||||||563250|0|03/31/2026|500|2500
H4GA08125|WATKINS, VINSON|C|2|REP|0|0|63.18|0|201.19|138.01|0|0|0|0|0|5320|0|GA|08||||||0|0|06/30/2025|0|0
H4GA14040|CASH, TAMBREI|C|1|DEM|0|0|20|0|16.68|-3.32|0|0|0|0|0|0|0|GA|09||||||0|0|06/30/2025|0|0
H6GA09268|ALEX, NICHOLAS FRANCIS MR.|C|1|DEM|129280.28|0|78797.19|0|0|50483.09|1120|0|0|0|0|0|125397.74|GA|09||||||350|0|03/31/2026|470|0
H6GA09284|GEGEN, CAITLYN|C|1|DEM|15637.93|0|13022.53|0|0|2615.4|4181|0|0|0|0|0|11456.93|GA|09||||||0|0|03/31/2026|0|0
H8GA09058|MCCALL, JOSHUA BRAXTON|C|1|DEM|0|0|0|0|1715.26|1715.26|0|0|0|0|0|0|0|GA|09||||||0|0|03/31/2026|0|0
H0GA09246|CLYDE, ANDREW|I|2|REP|553572.98|0|311824.48|0|95984.11|337732.61|0|0|0|0|0|1308863.64|480362.01|GA|09||||||73210.97|0|03/31/2026|12100|-2000
H0GA10228|CATES, CHRISTOPHER U MD|C|2|REP|0|0|0|0|442.11|442.11|0|0|0|0|0|250000|0|GA|09||||||0|0|03/31/2026|0|0
H2GA09242|HOWARD, JON GREGORY|C|2|REP|0|0|0|0|2273.03|2273.03|0|0|0|0|0|8639.25|0|GA|09||||||0|0|12/31/2025|0|0
H6GA09250|COUVILLON, SAM|C|2|REP|679808.5|0|459712.26|0|0|220096.24|0|0|0|0|0|0|670808.5|GA|09||||||9000|0|03/31/2026|100|0
H6GA09276|POOLE, GREGG|C|2|REP|159048.3|0|41602.05|0|0|117446.25|17473.3|100000|0|0|0|100000|41575|GA|09||||||0|0|03/31/2026|1400|0
H4GA10113|DOHERTY, ALEXANDRA|O|1|DEM|193477.98|0|150836.39|0|12803.18|55444.77|0|0|0|0|1000|9000|193477.98|GA|10||||||0|0|03/31/2026|0|0
H6GA10183|DELANCY, PAMELA MRS|O|1|DEM|8375|0|4509.6|0|0|3865.4|0|3000|0|0|0|3000|5375|GA|10||||||0|0|03/31/2026|0|0
H2GA10117|SIMPSON, STEPHEN K MR.|O|2|REP|0|0|0|0|0|0|0|0|0|0|0|0|0|GA|10||||||0|0|03/31/2026|0|0
H4GA10071|COLLINS, MICHAEL A JR|I|2|REP|4318376.94|1255990.41|2790134.88|0|597195.09|2125437.15|65000|0|0|0|0|286941.43|2696771.72|GA|10||||||295100|0|03/31/2026|18348.59|0
H6GA09243|BROUN, PAUL|C|2|REP|0|0|0|0|1316.9|1316.9|0|0|0|0|0|97589.84|0|GA|10||||||0|0|03/31/2026|0|0
H6GA10175|GAINES, HOUSTON|O|2|REP|1863007.49|0|400812.21|0|0|1462195.28|0|0|0|0|0|0|1703402.67|GA|10||||||141010.25|0|03/31/2026|40537.5|0
H6GA10191|MILLSAP, RYAN|O|2|REP|252579.77|0|244015.12|0|0|8564.65|0|250000|0|0|0|434617.1|2579.77|GA|10||||||0|0|03/31/2026|0|0
H4GA11137|STAMPER, KATY L MISS|C|1|DEM|0|0|1514.25|0|1514.25|0|0|0|0|1130.25|0|0|0|GA|11||||||0|0|03/31/2026|0|0
H6GA11116|HARDEN, CHRISTOPHER MATTHEW|O|1|DEM|49635.47|0|32941.42|0|0|2791.05|0|17|0|0|0|0|49618.47|GA|11||||||0|0|03/31/2026|0|0
H6GA11124|WOLFERT, BARRY CRAIG MR.|O|1|DEM|37403|0|19176.46|0|0|18226.54|0|5000|0|0|0|1000|32403|GA|11||||||0|0|03/31/2026|0|0
H0GA14048|COWAN, JOHN||2|REP|1739444.54|12833.33|369686.99|0|0|1369757.55|0|1500020|0|0|0|1500020|211091.21|GA|11||||||15500|0|03/31/2026|0|0
H4GA11061|LOUDERMILK, BARRY|I|2|REP|262802.92|50203|260582.55|0|172983.85|175204.22|0|0|0|0|0|0|33997.67|GA|11||||||164250|0|03/31/2026|5100|5000
H4GA11087|PRIDEMORE, TRICIA|O|2|REP|431752.69|0|32255.81|0|0|399496.88|0|0|0|0|0|0|403252.69|GA|11||||||28500|0|03/31/2026|0|0
H4GA11129|PONS, MICHAEL LOUIS MR|C|2|REP|0|0|0|0|545.33|0|0|0|0|0|0|0|0|GA|11||||||0|0|12/31/2025|0|0
H6GA11132|MORA, CHRIS|O|2|REP|25842.34|0|18725.98|0|0|7116.36|0|10178.77|0|0|0|10178.77|12914.93|GA|11||||||2748.64|0|03/31/2026|0|0
H6GA11181|ADKERSON, ROB|O|2|REP|123832.13|0|13934|0|0|109898.13|0|0|0|0|0|0|104832.13|GA|11||||||19000|0|03/31/2026|0|0
H6GA11207|PRIDEMORE, TRICIA|O|2|REP|431752.69|0|32255.81|0|0|399496.88|0|0|0|0|0|0|403252.69|GA|11||||||28500|0|03/31/2026|0|0
H6GA11215|LISA, CARLQUIST|O|2|REP|223043.61|0|223043.61|0|0|0|0|200000|0|128196.12|0|0|23043.61|GA|11||||||0|0|04/29/2026|22843.61|0
H6GA11223|BROWN, WILLIAM|O|2|REP|37480|0|7674.9|0|0|29805.1|0|0|0|0|0|0|37480|GA|11||||||0|0|03/31/2026|0|0
H6GA11231|EKPETE KAMA, ULOMA|O|2|REP|11347|0|10799.12|0|547.88|1095.76|0|0|0|0|0|0|11347|GA|11||||||0|0|03/31/2026|0|0
H6GA14284|KELLY, WILLIAM FLYNN III|O|2|REP|35801.11|0|35801.11|0|0|0|0|0|0|0|0|0|25801.11|GA|11||||||10000|0|04/06/2026|0|0
H0GA12059|JOHNSON, ELIZABETH|C|1|DEM|0|0|0|0|119.9|119.9|0|0|0|0|0|9883.1|0|GA|12||||||0|0|03/31/2025|0|0
H6GA12064|WOODSON, BRIANNA COURTNEY ESTELLE|C|1|DEM|23691.59|0|22776.82|0|4893.53|5808.3|0|0|0|0|0|0|23662.91|GA|12||||||0|0|03/31/2026|0|0
H6GA12072|STEPHENS, ROBERT CHRISTOPHER|C|1|DEM|21667|0|16145.4|0|0|5521.6|757|8970|0|0|0|8970|11940|GA|12||||||0|0|03/31/2026|0|0
H6GA12080|SMITH, CERETTA|C|1|DEM|18716.57|0|16458.6|0|0|2257.97|1752.87|0|0|0|0|0|16963.7|GA|12||||||0|0|03/31/2026|0|0
H6GA12098|PEACE-NICHOLS, TRACELL|C|1|DEM|20869.42|0|14281.77|0|0|6587.65|0|12320|0|0|0|12320|8429|GA|12||||||0|0|03/31/2026|0|0
H2GA12113|MCLEOD, DANIEL WRIGHT|C|2|REP|35|0|39.99|0|4.99|0|0|35|0|4.99|0|0|0|GA|12||||||0|0|12/31/2025|0|0
H2GA12121|ALLEN, RICHARD W|I|2|REP|804619.52|0|709572.07|0|1174956.66|1270004.11|0|0|0|0|0|1639945.28|424111.15|GA|12||||||379750|0|03/31/2026|.45|0
H6GA12049|BRANUM, TORI|C|2|REP|33828.78|0|27007.74|0|-24|6797.04|0|0|0|0|0|1781.4|33828.78|GA|12||||||0|0|03/31/2026|0|0
H2GA03120|LESTER, JOE NATHAN|C|1|DEM|40409.92|0|38420.18|0|0|1989.74|10213.93|0|0|0|0|0|30175|GA|13||||||0|0|03/31/2026|1065|0
H2GA13012|SCOTT, DAVID ALBERT|I|1|DEM|515601.68|0|519010.99|0|174524.68|171115.37|0|188291.17|0|0|0|240641.17|24308.02|GA|13||||||303000|0|03/31/2026|0|0
H6GA13039|JONES, EMANUEL|C|1|DEM|385572.23|0|206455.71|0|0|179116.52|5|245500|0|0|0|246051.25|133317.23|GA|13||||||6750|0|03/31/2026|2000|3000
H6GA13047|BONNER, JONATHAN|C|1|DEM|8303|0|7800|0|0|503|0|0|0|0|0|0|8203|GA|13||||||0|100|06/30/2025|0|0
H6GA13054|MCKENZIE, RONALD|C|1|DEM|47355.26|0|47301.91|0|0|53.35|13|9000|0|0|0|8662.76|38342.26|GA|13||||||0|0|02/27/2026|0|0
H6GA13062|BLAIR, EVERTON|C|1|DEM|644025.92|0|486993.16|0|0|157032.76|0|0|0|0|0|0|630798.25|GA|13||||||13000|0|03/31/2026|535|0
H6GA13070|CLARK, JASMINE|C|1|DEM|1072589.94|0|590191.64|0|0|482398.3|0|0|0|0|0|0|1052742.04|GA|13||||||18173.17|0|03/31/2026|1672.5|0
H6GA13088|MOORE, CARLOS|C|1|DEM|105381.94|0|52539.75|0|0|-29045.62|0|0|0|0|0|0|104030.94|GA|13||||||1351|0|03/31/2026|2525|0
H6GA13096|WHATLEY, PIERRE|C|1|DEM|65888.1|0|62528.42|0|0|3359.68|0|0|15000|0|0|15000|50888.1|GA|13||||||0|0|12/31/2025|0|0
H6GA13104|KIMES, HEAVENLY DR|C|1|DEM|536733.57|0|394285.9|0|0|142447.67|3500|400000|0|0|0|403265|130096.04|GA|13||||||0|0|03/31/2026|5|0
H6GA13120|FAUNTLEROY, JEFFREE|C|1|DEM|24155|0|16198.26|0|0|-10581.81|0|20000|0|0|0|0|4155|GA|13||||||0|0|03/31/2026|0|0
H4GA14057|HARRIS, SHAWN|O|1|DEM|7163864.12|0|6921018.45|0|0|242845.67|0|0|0|0|0|0|7161175.94|GA|14||||||2688.18|0|03/31/2026|0|0
H4GA14099|BLALOCK, CLARENCE|O|1|DEM|17356.2|0|16690.48|0|0|-1177.42|0|2000|0|0|0|0|15356.2|GA|14||||||0|0|01/02/2026|0|0
H0GA14030|FULLER, CLAY|I|2|REP|1436947.1|0|1291573.14|0|0|145373.96|0|350000|0|0|0|350000|936026.91|GA|14||||||150920.19|0|03/31/2026|21640|250
H0GA14089|BARGE, JOHN D|O|2|REP|0|0|0|0|0|0|0|0|0|0|0|150000|0|GA|14||||||0|0|03/31/2026|0|0
H0GA14113|LAUGHRIDGE, MATTHEW|O|2|REP|0|0|0|0|0|0|0|0|0|0|0|250000|0|GA|14||||||0|0|03/31/2026|0|0
H2GA03179|CRAIG, JARED|O|2|REP|21000|0|20905.05|500|0|94.95|0|1000|0|0|0|1000|20000|GA|14||||||0|0|04/15/2026|0|0
H2GA14119|CUNNINGHAM, ERIC B|O|2|REP|16075|0|16075|0|0|0|0|10000|0|1739.99|0|6993|6075|GA|14||||||0|0|04/15/2026|0|0
H2GA14135|HAYGOOD, WALTER JAMES|C|2|REP|0|0|0|0|674.55|674.55|0|0|0|0|0|12048.9|0|GA|14||||||0|0|03/31/2026|0|0
H2GA14143|SYNSTELIEN, SETH|C|2|REP|0|0|0|0|80.36|80.36|0|0|0|0|0|0|0|GA|14||||||0|0|03/31/2026|0|0
H4GA07283|CRISWELL, JEFFERSON EDWARD|O|2|REP|2505|0|2505|0|0|0|480|0|0|531.75|0|0|2025|GA|14||||||0|0|04/09/2026|0|0
H6GA14060|BLACK, STAR|O|2|REP|84346.02|0|29203.41|0|0|55142.61|0|75000|0|0|0|75000|4346.02|GA|14||||||0|0|03/31/2026|0|0
H6GA14144|RISNER, LINVEL|O|2|REP|1930|0|1325|0|0|605|1441.35|0|0|0|0|0|488.65|GA|14||||||0|0|12/31/2025|0|0
H6GA14151|TULLY, JIM|O|2|REP|68505|0|68505|0|0|0|0|43440|0|4612.74|0|0|25065|GA|14||||||0|0|03/31/2026|0|0
H6GA14169|TURNIPSEED, JENNA JAYE|O|2|REP|15425.96|0|13345.94|0|0|2080.02|9026.2|0|0|0|0|0|6399.76|GA|14||||||0|0|03/31/2026|0|0
H6GA14177|BROWN, JAMES M MR|O|2|REP|9879.55|0|3600.71|0|0|1492.03|4202.77|4202.77|0|0|0|9202.77|1474.01|GA|14||||||0|0|03/07/2026|0|0
H6GA14185|BROWN, TIMOTHY BEAU|O|2|REP|13050.01|0|6837.74|0|0|6212.27|0|6080|0|0|0|6080|6970.01|GA|14||||||0|0|03/27/2026|0|0
H6GA14193|MOORE, COLTON|O|2|REP|439776.54|253269.91|413209.4|0|0|26567.14|0|0|0|0|0|0|159419.32|GA|14||||||27087.31|0|03/31/2026|17500|0
H6GA14201|LAMA, NICKY|O|2|REP|380341|0|358991.97|0|0|21349.03|0|310500|0|0|0|310500|69841|GA|14||||||0|0|02/18/2026|0|0
H6GA14227|BOX, REAGAN|O|2|REP|82041.04|0|90345.82|0|8043.24|-261.54|0|0|0|0|0|0|82041.04|GA|14||||||0|0|03/31/2026|0|0
H6GA14235|GRAY, THOMAS JONATHAN JACKSON|O|2|REP|327582.8|0|323451.19|0|0|4131.61|0|0|0|0|0|0|321582.8|GA|14||||||6000|0|03/31/2026|78787.12|0
H6GA14243|STRICKLAND, MEGAHN|O|2|REP|14580.5|0|2684.03|0|0|0|0|10220|0|0|0|0|4360.5|GA|14||||||0|0|04/15/2026|0|0
H6GA14250|HURD, CHRISTIAN MICHAEL|O|2|REP|21563.34|0|21563.34|0|0|0|0|0|0|0|0|0|21563.34|GA|14||||||0|0|03/31/2026|0|0
H6GA14268|STOVER, BRIAN C.|O|2|REP|1119341.6|0|1116423.78|0|0|2917.82|0|783400|0|0|0|783400|335941.6|GA|14||||||0|0|03/31/2026|8000|0
H6GA14276|UNDERWOOD, ANDREW PAUL|O|3|LIB|2986.73|0|2711.73|0|0|275|25|1305|0|0|0|1305|1656.73|GA|14||||||0|0|03/31/2026|0|0
H6GA14078|RUSZKOWSKI ( RUSH ), ROB|O|3|NNE|9703.26|0|8983|0|0|720.26|0|8888|0|0|0|8888|815.22|GA|14||||||0|0|03/31/2026|0|0
H6GA23012|HARRISON, RAVEN|C|2|REP|701238.51|0|525204.1|0|0|176034.41|6968|542000|0|250000|0|293897.05|151571.82|GA|23||||||0|0|03/31/2026|1009.5|0
H4GU01011|SHELTON, AMANDA LEE|C|1|DEM|0|0|657.6|0|6629.42|5971.82|0|0|0|0|0|0|0|GU|00||||||0|0|09/30/2025|0|0
H4GU01029|CRUZ, GINGER|C|1|DEM|1653.73|0|1742|0|-15549.43|-109258.22|0|0|0|0|0|360000|0|GU|00||||||0|0|03/31/2026|0|0
H6GU01032|LIMTIACO, ALICIA ANNE GARRIDO|C|1|DEM|9011.03|0|5911.03|0|0|3100|0|0|0|0|0|0|9011.03|GU|00||||||0|0|03/31/2026|0|0
H8GU01020|SAN NICOLAS, MICHAEL F.Q. MR.|C|1|DEM|0|0|141|0|287.35|146.35|0|0|0|0|0|30086.78|0|GU|00||||||0|0|03/31/2026|0|0
H2GU01031|MOYLAN, JAMES C.|I|2|REP|90858.87|0|47381.93|0|4024.37|47501.31|1000|0|0|0|0|0|58266|GU|00||||||31592.87|0|03/31/2026|0|0
H6GU00059|TORRES, MARY CAMACHO||2|REP|66466.46|0|47616.33|0|0|18850.13|20125|0|0|0|0|12285.6|46141.46|GU|||||||0|200|03/31/2026|0|0
H2HI02128|CASE, EDWARD|I|1|DEM|813245.86|0|239563.56|0|316658.08|890340.38|0|0|0|0|0|0|380148.44|HI|01||||||433097.42|0|03/31/2026|1000|0
H6HI01311|KEOHOKALOLE, JARRETT|C|1|DEM|588345.78|0|336021.52|0|0|252324.26|0|0|0|0|0|0|534591.39|HI|01||||||53500|0|03/31/2026|0|0
H6HI01345|BELATTI, DELLA AU|C|1|DEM|162115.71|0|29783.72|0|0|132331.99|1843.32|50000|0|0|0|50000|110272.39|HI|01||||||0|0|03/31/2026|0|0
H0HI01298|CURTIS, RON|C|2|REP|0|0|0|0|-109.32|-109.32|0|0|0|0|0|8834.16|0|HI|01||||||0|0|03/31/2026|0|0
H2HI02508|GABBARD, TULSI|I|1|DEM|20|0|3299.35|0|106388.45|103109.1|0|0|0|0|0|0|20|HI|02||||||0|0|03/31/2026|0|0
H2HI02581|TOKUDA, JILL NAOMI|I|1|DEM|656059.98|684.23|547832.1|0|483440.71|591668.59|0|0|0|0|0|0|526803.81|HI|02||||||126800|0|03/31/2026|6285|2500
H6HI01113|HANNEMANN, MULIUFI F 'MUFI'|O|1|DEM|12500|0|11401.1|0|1042.54|2141.44|0|12500|0|0|0|371265.19|0|HI|02||||||0|0|03/31/2026|0|0
H6HI02426|AWA, BRENTON|C|2|REP|90087.97|0|67066.87|0|0|23021.1|0|0|0|0|0|0|89087.97|HI|02||||||1000|0|03/31/2026|0|0
H2IA02111|BOHANNAN, CHRISTINA|C|1|DEM|5102379.06|730979.81|1204402.37|0|107217.38|4005194.07|7000|0|0|0|0|0|4034205.53|IA|01||||||294100|535.28|03/31/2026|28163|0
H6IA01171|TERRELL, TRAVIS|C|1|DEM|19296.59|0|12893.5|0|97.09|5277.23|80|0|0|0|0|0|17216.59|IA|01||||||2000|0|03/31/2026|0|0
H6IA01197|WETTACH, TAYLOR|C|1|DEM|697874.04|0|697874.04|0|0|0|0|0|0|0|0|0|697512.25|IA|01||||||0|0|03/20/2026|143533.5|0
H8IA01094|FINKENAUER, ABBY|I|1|DEM|0|0|17117.54|0|8569.27|0|0|0|0|0|0|0|0|IA|01||||||0|0|12/31/2025|0|0
H4IA01127|PAUTSCH, DAVID ALFRED MR.|C|2|REP|53670|0|48044.86|0|5698.49|11323.63|0|16500|0|0|0|16500|37170|IA|01||||||0|0|03/31/2026|0|0
H8IA02043|MILLER-MEEKS, MARIANNETTE JANE|I|2|REP|5748766.62|1458510.99|1805324.38|8514.26|373743.4|4317185.64|0|0|0|0|0|0|2145539.36|IA|01||||||2021731.95|5000|03/31/2026|55986.85|18000
H4IA02067|ALBERTSON-CORKERY, SARAH ELAINE|C|1|DEM|138.98|0|9283.66|0|9144.68|0|0|0|0|0|0|0|0|IA|02||||||0|0|06/30/2025|0|0
H6IA02179|TECHAU, KEVIN W|O|1|DEM|146612.23|0|107836.32|0|0|38775.91|123.2|0|0|0|0|0|139627|IA|02||||||2500|50|03/31/2026|13775|0
H6IA02187|DOLTER, KATHRYN J|O|1|DEM|54430.84|0|51914.07|0|0|2516.77|0|16386|0|0|0|2800|37847.84|IA|02||||||97|100|03/31/2026|1300|-50
H6IA02195|TWEDT-BALL, CLINTON GENE|O|1|DEM|465046.74|0|310225.1|0|0|154821.64|0|0|0|0|0|0|464769.15|IA|02||||||0|100|03/31/2026|5200|0
H6IA02211|JAMES, LINDSAY|O|1|DEM|742337.59|0|307997.4|0|0|434340.19|0|0|0|0|0|0|708308.98|IA|02||||||33800|100|03/31/2026|1731.17|0
H6IA02245|MORGAN, GUY|O|1|DEM|4834.24|0|3213.87|0|0|1620.37|2412.64|0|0|0|0|0|2321.6|IA|02||||||0|100|03/31/2026|0|0
H0IA01174|ARENHOLZ, ASHLEY HINSON|I|2|REP|7267266.37|1495616.2|2679198.52|24438|1928075.4|6516143.25|0|0|0|0|0|0|3969585.99|IA|02||||||1737366.77|62000|03/31/2026|9505.37|3000
H2IA01055|BLUM, RODNEY|O|2|REP|250196.23|0|3543.9|0|-2.69|246652|0|250000|0|0|0|1965.27|181.24|IA|02||||||0|0|12/31/2025|0|0
H6IA02161|PETERS, CHRISTOPHER|C|2|REP|0|0|0|0|160|160|0|0|0|0|0|240000|0|IA|02||||||0|0|03/31/2026|0|0
H6IA02229|MCCLINTOCK, CHARLIE|O|2|REP|15944.33|0|1156.39|0|0|14787.94|0|7000|0|0|0|13000|8944.33|IA|02||||||0|0|03/31/2026|0|0
H6IA02237|MITCHELL, JOE|O|2|REP|1336146.22|0|457408.45|0|0|878737.77|0|100000|0|0|0|100000|1077786.2|IA|02||||||154750|0|03/31/2026|32771.66|2500
H6IA02252|LUNDGREN, SHANNON|O|2|REP|91759.2|0|91759.2|0|0|0|9549.85|0|0|0|0|0|69709.35|IA|02||||||12500|0|03/25/2026|3500|5000
H6IA02260|BUSHAW, DAVE|O|3|IND|11741.01|0|8511.32|0|0|3165.66|0|1858.27|0|0|0|1858.27|8946.94|IA|02||||||0|0|03/31/2026|0|0
H4IA02091|PUFFETT, JODY MARIE|C|3|UN|0|0|906.99|0|906.99|0|0|0|0|0|0|0|0|IA|02||||||0|0|07/02/2025|0|0
H4IA03172|BACCAM, LANON|C|1|DEM|234.3|0|11210.95|0|25120.79|14144.14|0|0|0|0|0|0|0|IA|03||||||0|0|03/31/2026|0|0
H6IA03268|TRONE GARRIOTT, SARAH|C|1|DEM|3080897.08|29209.09|892577.03|0|0|2188320.05|120|0|0|0|0|16125|2831126.65|IA|03||||||219950.01|0|03/31/2026|5118.14|2500
H6IA03276|KONFRST, JENNIFER|C|1|DEM|607559.06|0|510321.96|0|0|97237.1|57.5|0|0|0|0|0|593912.76|IA|03||||||13588.8|0|03/31/2026|24604|0
H2IA03101|HASSO, NICOLE|C|2|REP|0|0|0|0|82.71|82.71|0|0|0|0|0|34867.42|0|IA|03||||||0|0|03/31/2026|0|0
H2IA03119|NUNN, ZACH|I|2|REP|3882730.23|1689064.89|895429.95|8514.26|52833.39|3040133.67|0|0|0|0|0|0|816971.92|IA|03||||||1348727.03|5000|03/31/2026|384.08|-4000
H8IA03082|SCHMETT, KIM|C|2|REP|0|0|0|0|0|0|0|0|0|0|0|11660.59|0|IA|03||||||0|0|03/31/2026|0|0
H2IA04141|MELTON, RYAN MICHAEL APPLETON|O|1|DEM|13525|0|12575.35|0|2897.22|3846.87|0|0|0|0|0|0|13525|IA|04||||||0|0|03/31/2026|0|0
H6IA04159|WOLFTORNABANE, ASHLEY|O|1|DEM|17407.92|0|11836.93|0|0|5570.99|0|0|0|0|0|0|15407.92|IA|04||||||2000|0|03/31/2026|0|0
H6IA04217|DAWSON, DAVE|O|1|DEM|89731.75|0|45683.75|0|0|44048|0|0|0|0|0|0|87926.75|IA|04||||||1800|0|03/31/2026|0|0
H0IA04129|RICHARDS, BRET A DR.|C|2|REP|0|0|0|0|0|0|0|0|0|0|0|211572.84|0|IA|04||||||0|0|03/31/2026|0|0
H0IA04145|FEENSTRA, RANDALL|I|2|REP|1117087.35|86305.2|2287481.84|100000|1170394.49|0|0|0|0|0|0|0|306146.73|IA|04||||||597473.25|0|03/31/2026|89086.6|50750
H2IA05072|KING, STEVE MR.|I|2|REP|0|0|0|0|582.5|582.5|0|0|0|0|0|128918.32|0|IA|04||||||0|0|03/31/2026|0|0
H4IA04139|VIRGIL, KEVIN|C|2|REP|0|0|0|0|0|0|0|0|0|0|0|13963.21|0|IA|04||||||0|0|03/31/2026|0|0
H6IA04167|MCGOWAN, CHRIS|O|2|REP|627012.77|0|247903.97|0|0|379108.8|0|0|0|0|0|12006.73|535012.77|IA|04||||||92000|0|03/31/2026|3000|0
H6IA04175|WINDSCHITL, MATT|O|2|REP|65881.13|0|25446.57|0|0|40434.56|0|0|0|0|0|0|60881.13|IA|04||||||5000|0|03/31/2026|0|0
H6IA04209|RHODES, RYAN|O|2|REP|420171.35|0|388871.2|0|0|31300.15|0|100000|0|100000|0|0|315171.35|IA|04||||||5000|0|03/31/2026|430.15|0
H6IA04225|SCHLAEFER, CHRISTIAN|O|2|REP|7709.53|0|5697.03|0|0|2012.5|105|5697.03|0|0|0|5697.03|1907.5|IA|04||||||0|0|12/31/2025|0|0
H6IA04241|JENSEN, DOUGLAS|O|2|REP|30110|0|29153.93|0|0|956.07|0|20000|0|3500|0|16500|10110|IA|04||||||0|0|03/31/2026|0|0
H2ID01192|PETERSON, KAYLEE JADE|C|1|DEM|130867.36|0|117553.19|0|5391.32|18705.49|0|0|3000|0|0|3000|116467.36|ID|01||||||11000|400|03/31/2026|0|0
H6ID01292|BRUNGARDT, KENNETH FRANCIS JR|C|1|DEM|34411.04|0|23980.31|0|0|10430.73|6600|12500|0|0|0|57523.56|15311.04|ID|01||||||0|0|03/31/2026|0|0
H8ID01124|FULCHER, RUSSELL|I|2|REP|544053.22|0|440359.34|0|180008.72|283702.6|0|0|0|0|0|0|306526.7|ID|01||||||230350|1000|03/31/2026|0|0
H8ID01132|SNYDER, MICHAEL|O|2|REP|0|0|0|0|1908.38|1908.38|0|0|0|0|0|4000|0|ID|01||||||0|0|03/31/2026|0|0
H8ID01140|MALEK, LUCAS TODD|O|2|REP|600|0|600|0|0|0|600|0|0|0|0|14574.27|0|ID|01||||||0|0|03/31/2026|0|0
H4ID01149|GOMEZ, BRENDAN JOSEPH|C|3|CON|0|0|0|0|0|0|0|0|0|0|0|0|0|ID|01||||||0|0|03/31/2026|0|0
H6ID01318|ZABEL, SARAH|C|3|IND|38991.56|0|18735.22|0|0|20256.34|31234|0|0|0|0|0|7757.54|ID|01||||||0|0|03/31/2026|0|0
H4ID02089|ROTH, DAVID|C|1|DEM|7494.66|0|8180.98|0|665.77|-91.55|3156.03|0|0|0|0|10027.58|3938.63|ID|02||||||400|0|03/31/2026|32|0
H6ID02225|WILEY, JULIE MARISA|C|1|DEM|30477.4|0|22926.09|0|0|7551.31|17552.4|0|0|0|0|1086.93|9875|ID|02||||||550|0|03/31/2026|0|0
H6ID02274|GILBREATH, ELINOR|C|1|DEM|55987|0|2314.12|0|0|53672.88|0|0|0|0|0|0|55987|ID|02||||||0|0|03/31/2026|0|0
H4ID02105|CLEVELAND, SCOTT|C|2|REP|0|0|0|0|-716.93|-716.93|0|0|0|0|0|0|0|ID|02||||||0|0|03/31/2025|0|0
H6ID02233|SHUMWAY, PERRY|C|2|REP|5241.02|0|775.31|0|0|4766.01|500|0|0|0|0|0|4741.02|ID|02||||||0|0|03/31/2026|0|0
H8ID02064|SIMPSON, MICHAEL|I|2|REP|841649.76|0|543135.83|0|105205.72|403719.65|0|0|0|0|0|0|394149.76|ID|02||||||447500|0|03/31/2026|0|0
H2IL01042|RUSH, BOBBY LEE|I|1|DEM|0|0|0|0|0|0|0|0|0|0|0|18784.54|0|IL|01||||||0|0|03/31/2026|0|0
H2IL01232|BUTLER, CHRISTOPHER|O|1|DEM|0|0|0|0|-1135.48|0|0|0|0|0|0|0|0|IL|01||||||0|0|03/31/2026|0|0
H2IL01281|DOWELL, PATRICIA R|O|1|DEM|0|0|0|0|0|0|0|0|0|0|0|0|0|IL|01||||||0|0|03/31/2026|0|0
H2IL01331|SWAIN, JONATHAN|O|1|DEM|0|0|435|0|3055.53|2620.53|0|0|0|0|0|144859.34|0|IL|01||||||0|0|03/31/2026|0|0
H2IL01349|JACKSON, JONATHAN|I|1|DEM|352025.39|0|316331.74|0|53688.09|89381.74|0|0|0|0|0|27000|228359.17|IL|01||||||118000|0|03/31/2026|1032|0
H6IL01209|KING, JOELY FAREN|C|1|DEM|1439.26|0|541.65|0|0|897.61|221.26|0|0|0|0|0|1218|IL|01||||||0|0|09/30/2025|0|0
H0IL01194|WHITE, PHILANISE|O|2|REP|0|0|0|0|-1950|-1950|0|0|0|0|0|0|0|IL|01||||||0|0|03/31/2026|0|0
H6IL01191|MAXWELL, CHRISTIAN|C|2|REP|32134.62|0|1065.88|0|4082.92|35122.66|0|0|0|0|0|0|32134.62|IL|01||||||0|0|03/31/2026|0|0
H2IL02172|KELLY, ROBIN|I|1|DEM|456271.66|0|2470319.03|2156081.69|2015110.97|1063.6|207.25|0|0|0|0|0|139755.14|IL|02||||||312250|0|03/31/2026|-500|7500
H6IL02124|JACKSON, JESSE L. JR|O|1|DEM|365817.02|500|359417.58|0|0|6399.44|1050|0|0|0|0|0|306953.81|IL|02||||||28850|2500|03/31/2026|500|9500
H6IL02298|PETERS, ROBERT JAMES|O|1|DEM|1324046.6|0|1302623.49|0|0|21423.11|0|0|0|0|0|0|1205608.7|IL|02||||||113669.88|2500|03/31/2026|34661.48|6000
H6IL02306|REGIS, ADAL|O|1|DEM|71090|0|58253.95|479|0|806.97|0|0|0|0|0|0|71090|IL|02||||||0|0|12/31/2025|0|0
H6IL02322|FRANCE, ERIC|O|1|DEM|22079.8|0|22298.83|0|0|-219.03|0|10195.8|0|0|0|10195.8|10584|IL|02||||||0|0|02/25/2026|0|0
H6IL02330|BROWN, YUMEKA S|O|1|DEM|118264.26|0|107007.95|0|0|11256.31|0|20500|0|0|0|22600|97264.26|IL|02||||||0|0|03/31/2026|0|0
H6IL02348|YOUNG, JEREMY|O|1|DEM|4370|0|2963.32|0|0|-398.87|0|0|0|0|0|0|4370|IL|02||||||0|0|01/07/2026|0|0
H6IL02355|MILLER, DONNA|O|1|DEM|2331832.99|0|2262108.97|0|0|69724.02|0|0|0|0|0|0|2280132.99|IL|02||||||51700|0|03/31/2026|8645|1800
H6IL02363|PRESTON, WILLIE JUNIOR MR|O|1|DEM|146130.75|0|144723.63|0|0|1407.12|0|0|0|0|0|0|134130.75|IL|02||||||12000|0|03/31/2026|650|0
H6IL02397|KEATING, PATRICK JOHN|O|1|DEM|14730.88|0|9835.42|0|0|4895.46|0|0|0|0|0|0|14730.88|IL|02||||||0|0|03/31/2026|0|0
H6IL02280|COLEMAN, CALVIN|O|2|REP|7993.84|0|7993.84|0|0|0|1533.84|4500|0|3539.26|0|0|1960|IL|02||||||0|0|09/23/2025|0|0
H2IL03162|RAMIREZ, DELIA|I|1|DEM|1296911.43|49850|793478.13|0|467571.4|971004.7|0|0|0|0|0|0|927805.2|IL|03||||||313602.55|500|03/31/2026|6906.5|1000
H6IL03163|OAKLEY, ANGEL|C|2|REP|5039.26|0|1657.29|0|0|3381.97|0|0|0|0|0|600|5039.26|IL|03||||||0|0|03/31/2026|0|0
H6IL04153|GARCIA, PATTY|O|1|DEM|270041.61|0|74689.81|0|0|195351.8|0|0|0|0|0|0|134906.59|IL|04||||||133250|0|03/31/2026|500|0
H8IL04134|GARCIA, JESUS|I|1|DEM|375305.52|0|365281.46|0|35835.53|45859.59|0|0|0|0|0|0|193811.94|IL|04||||||155800|779.16|03/31/2026|25900|8500
H6IL04161|SIGCHO LOPEZ, BYRON|O|3|IND|148518.55|0|43944.51|0|0|104574.04|1500|0|14000|0|0|14000|133018.55|IL|04||||||0|0|03/31/2026|10|0
H6IL04179|MACIAS, MAYRA|O|3|IND|227697.5|0|68571.43|0|0|159126.07|0|0|0|0|0|0|220197.35|IL|04||||||7500|0|03/31/2026|75|0
H0IL05096|QUIGLEY, MIKE|I|1|DEM|621678.88|0|584763.14|0|1181183.39|1218099.13|0|0|0|0|0|0|232561.28|IL|05||||||388607.55|0|03/31/2026|0|0
H8IL05131|SCHWARTZBERG , STEVE J|C|1|DEM|0|0|0|0|-193.89|-193.89|0|0|0|0|0|2511.57|0|IL|05||||||0|0|12/31/2025|0|0
H2IL06058|COOLIDGE, LESLIE ANNE|C|1|DEM|0|0|0|0|0|0|0|0|0|0|0|143008.02|0|IL|06||||||0|0|03/31/2026|0|0
H6IL06190|RUZEVICH, JOSEPH|C|1|DEM|168973.07|0|108899.8|0|0|21572.71|26000|0|0|0|0|0|142973.07|IL|06||||||0|0|02/25/2026|3001|0
H8IL06139|CASTEN, SEAN|I|1|DEM|1794623.93|0|1307539.58|0|694142.5|1181226.85|0|0|0|0|0|455694.37|1162484.86|IL|06||||||593650|32.67|03/31/2026|2065.88|0
H2IL06090|CONFORTI, NIKI|C|2|REP|274390.5|0|248424.65|0|5201.82|31167.67|0|0|0|0|0|0|273640.5|IL|06||||||750|0|03/31/2026|0|0
H2IL06116|PEKAU, KEITH|C|2|REP|0|0|1175.43|0|1175.43|0|0|0|0|0|0|11651.91|0|IL|06||||||0|0|03/31/2026|0|0
H2IL06124|GRASSO, GARY|C|2|REP|0|0|0|0|1558.58|1558.58|0|0|0|0|0|250000|0|IL|06||||||0|0|09/30/2025|0|0
H2IL06132|KASPAR, SCOTT RICHARD|C|2|REP|0|0|0|0|0|0|0|0|0|0|0|190750.69|0|IL|06||||||0|0|03/31/2026|0|0
H6IL06182|DUENSING, SKYLAR|C|2|REP|11487.6|0|11221.25|0|0|266.35|0|0|0|0|0|0|11364.91|IL|06||||||0|0|03/31/2026|0|0
H4IL07037|DAVIS, DANNY K. MR.|I|1|DEM|101077.38|0|125380.41|0|105728.32|66448.88|2000|17264.14|0|2000|0|66454.71|38574.28|IL|07||||||26101|0|03/31/2026|0|0
H4IL07177|CONYEARS-ERVIN, MELISSA|O|1|DEM|824853.15|0|798816.98|0|8732.8|34768.97|3500|0|0|0|0|0|807852.94|IL|07||||||13500|0|03/31/2026|21900|0
H6IL07339|FRIEDMAN, JASON|O|1|DEM|2507058.16|0|2121254.15|0|0|385804.01|153000|500000|0|0|0|500000|1842408|IL|07||||||11199|0|02/25/2026|16040|0
H6IL07347|MCCOMBS, JOHN|O|1|DEM|9315.84|0|9315.84|0|0|0|3428.84|0|0|0|0|0|5887|IL|07||||||0|0|10/17/2025|200|0
H6IL07354|FORD, LA SHAWN K|O|1|DEM|653462.04|0|567051.67|0|0|86410.37|0|175000|0|0|0|175000|448882.04|IL|07||||||20250|0|03/31/2026|11465|0
H6IL07370|BOYKIN, RICHARD|O|1|DEM|455236.88|2488.73|449669.58|0|0|2067.3|251351|0|0|0|0|0|201397.15|IL|07||||||0|0|03/31/2026|0|0
H6IL07396|HOSKINS, RORY E.|O|1|DEM|215318.9|1000|218160.75|0|0|-2841.85|0|0|0|0|0|5250|212718.9|IL|07||||||1600|0|03/31/2026|5700|0
H6IL07404|LEIGH, DANICA DAVID|O|1|DEM|9830|0|9830|0|0|0|5000|0|0|0|0|0|4830|IL|07||||||0|0|09/29/2025|4834.71|0
H6IL07420|DRIVER, ANTHONY JR.|O|1|DEM|248674.2|0|244580.85|0|0|4093.35|13424.65|0|0|0|0|0|176546.69|IL|07||||||56700|2000|03/31/2026|5640|0
H6IL07438|FISHER, THOMAS DR.|O|1|DEM|925115.93|10889.98|827370.63|0|0|97745.3|3707.84|50000|0|0|0|50000|813518.11|IL|07||||||47000|0|03/31/2026|19315|0
H6IL07479|TELLO, FELIX|O|1|DEM|8410|0|1897.66|0|0|6512.34|2000|0|0|0|0|0|6410|IL|07||||||0|0|09/30/2025|0|0
H6IL07487|ROBINSON, JAZMIN J. MRS.|O|1|DEM|21214.59|0|16315.59|0|0|4899|25|16294.59|0|0|0|16294.59|4895|IL|07||||||0|0|12/31/2025|0|0
H6IL07495|MENDOZA, ANABEL|O|1|DEM|272938.41|0|266265.28|0|0|6673.13|0|20000|0|0|0|72110.16|252928.46|IL|07||||||0|0|03/31/2026|2250|0
H6IL07503|SHOWALTER, REED|O|1|DEM|348856.24|0|342996.39|0|0|5859.85|5000|25000|0|0|0|99481.47|313101.24|IL|07||||||5750|0|03/31/2026|5246|0
H6IL07511|COLLINS, KINA I|O|1|DEM|54853.67|0|52440.89|0|0|2412.78|0|8806.57|0|1935|0|6871.57|45770.85|IL|07||||||0|0|02/25/2026|0|0
H6IL07545|EHRLICH, DAVID|O|1|DEM|11690.18|0|11320.36|0|0|0|3476.9|6298.28|0|0|0|0|1915|IL|07||||||0|0|03/31/2026|1665.91|0
H2IL08146|AHMED, JUNAID|O|1|DEM|1599969.98|0|1445699.41|0|0|154270.57|2000|150000|0|0|0|196887.01|1397467.28|IL|08||||||50318.03|0|03/31/2026|19968|1650
H6IL08147|KRISHNAMOORTHI, S. RAJA|I|1|DEM|3915985.37|0|20801949.71|18894567.94|17111494.43|225530.09|0|0|0|0|0|90995.82|3163235.47|IL|08||||||366600|0|03/31/2026|5687.23|8500
H6IL08212|KHOT, NEIL|O|1|DEM|3046942.22|0|3010734.65|0|0|36207.57|4600|2560111|0|0|0|2631686.78|470651.81|IL|08||||||5250|0|03/31/2026|24426|0
H6IL08238|MORRISON, KEVIN B.|O|1|DEM|660962.06|0|654121.27|0|0|6840.79|6594|0|0|0|0|0|596496.91|IL|08||||||57750|0|03/31/2026|27759.5|7000
H6IL08246|DUNUNG, SANJYOT|O|1|DEM|391168.43|0|390252.28|0|0|916.15|238262.42|0|0|0|0|0|142722.78|IL|08||||||10000|0|03/31/2026|17856|0
H6IL08253|BANKOLE, YASMEEN|O|1|DEM|464945.69|0|450113.94|0|0|14831.75|7000|136500|0|36502.74|0|99997.26|296939.71|IL|08||||||23150|0|03/31/2026|5966.04|800
H6IL08279|KALLAS, CHRIST|O|1|DEM|12725.05|0|12725.05|0|0|0|898.52|8000|0|0|0|0|3826.5|IL|08||||||0|0|10/31/2025|0|0
H6IL08287|TULLY, DAN|O|1|DEM|725736.26|0|525254.28|0|0|200481.98|1164.93|490500|0|0|0|490500|226241.13|IL|08||||||5800|0|03/31/2026|145|0
H6IL08295|VETTICAD, RYAN|O|1|DEM|122561|0|122557.05|0|0|0|0|80030|0|82265.3|0|0|42531|IL|08||||||0|0|03/31/2026|4615.33|0
H6IL08329|BEAN, MELISSA LUBURICH|O|1|DEM|1764192.1|0|1716674.24|0|0|47517.86|24000|299000|0|60000|0|396373.3|1287967.69|IL|08||||||146500|0|03/31/2026|3700|3500
H2IL08187|DARGIS, CHRISTOPHER BRYANT|C|2|REP|0|0|0|0|0|0|0|0|0|0|0|289964|0|IL|08||||||0|0|03/31/2025|0|0
H4IL08159|RICE, MARK|O|2|REP|139894.78|0|241508.54|0|101613.76|0|0|100000|0|98993.45|0|153356.55|39894.78|IL|08||||||0|0|03/31/2026|0|0
H6IL08311|DAVIS, JENNIFER|O|2|REP|938038.58|0|520655.62|0|0|417382.96|0|750000|0|0|0|750000|186038.58|IL|08||||||2000|0|03/31/2026|0|0
H8IL08044|MCSWEENEY, DAVID|C|2|REP|14|0|14|0|20.07|20.07|0|0|0|0|0|1150398.52|14|IL|08||||||0|0|03/31/2026|0|0
H6IL09178|ABUGHAZALEH, KATHERINE M.|O|1|DEM|4068879|0|3829005.89|0|0|239873.11|0|0|0|0|0|13000|4055758.65|IL|09||||||12416.64|0|03/31/2026|8410.75|0
H6IL09186|ABREVAYA, DAVID|O|1|DEM|0|0|0|0|0|0|0|0|0|0|0|0|0|IL|09||||||0|0|04/16/2025|0|0
H6IL09194|FINE, LAURA|O|1|DEM|2762487.17|0|2761136.52|0|0|1350.65|7000|0|0|0|0|0|2720900.77|IL|09||||||33200|0|03/31/2026|83925.34|1500
H6IL09202|JENKINS, MIRACLE|O|1|DEM|29445.76|0|27184.53|0|0|2261.23|38.88|0|0|0|0|0|29406.88|IL|09||||||0|0|06/30/2025|0|0
H6IL09228|BISS, DANIEL|O|1|DEM|2830829.4|0|2563666.49|0|0|267162.91|3205|0|0|0|0|0|2666560.4|IL|09||||||157433.59|0|03/31/2026|12483|1000
H6IL09236|AMIWALA, BUSHRA|O|1|DEM|1181459.64|0|985672.72|0|0|195786.92|6400|0|0|0|0|0|1173559.64|IL|09||||||1500|0|03/31/2026|0|0
H6IL09251|ROSENBLUM, HOWARD|O|1|DEM|141148|0|90914.31|125|0|39340.24|10000|0|0|0|0|0|131148|IL|09||||||0|0|03/31/2026|0|0
H6IL09269|JOHNSON, BETHANY|O|1|DEM|2779.94|0|540.04|0|0|2239.9|197.94|0|0|0|0|0|2582|IL|09||||||0|0|03/31/2026|0|0
H6IL09277|LEON, BRUCE|O|1|DEM|901579|0|283175.81|0|0|618403.19|0|0|800000|0|0|800000|96579|IL|09||||||5000|0|03/31/2026|0|0
H6IL09285|HUYNH, KHAI-HOAN|O|1|DEM|1043341.4|0|1038706.29|0|0|9.35|0|220000|0|0|0|225903.95|814091.4|IL|09||||||9250|0|03/31/2026|231689|500
H6IL09293|SIMMONS, MIKE|O|1|DEM|465995.05|0|458579.9|0|0|7415.15|0|0|0|0|0|0|440225.92|IL|09||||||25200|0|03/31/2026|18125|0
H6IL09301|ANDREW, PHILIP JEROME|O|1|DEM|1415877.43|0|1415877.43|0|0|0|15562.38|400000|0|7661.63|0|0|999332.07|IL|09||||||0|0|04/20/2026|27020|0
H6IL09319|PYATI, NICK|O|1|DEM|262962.86|0|266585.99|0|0|-3623.13|0|0|0|0|0|0|261568|IL|09||||||1000|0|03/31/2026|40065|0
H6IL09327|FORD, JUSTIN|O|1|DEM|28211.02|0|27533.74|0|0|310.98|0|25026.37|0|0|0|2063.94|3184.65|IL|09||||||0|0|03/17/2026|0|0
H6IL09335|MANRIQUE, JILL|O|1|DEM|5397|0|5323.66|0|0|73.34|40|0|0|0|0|0|5357|IL|09||||||0|0|09/30/2025|0|0
H6IL09343|POLAN, SAM|O|1|DEM|377429.24|0|355257.96|0|0|22171.28|2000|275000|0|0|0|275000|95291.57|IL|09||||||5000|0|03/31/2026|0|0
H6IL09376|COHEN, JEFF|O|1|DEM|792825|0|728529.66|0|0|64295.34|0|500000|0|350000|0|177115.2|292825|IL|09||||||0|0|03/31/2026|62655|0
H8IL09067|SCHAKOWSKY, JANICE D|I|1|DEM|412977.85|0|933253.18|0|847974.18|327698.85|0|0|0|0|0|0|324674.66|IL|09||||||87651|0|03/31/2026|4125|1000
H4IL09090|COHEN, SETH ALAN|C|2|REP|0|0|0|0|4713.47|4713.47|0|0|0|0|0|100|0|IL|09||||||0|0|03/31/2026|0|0
H6IL09210|SU, DONGBO|O|2|REP|24114.64|0|21722.68|0|0|-5185.86|3000|0|0|0|0|0|19485|IL|09||||||1129.64|0|03/31/2026|200|0
H6IL09384|FRIEDMAN, PAUL SANFORD|O|2|REP|4996|0|4994.75|0|0|1.25|0|0|0|0|0|0|4996|IL|09||||||0|0|02/25/2026|0|0
H8IL09190|SANGARI, SARGIS|C|2|REP|0|0|0|0|0|0|0|0|0|0|0|0|0|IL|09||||||0|0|03/31/2026|0|0
H0IL10328|SUMPTION, MILTON J|O|1|DEM|0|0|0|0|0|0|0|0|0|0|0|20301.67|0|IL|10||||||0|0|03/31/2026|0|0
H2IL10068|SCHNEIDER, BRADLEY S.|I|1|DEM|2681266.67|97800|1889964.83|0|971426.09|1762727.93|0|0|0|0|0|0|1507286.43|IL|10||||||1075250|0|03/31/2026|14151.61|0
H6IL10135|RODKIN ROTERING, NANCY|C|1|DEM|0|0|0|0|1024.77|1024.77|0|0|0|0|0|250000|0|IL|10||||||0|0|03/31/2026|0|0
H6IL10168|COGHILL, MORGAN|C|1|DEM|97842.87|0|97370.37|0|0|472.5|0|30101.42|0|0|0|34118.42|67741.45|IL|10||||||0|0|03/31/2026|0|0
H0IL10302|DOLD, ROBERT JAMES JR|I|2|REP|0|0|0|0|-16951.61|-16951.61|0|0|0|0|0|163595.92|0|IL|10||||||0|0|03/31/2026|0|0
H8IL10115|BENNETT, DOUGLAS R 1963|C|2|REP|1000|0|906.15|0|1453.77|1547.62|1000|0|0|0|0|115600|0|IL|10||||||0|0|03/31/2026|0|0
H4IL11260|RASHID, QASIM|C|1|DEM|5323.5|0|4449.29|0|-874.21|0|5323.5|0|0|0|0|123576.23|0|IL|11||||||0|0|03/31/2026|0|0
H8IL14067|FOSTER, G. WILLIAM (BILL)|I|1|DEM|1769712.94|5600|1043650.12|0|1550564.66|2276627.48|0|0|0|0|0|1017994.89|966263.61|IL|11||||||686000|0|03/31/2026|3644|0
H0IL11128|BANSAL, KRISHNA K|C|2|REP|0|0|7250|250|22609.59|15359.59|0|0|0|0|0|35754.73|0|IL|11||||||0|0|03/31/2026|0|0
H0IL14213|EVANS, JERRY|C|2|REP|1592|0|2164.02|0|572.02|0|0|0|0|0|0|0|0|IL|11||||||0|0|03/31/2025|0|0
H2IL11157|MILLER, CASSANDRA TANNER|C|2|REP|0|0|0|0|89.68|89.68|0|0|0|0|0|26687.77|0|IL|11||||||0|0|03/31/2026|0|0
H2IL11264|HATHAWAY-ALTMAN, SUSAN|C|2|REP|0|0|200.25|0|4895.17|4694.92|0|0|0|0|0|30309.51|0|IL|11||||||0|0|03/31/2026|0|0
H2IL14086|PIERCE, MICHAEL DAVID LTC (RET.)|C|2|REP|94282.3|0|94282.3|0|0|0|0|89662.3|0|23672.77|0|.23|3620|IL|11||||||1000|0|04/15/2026|0|0
H4IL11229|ROBBINS, CRAIG|C|2|REP|0|0|280|0|1876.55|1596.55|0|0|0|0|0|0|0|IL|11||||||0|0|03/31/2026|0|0
H4IL11245|KIM, CHARLES|C|2|REP|51759.13|0|35989|0|0|48.25|12533.09|25776.27|0|4408.55|0|101715.59|13449.77|IL|11||||||0|0|03/31/2026|0|0
H6IL11166|WALTER, JEFFREY D|C|2|REP|186261.55|0|177186.17|0|0|9075.38|473|126554.79|0|2000|0|124554.79|56879.66|IL|11||||||2354.1|0|03/31/2026|2000|250
H6IL12131|FORTIER, JULIE DR.|C|1|DEM|40820.24|0|13513.51|0|0|27306.73|0|0|0|0|0|0|37270.36|IL|12||||||1699|1850|03/31/2026|25|0
H8IL21021|COSTELLO, JERRY F|C|1|DEM|8098.86|0|74828.62|0|138050.52|71320.76|0|0|0|0|0|0|0|IL|12||||||0|0|03/31/2026|0|0
H4IL12060|BOST, MICHAEL|I|2|REP|1107543.83|0|753405.24|0|352296.01|706434.6|0|0|0|0|0|0|414050.97|IL|12||||||692487.05|0|03/31/2026|5100|535.88
H4IL12078|BAILEY, DARREN|C|2|REP|0|0|0|0|1.18|1.18|0|0|0|0|0|214800|0|IL|12||||||0|0|03/31/2026|0|0
H6IL12123|TABACCHI, MICHAEL EUGENE MR|C|2|REP|9350|0|9350|0|0|0|9350|0|0|0|0|0|0|IL|12||||||0|0|12/31/2025|0|0
H2IL13153|BUDZINSKI, NIKKI|I|1|DEM|2458602.34|23540|1633383.24|0|1784732.35|2609951.45|0|0|0|0|0|0|1410778.18|IL|13||||||991534|1990|03/31/2026|9280|13250
H6IL13162|BLAHA, DYLAN THOMAS|C|1|DEM|103843.12|0|105324.49|0|0|5400.65|3264.31|2547.62|2000|2547.62|2000|0|92531.19|IL|13||||||3500|0|03/31/2026|0|0
H4IL13241|LOYD, JOSHUA|C|2|REP|16876.2|0|17245.58|0|369.38|0|0|4900|0|1369.74|0|0|11976.2|IL|13||||||0|0|04/21/2026|0|0
H6IL13154|WILSON, JEFF|C|2|REP|218882.51|0|192344.79|0|0|26537.72|42000|97600|0|0|0|97600|78132.51|IL|13||||||1000|150|03/31/2026|0|0
H6IL14152|VALENCIANO, ROMAN GAEL|C|1|DEM|590.23|0|555.55|0|0|34.68|0|551.48|0|0|0|551.48|38.75|IL|14||||||0|0|09/30/2025|0|0
H8IL14174|UNDERWOOD, LAUREN|I|1|DEM|1960790.75|181500|1690021.28|0|1055102.02|1325871.49|0|0|0|0|0|0|1460303.97|IL|14||||||284500|0|03/31/2026|5529.37|6000
H0IL14189|REZIN, SUE|C|2|REP|0|0|0|0|9035.28|9035.28|0|0|0|0|0|250000|0|IL|14||||||0|0|03/31/2026|0|0
H2IL14094|KOOLIDGE, MICHAEL|C|2|REP|0|0|0|0|1415.04|1415.04|0|0|0|0|0|10802.04|0|IL|14||||||0|0|12/31/2025|0|0
H2IL14102|GRYDER, SCOTT|C|2|REP|250|0|1700|0|3033.23|1583.23|0|0|0|0|0|0|0|IL|14||||||0|0|03/31/2026|0|0
H6IL14160|DAVIS, JED|C|2|REP|22724.53|0|22724.53|0|0|0|0|0|0|0|0|0|19424.53|IL|14||||||3300|0|03/31/2026|10500|0
H6IL14178|VICIAN, GARY|C|2|REP|68395.15|0|94393.17|0|1000|-24998.02|0|65100|200|0|0|65300|2845|IL|14||||||250|0|03/31/2026|0|0
H8IL16153|MARTER, JAMES THOMAS|C|2|REP|99286.83|0|89717.4|0|4043.84|13613.27|0|238.7|0|0|0|31597.47|98948.13|IL|14||||||100|0|03/31/2026|0|0
H0IL15194|WEAVER, ERIKA C|O|1|DEM|0|0|0|0|1101.3|1101.3|0|0|0|0|0|0|0|IL|15||||||0|0|03/31/2026|0|0
H6IL15092|TODD, JENNIFER ANN|C|1|DEM|57553.37|0|42358.62|0|785.92|9223.94|0|0|2500|0|0|2700|53065.31|IL|15||||||1265.26|0|03/31/2026|200|0
H6IL15100|DAVIS, PAUL R DR. JR|C|1|DEM|86716.42|0|83103.55|0|0|3612.87|52769.06|0|0|0|0|0|32879.36|IL|15||||||500|568|03/31/2026|0|0
H6IL15126|BARNES, ANTHONY LAWRENCE|C|1|DEM|500|0|11|0|0|489|500|0|0|0|0|0|0|IL|15||||||0|0|09/30/2025|0|0
H0IL15129|MILLER, MARY|I|2|REP|1104318.74|25808.49|917339.48|0|646256.34|833235.6|0|0|0|0|0|34505.79|964510.25|IL|15||||||113000|0|03/31/2026|808.48|2000
H0IL15186|DUNCAN, DARREN|O|2|REP|.18|0|0|0|1341.42|1341.57|0|0|0|0|0|95752.9|0|IL|15||||||0|0|03/31/2026|0|0
H2IL13120|DAVIS, RODNEY L|I|2|REP|0|0|0|0|0|0|0|0|0|0|0|0|0|IL|15||||||0|0|09/30/2025|0|0
H2IL20042|SHIMKUS, JOHN M|I|2|REP|178.22|0|65948.72|0|529359|463588.5|0|0|0|0|0|0|0|IL|15||||||0|0|03/31/2026|0|0
H6IL15118|BOWLBY, JUDY|C|2|REP|37939.93|0|37939.93|0|0|0|0|23957.91|0|11.64|0|23946.27|13982.02|IL|15||||||0|0|03/31/2026|0|0
H6IL15134|TEBRUGGE, RYAN|C|2|REP|5469.86|0|3314.31|0|213.07|2368.62|4100|0|0|0|0|0|1315|IL|15||||||0|0|03/31/2026|100|0
H6IL16090|ALBRIGHT, JOE|C|1|DEM|19033.92|0|19033.92|0|0|0|781.83|5000|0|1061.83|0|0|13252.09|IL|16||||||0|0|03/31/2026|0|0
H6IL16108|NOLLEY, PAUL|C|1|DEM|236891.09|0|77336.28|0|0|159554.81|1511.85|0|0|0|0|3690.44|192037.56|IL|16||||||42341.68|1000|03/31/2026|134.3|0
H6IL16124|MORGAN, BRENDYN|C|1|DEM|3455|0|0|0|0|3455|700|1990|0|0|0|1990|765|IL|16||||||0|0|09/30/2025|0|0
H6IL18088|LAHOOD, DARIN MCKAY|I|2|REP|3113808.4|827099.02|1952628.27|0|5521283.07|6682463.2|0|0|0|0|0|0|722448.91|IL|16||||||1453872.37|100|03/31/2026|6953|200
H2IL17071|BUSTOS, CHERI|I|1|DEM|20343.35|0|179000.86|0|469308.81|310651.3|0|0|0|0|0|0|0|IL|17||||||0|0|03/31/2026|0|0
H2IL17147|SORENSEN, ERIC|I|1|DEM|1850944.9|57000|784997.4|0|112794.28|1178741.78|0|0|0|0|0|0|1092847.08|IL|17||||||685400|0|03/31/2026|13655.76|500
H4IL17101|MCGRAW, JOE|C|2|REP|4290.92|0|5883.79|0|1592.87|0|0|0|0|0|0|0|-66.08|IL|17||||||0|0|03/31/2025|0|0
H6IL17247|VANCIL, DILLAN|C|2|REP|196390.88|0|202712.08|0|20321.99|14000.79|5041.77|11500|0|0|0|12700|175899.11|IL|17||||||3950|0|03/31/2026|13250|250
H6IL17262|BICKELHAUPT, JULIE|C|2|REP|81511.51|0|70670.3|0|0|10841.21|5441.8|5000|0|0|0|5000|70681.4|IL|17||||||300|0|03/31/2026|260.25|0
H6IL18138|RIENTS, DONALD|C|2|REP|0|0|0|0|10|10|0|0|0|0|0|5|0|IL|18||||||0|0|03/31/2026|0|0
H8IL18043|SCHOCK, AARON JON MR.|I|2|REP|0|0|0|0|18780.46|18780.46|0|0|0|0|0|746985.45|0|IL|18||||||0|0|03/31/2026|0|0
H0IN01150|MRVAN, FRANK J.|I|1|DEM|1873645.08|90099.43|873154.31|0|88459.72|1088950.49|0|0|0|0|0|0|997233.45|IN|01||||||783350|2230.21|04/15/2026|361.5|0
H2IN01172|GREEN, JENNIFER-RUTH|C|2|REP|172055.28|16136.84|167309.2|0|0|4746.08|0|0|0|0|0|0|143381.44|IN|01||||||12500|0|03/31/2026|11103.25|0
H4IN01194|RUIZ, DAVID BENYAMIN|C|2|REP|1252.05|0|1799.26|0|0|-547.21|0|100|0|0|0|100|1152.05|IN|01||||||0|0|03/31/2026|0|0
H4IN01210|NIEMEYER, RANDELL C.|C|2|REP|2.68|0|26247.05|0|26244.37|0|0|0|0|0|0|0|2.68|IN|01||||||0|0|03/31/2026|0|0
H6IN01223|SCHENKE, JAMES|C|2|REP|58804|0|52767.89|0|0|6036.11|1735.33|0|0|0|0|21731.03|57068.67|IN|01||||||0|0|04/15/2026|0|0
H6IN01231|REGNITZ, BARB|C|2|REP|1640599.67|0|463687.99|0|0|1176911.68|16925|1500000|0|140000|0|1360000|104263.67|IN|01||||||18000|0|04/15/2026|500|1000
H4IN02192|CAMP, LORI ANN MS.|C|1|DEM|1971.1|0|1140.4|0|-614.9|215.8|0|0|0|0|0|0|500|IN|02||||||0|0|04/16/2025|0|0
H6IN02189|DECIO, JAMEE MS.|C|1|DEM|279878.92|0|141897.69|0|0|137981.23|102693.92|150000|0|0|0|175039.31|27185|IN|02||||||0|0|04/15/2026|10|0
H2IN02295|YAKYM, RUDY C. III|I|2|REP|4026297.71|968685.12|3517775.21|0|609579.3|1118101.8|0|0|0|0|0|0|1970366.08|IN|02||||||1064513.72|0|04/15/2026|87355.35|1000
H4IN03240|ADOLPH, KILEY DR.|O|1|DEM|5028.93|0|0|0|-5028.93|0|5028.93|0|0|0|0|0|0|IN|03||||||0|0|03/31/2026|0|0
H6IN03294|THOMPSON, KELLY ELIZABETH|C|1|DEM|92248.77|0|84576.47|0|0|7672.3|8726.29|0|0|0|0|0|83522.48|IN|03||||||0|0|04/15/2026|5|0
H0IN03198|STUTZMAN, MARLIN A|C|2|REP|705870.45|91891.83|681803.76|0|49316.96|73383.65|0|0|0|235000|0|110000|332251.29|IN|03||||||275200|0|04/15/2026|5851.19|0
H4IN03133|FELKER, MICHAEL|O|2|REP|0|0|0|0|477.11|477.11|0|0|0|0|0|0|0|IN|03||||||0|0|03/31/2026|0|0
H4IN03141|ZAY, ANDREW|O|2|REP|999.87|0|504.92|0|504.92|999.87|0|0|0|0|0|100000|0|IN|03||||||0|0|03/31/2026|0|0
H4IN03158|DAVIS, WENDY|O|2|REP|3207.77|0|3254.86|0|47.09|0|3207.77|0|0|0|0|0|0|IN|03||||||0|0|04/15/2025|-5000|-1700
H4IN03232|SMITH, TIM|O|2|REP|3.11|0|250|0|1345.21|1098.32|0|0|0|0|0|1114000|0|IN|03||||||0|0|09/30/2025|0|0
H6IN03229|BANKS, JAMES E HON.|I|2|REP|1867267.71|550997.11|1464916.56|0|2613356.72|3015707.87|0|0|0|0|0|27931.73|795886.21|IN|03||||||396769|0|03/31/2026|27398.63|0
H2IN03228|GOTSCH, NATHAN|C|3|IND|6500|0|6500|0|0|0|0|6500|0|0|0|0|0|IN|03||||||0|0|07/18/2025|0|0
H6IN04193|COX, DREW|C|1|DEM|6682.65|0|4973.19|0|0|1709.46|0|500|0|0|0|500|6182.65|IN|04||||||0|0|04/15/2026|0|0
H6IN04227|MCPHERSON, PAUL BRYANT|C|1|DEM|7409.48|0|6411.21|0|0|998.27|5000|0|0|0|0|0|1389.35|IN|04||||||0|0|04/15/2026|0|0
H8IN04140|MACKEY, JOSEPH WILLIAM MR|C|1|DEM|10258.8|0|7594.79|0|0|2664.01|2495.18|0|0|0|0|15494.39|7763.62|IN|04||||||0|0|04/15/2026|0|0
H0IN04170|ROKITA, THEODORE EDWARD|I|2|REP|0|0|5135.54|0|5135.54|5135.54|0|0|0|0|0|0|0|IN|04||||||0|0|09/30/2026|0|0
H4IN04248|HAGGARD, CRAIG|C|2|REP|172860|0|119365.36|0|60642.42|114137.06|0|6000|0|0|0|6000|119410|IN|04||||||47450|0|04/15/2026|0|0
H6IN04185|HUSTEDT-MAI, ANTHONY D|C|2|REP|5605.38|0|5605.38|0|0|0|0|0|0|0|0|0|5605.38|IN|04||||||0|0|03/31/2026|0|0
H8IN04199|BAIRD, JAMES R DR.|I|2|REP|283484.2|0|314704.19|0|214609.73|183389.74|0|0|0|0|0|210000|118985.01|IN|04||||||163200|0|04/15/2026|300|0
H4IN03182|GOSS, PHIL|C|1|DEM|104715.78|0|103603.82|0|3331.13|4443.09|0|104565.78|0|0|0|354865.78|0|IN|05||||||150|0|04/15/2026|0|0
H4IN05278|PFENNINGER, RYAN SETH MR.|C|1|DEM|0|0|0|0|0|-3085.36|0|0|0|0|0|89414.64|0|IN|05||||||0|0|12/31/2025|0|0
H4IN05286|PICKETT, DEBORAH A|C|1|DEM|32106.67|0|34258.93|0|4268.81|2116.55|30881.67|0|0|0|0|0|1225|IN|05||||||0|0|04/15/2026|100|0
H6IN05273|FRANKLIN, JACKSON BAILEY|C|1|DEM|64088.33|0|55623.51|0|0|10784.56|0|10|0|0|0|10|64078.33|IN|05||||||0|0|04/15/2026|0|0
H6IN05307|FORD, JAMES (J.D.) DAVID|C|1|DEM|230539.97|0|158090.15|0|0|72449.82|615.71|0|0|0|0|0|217174.71|IN|05||||||12084.05|0|04/15/2026|25|0
H6IN05315|MCKENNA, DYLAN|C|1|DEM|147688|0|69387.73|0|0|78300.27|0|0|0|0|0|0|147688|IN|05||||||0|0|04/15/2026|0|0
H0IN05326|SPARTZ, VICTORIA|I|2|REP|1085504.13|54255.48|1287586.07|0|258050.18|55968.24|0|25000|0|525000|0|200000|953836.77|IN|05||||||45250|0|04/15/2026|0|0
H2IN05082|BROOKS, SUSAN MRS.|I|2|REP|0|0|24451.47|0|34692.42|10240.95|0|0|0|0|0|0|0|IN|05||||||0|0|03/31/2026|0|0
H2IN06023|BURTON, DANNY L|C|2|REP|0|0|8263.7|4000|25316.15|17052.45|0|0|0|0|0|0|0|IN|05||||||0|0|03/31/2026|0|0
H4IN05179|GOODRICH, CHARLES|C|2|REP|0|0|7000|0|25027.53|18027.53|0|0|0|0|0|4600000|0|IN|05||||||0|0|03/31/2026|0|0
H6IN06230|WIRTH, CYNTHIA (CINDE)|C|1|DEM|23339.4|0|18634.66|0|505.36|5210.1|0|4919.4|0|0|0|4919.4|18420|IN|06||||||0|0|04/15/2026|0|0
H6IN06255|BOYD, DAVID LAWRENCE|C|1|DEM|4837.02|0|4673.4|0|0|163.62|0|0|0|0|0|0|4837.02|IN|06||||||0|0|04/15/2026|0|0
H6IN06271|BAKER, NICHOLAS FREDERICK|C|1|DEM|15771.58|0|9791.49|0|0|5980.09|1146.58|0|0|0|0|0|14625|IN|06||||||0|0|04/15/2026|0|0
H4IN06136|SPEEDY, MIKE|O|2|REP|0|0|0|0|0|0|0|0|0|0|0|1448763.58|0|IN|06||||||0|0|03/31/2026|0|0
H4IN06151|CARRIER, JAMISON|O|2|REP|26500|0|25674.5|0|941.82|1767.32|0|20000|0|0|0|720717.5|0|IN|06||||||0|0|03/31/2026|0|0
H4IN06185|SHREVE, JEFFERSON|I|2|REP|2348191.42|8680.96|724006.16|0|131714.79|1755900.05|0|2000000|0|0|0|5900000|108535.32|IN|06||||||230000|0|04/15/2026|74.96|4500
H6IN06263|BROWN, SARAH JANISSE|C|2|REP|22386.63|0|13952.25|0|0|8434.38|0|6333.48|0|0|0|6333.48|16053.15|IN|06||||||0|0|04/15/2026|0|0
H8IN06079|LAMB, JONATHAN M.|O|2|REP|0|0|0|0|416.1|416.1|0|0|0|0|0|250000|0|IN|06||||||0|0|03/31/2026|0|0
H8IN06129|PENCE, GREGORY J.|I|2|REP|0|0|232851.18|0|232851.18|0|0|0|0|0|0|0|0|IN|06||||||0|0|05/20/2025|0|0
H6IN07394|HORNEDO, GEORGE|C|1|DEM|268757.22|0|254903.85|0|0|13853.37|0|94110|0|0|0|94110|172647.22|IN|07||||||2000|0|04/15/2026|850|0
H6IN07469|WELLS, DESTINY|C|1|DEM|53735.08|0|39017.19|0|0|14717.89|0|0|0|0|0|5000|52880.2|IN|07||||||0|0|04/15/2026|0|0
H8IN07184|CARSON, ANDRE|I|1|DEM|792254.1|69169.99|682772.08|0|449423.21|558905.23|730|0|0|0|0|0|301668.35|IN|07||||||412550|3692|04/15/2026|535.82|0
H4IN08231|HURT, ERIK DAVID MR.|O|1|DEM|0|0|1197.85|0|1197.85|0|0|0|0|0|0|0|0|IN|08||||||0|0|01/30/2025|0|0
H6IN08293|ALLEN, MARY THERESA|C|1|DEM|208812.91|0|71314.16|0|0|137498.75|1879.45|0|0|0|0|0|189588.46|IN|08||||||6100|11245|04/15/2026|429|600
H4IN08249|MESSMER, MARK MR.|I|2|REP|943183.24|386310.24|578357.56|0|207105.87|571931.55|3500|0|0|0|0|0|228529.66|IN|08||||||324375.34|0|04/15/2026|3727.98|0
H4IN09163|PECK, TIMOTHY|C|1|DEM|171569.6|0|171141.59|0|15873.69|16811.7|0|0|0|5000|0|70608.57|171569.6|IN|09||||||0|0|04/15/2026|0|500
H6IN09226|GRAHAM, JAMES HENRY|C|1|DEM|128073.63|0|124871.24|0|0|3202.39|6193|66000|0|0|0|66000|55880.61|IN|09||||||0|0|04/15/2026|25|0
H6IN09242|MEYER, BRADLEY ALLEN MR.|C|1|DEM|65721.9|0|51572.62|0|0|-2541.02|0|11339.03|0|0|0|0|54382.87|IN|09||||||0|0|04/15/2026|0|0
H6IN09309|ROARK, KEIL LOUIS MR.|C|1|DEM|27801.99|0|24562.62|0|200|3439.37|0|20000|0|0|0|20000|7710|IN|09||||||0|0|04/15/2026|0|0
H0IN09070|YOUNG, TODD CHRISTOPHER|I|2|REP|3599267.98|1974136.52|1234309.96|0|4425942.64|6790900.66|0|0|0|0|0|0|953813.54|IN|09||||||492510|0|03/31/2026|40328.2|0
H2IN09258|BARNES-ISRAEL, STU|O|2|REP|0|0|2471.17|0|2471.17|0|0|0|0|0|0|0|0|IN|09||||||0|0|03/31/2026|0|0
H6IN09143|HOUCHIN, ERIN|I|2|REP|1482348.52|372913.58|1234666.65|1548.35|742043.86|989725.73|740.97|0|0|0|0|0|304629.73|IN|09||||||793940.04|100|04/15/2026|2350|1000
H6IN09168|PFAFF, JAMES R|O|2|REP|0|0|0|0|0|0|0|0|0|0|0|25290.95|0|IN|09||||||0|0|03/31/2026|0|0
H6IN09283|TAYLOR, FLOYD|C|3|IND|0|0|9585.63|0|0|-1664.1|0|0|0|0|0|0|0|IN|09||||||0|0|03/31/2026|0|0
H4IN09171|BROOKSBANK, RUSSELL|C|3|LIB|0|0|0|0|0|0|0|0|0|0|0|0|0|IN|09||||||0|0|01/18/2026|0|0
H6KS01195|MCROBERTS, KENNETH COLIN|C|1|DEM|40747.79|0|32967.12|0|0|7780.67|348.6|0|0|0|0|1248.75|40079.9|KS|01||||||0|0|03/31/2026|0|0
H6KS01203|REINHOLD, LAUREN|C|1|DEM|23710|0|14951.92|0|0|8758.08|0|0|0|0|0|0|23710|KS|01||||||0|0|03/31/2026|100|0
H0KS01123|MANN, TRACEY ROBERT|I|2|REP|1220354.74|389040.43|415221.5|2350.05|1753696.84|2558830.08|0|0|0|0|0|0|278978.73|KS|01||||||483220|0|03/31/2026|2350|0
H0KS01198|CLIFFORD, BILL DR|O|2|REP|0|0|0|0|0|0|0|0|0|0|0|250000|0|KS|01||||||0|0|12/01/2025|0|0
H6KS01146|HUELSKAMP, TIMOTHY A REP.|C|2|REP|80.23|0|160|0|32287.19|32207.42|0|0|0|0|0|0|0|KS|01||||||0|0|03/31/2026|0|0
H4KS02198|KLEINMANN, MATTHEW RYAN|C|1|DEM|0|0|0|0|0|0|0|0|0|0|0|0|0|KS|02||||||0|0|01/31/2025|0|0
H6KS02276|COOVER, DON|C|1|DEM|517669.8|0|332706.85|0|0|184962.95|7000|0|0|0|0|0|495669.8|KS|02||||||15000|0|03/31/2026|7160|0
H6KS02284|CURWICK, BRAEDEN|C|1|DEM|231|0|181|0|40|90|181|0|0|0|0|0|50|KS|02||||||0|0|03/31/2026|0|0
H4KS02164|SCHMIDT, DEREK|I|2|REP|989112.11|35856.91|339810.07|0|38501.14|687803.18|0|0|0|0|0|3981.28|605282.02|KS|02||||||341000|0|03/31/2026|5154.88|0
H4KS02180|KAHRS, JEFF|C|2|REP|0|0|805.81|0|2104.95|1299.14|0|0|0|0|0|228000|0|KS|02||||||0|0|03/31/2026|0|0
H8KS02157|TYSON, CARYN|O|2|REP|0|0|0|0|104698.3|104698.3|0|0|0|0|0|105476|0|KS|02||||||0|0|03/31/2026|0|0
H8KS02199|WATKINS, STEVEN C. JR.|I|2|REP|0|0|0|0|0|0|0|0|0|0|0|285200|0|KS|02||||||0|0|03/31/2026|0|0
H8KS03155|DAVIDS, SHARICE|I|1|DEM|2937808.09|5930.63|1905382.38|0|403255.79|1435681.5|0|0|0|0|0|0|2312748.89|KS|03||||||613990|21.45|03/31/2026|13927.83|2000
H0KS03137|YODER, KEVIN|C|2|REP|0|0|2123.53|0|62887.21|60763.68|0|0|0|0|0|0|0|KS|03||||||0|0|03/31/2026|0|0
H0KS03228|WEIR, SARA HART|C|2|REP|0|0|0|0|0|0|0|0|0|0|0|2364.76|0|KS|03||||||0|0|03/31/2026|0|0
H4KS03196|WESTBROOK, JONATHON|C|2|REP|0|0|0|0|130345|130345|0|0|0|0|0|0|0|KS|03||||||0|0|03/31/2026|0|0
H4KS03204|CRNKOVICH, KAREN|C|2|REP|0|0|0|0|6706.42|6706.42|0|0|0|0|0|1731.12|0|KS|03||||||0|0|03/31/2026|0|0
H4KS03212|REDDY, PRASANTH DR.|C|2|REP|844.59|0|18471.09|0|44603.71|26977.21|0|0|0|0|0|0|0|KS|03||||||0|0|03/31/2026|6600|0
H6KS03282|STANLEY, BLAKE|C|2|REP|0|0|0|0|0|0|0|0|0|0|0|0|0|KS|03||||||0|0|03/31/2026|0|0
H2KS04099|FREEMAN, ESAU A|C|1|DEM|3765.25|0|4753|0|987.75|0|765.25|0|0|0|0|0|0|KS|04||||||0|3000|09/18/2025|0|0
H6KS04223|SCHNEIDER, DANIEL|C|1|DEM|0|0|0|0|0|0|0|0|0|0|0|0|0|KS|04||||||0|0|11/14/2025|0|0
H6KS04249|CARMICHAEL, CHRIS|C|1|DEM|85439.77|0|41992.12|0|0|43457.65|0|2398|0|0|0|2398|80683.8|KS|04||||||2357.97|0|03/31/2026|3500|0
H6KS04272|TYNDELL, KATY|C|1|DEM|138931.17|0|18520.05|0|0|120411.12|0|0|0|0|0|0|138931.17|KS|04||||||0|0|03/31/2026|0|0
H8KS04112|ESTES, RON|I|2|REP|1501743.48|368175.02|1077173.09|0|1198276.04|1622846.43|0|0|0|0|0|0|241231.6|KS|04||||||848100|0|03/31/2026|840.79|0
H6KS04256|CATANESE, PAUL VINCENT|C|3|IND|3040|0|798.73|0|0|2241.27|3000|0|0|0|0|0|40|KS|04||||||0|0|03/31/2026|0|0
H6KY01169|WILLIAMS, JOHN ANDREW|C|1|DEM|71201.55|0|54340.09|0|0|16820.3|0|1700|0|0|0|1700|69429.7|KY|01||||||0|0|03/31/2026|500|0
H6KY01110|COMER, JAMES|I|2|REP|1418728.74|21578.45|1410639.82|0|3209222.52|3217311.44|0|0|0|0|0|0|1091473.53|KY|01||||||305200|0|03/31/2026|0|0
H6KY01177|SIMS, DAVID|C|2|REP|1000|0|795.35|0|0|204.65|1000|0|0|0|0|0|0|KY|01||||||0|0|03/31/2026|0|0
H2KY02125|COMPTON, WILLIAM DAKOTA|C|1|DEM|60049.93|0|54286.82|0|439.1|4687.01|218.38|0|0|0|0|0|59831.55|KY|02||||||0|0|03/31/2026|0|0
H8KY02080|LINDERMAN, HANK|C|1|DEM|0|0|17626.2|0|21562.08|3935.88|0|0|0|0|0|0|0|KY|02||||||0|0|03/31/2026|0|0
H6KY02076|FERGUSON, JOSHUA M|C|2|REP|7078.77|0|7013.77|0|0|65|4500|0|0|0|0|0|2578.77|KY|02||||||0|0|03/31/2026|0|0
H6KY02092|PERRY-ADELMANN, SHAY|C|2|REP|100500|0|631.72|0|100|99968.28|100500|0|0|0|0|0|0|KY|02||||||0|0|03/31/2026|0|0
H8KY02031|GUTHRIE, S. BRETT BRETT HON.|I|2|REP|3979496.99|0|2411082.52|0|366244.44|1934658.91|0|0|0|0|0|14613.7|1441662.46|KY|02||||||2529030|0|03/31/2026|20603.07|24700
H2KY03206|MCGARVEY, MORGAN|I|1|DEM|1368567.44|115564.53|928463.42|0|1263417.1|1703521.12|0|0|0|0|0|0|804446.1|KY|03||||||411811.86|0|03/31/2026|458|3000
H6KY03124|YARMUTH, JOHN|I|1|DEM|0|0|2051.04|0|34495.84|32444.8|0|0|0|0|0|132262.4|0|KY|03||||||0|0|02/26/2025|0|0
H6KY03223|RODRIGUEZ, MARIA TERESA|C|2|REP|18620|0|3057.58|0|0|15562.42|0|0|0|0|0|0|18620|KY|03||||||0|0|03/31/2026|0|0
H6KY03231|PAY, DONALD|C|2|REP|1926|0|1802.28|0|0|123.72|0|0|0|0|0|0|1926|KY|03||||||0|0|03/31/2026|0|0
H6KY03215|DIALLO, OUMOU|C|3|IND|2493.48|0|1312.9|0|0|1180.58|567.55|0|0|0|0|0|1925.93|KY|03||||||0|0|03/31/2026|0|0
H6KY04130|DEAN, MONICA|C|1|DEM|9189.56|0|5518.14|0|0|3671.42|1977.8|0|0|0|0|198.26|6211.76|KY|04||||||1000|0|06/30/2025|0|0
H6KY04148|BREWER, JESSE RUSSELL MR.|C|1|DEM|9675.67|0|9296.95|0|1899|78.92|0|3935.67|0|0|0|0|5740|KY|04||||||0|0|03/31/2026|0|0
H6KY04189|STRANGE, MELISSA CLAIRE|C|1|DEM|41994.69|0|36981.84|0|0|5012.85|0|0|10000|0|0|10000|31994.69|KY|04||||||0|0|03/31/2026|0|0
H8KY04169|HALL, SETH BLANE|C|1|DEM|0|0|0|0|0|0|0|0|0|0|0|0|0|KY|04||||||0|0|03/31/2026|0|0
H2KY04121|MASSIE, THOMAS H.|I|2|REP|4954205.39|0|4387188.19|0|907010.19|1474027.39|0|0|0|0|0|0|4827646.86|KY|04||||||91987.65|0|03/31/2026|56672.21|0
H6KY04155|WELLS, ROBERT STACY DR|C|2|REP|113241.15|0|94101.68|0|0|19139.47|0|100000|0|0|0|100000|13241.15|KY|04||||||0|0|03/31/2026|0|0
H6KY04163|DENNIS, JACKSON|C|2|REP|2590|0|2590|0|0|0|0|0|0|0|0|0|2590|KY|04||||||0|0|12/08/2025|0|0
H6KY04171|GALLREIN, ED|C|2|REP|2387499.31|0|994332.68|0|0|1393166.63|0|0|0|0|0|0|2369730.81|KY|04||||||17768.5|0|03/31/2026|1250|0
H6KY04197|WELLS, ROBERT STACY DR|C|2|REP|113241.15|0|94101.68|0|0|19139.47|0|100000|0|0|0|100000|13241.15|KY|04||||||0|0|03/31/2026|0|0
H6KY05152|PILLERSDORF, NED|C|1|DEM|107512.36|0|30218.47|0|0|77293.89|7800|0|0|0|0|0|99462.36|KY|05||||||250|0|03/31/2026|625|0
H0KY05015|ROGERS, HAROLD DALLAS|I|2|REP|682485.39|2103.41|505599.73|0|971251.73|1148137.39|0|0|0|0|0|0|347633.74|KY|05||||||225650|0|03/31/2026|3200|1200
H6KY05194|SMITH, KEVIN|C|2|REP|108069.17|0|27040.87|0|0|81028.3|22150.59|0|0|0|0|0|79919.58|KY|05||||||5999|0|03/31/2026|0|0
H6KY05202|WEIN, MIKEL|C|3|IND|2200|0|186.47|0|0|2013.53|0|2000|0|0|0|2000|200|KY|05||||||0|0|03/31/2026|0|0
H2KY06217|CRAVENS, MAURICE RANDALL II|C|1|DEM|0|0|3265.3|2000|14203.83|10938.53|0|0|0|0|0|0|0|KY|06||||||0|0|12/31/2025|0|0
H6KY06150|STEVENSON, CHERLYNN|O|1|DEM|571010.07|0|455196.78|0|175.45|115988.74|911.87|0|0|0|0|0|548098.2|KY|06||||||22000|0|03/31/2026|1826.84|500
H6KY06168|KLOIBER, DAVID|O|1|DEM|200666.47|0|138690.57|0|0|61975.9|0|127000|0|30000|0|97000|73441|KY|06||||||0|0|03/31/2026|0|0
H6KY06184|DEMBO, ZACH|O|1|DEM|835542.43|0|378758.54|0|0|456783.89|3514.36|0|0|0|0|0|811567.07|KY|06||||||18600|0|03/31/2026|2408|0
H6KY06218|PETREY, ERIN|O|1|DEM|213324.13|0|91377.59|0|0|121946.54|0|55000|0|0|0|55000|158324.13|KY|06||||||0|0|03/31/2026|0|0
H0KY06104|BARR, GARLAND ANDY|I|2|REP|7968106.41|1760475.65|7486809.96|0|3693077.64|4174374.09|0|0|0|0|0|0|4466197.91|KY|06||||||1539700|0|03/31/2026|23500|9000
H6KY06143|DOTSON, RYAN|O|2|REP|517083.66|0|221413.06|0|0|295670.6|831.09|260000|0|0|0|260000|243852.57|KY|06||||||12400|0|03/31/2026|885.73|2200
H6KY06176|GORDON, DEANNA|O|2|REP|372174.06|0|101050.84|0|0|271123.22|0|268000|0|0|0|268000|96674.06|KY|06||||||7500|0|03/31/2026|4447|0
H6KY06192|ALVARADO, RALPH A|O|2|REP|808804.21|0|256554.36|0|0|552249.85|0|57245.22|0|0|0|57245.22|642143.56|KY|06||||||108800|0|03/31/2026|750|4300
H6KY06226|PLUCINSKI, GREG|O|2|REP|620018.73|0|389451.08|0|0|230567.65|55675.86|505000|0|0|0|505000|50159.08|KY|06||||||3500|0|03/31/2026|76|0
H6KY06259|ARQUETTE, ADAM PEREZ|O|2|REP|4990948|0|1672032|0|0|1656948|3300000|29000|0|0|0|0|1661948|KY|06||||||0|0|03/31/2026|0|0
H6KY06234|JAY, BOWMAN J|O|3|NNE|4744.15|0|4924.23|0|200|19.92|4744.15|0|0|0|0|0|0|KY|06||||||0|0|03/31/2026|0|0
H6LA01258|JEWETT, LAUREN|C|1|DEM|72766.2|0|49058.75|0|0|23707.45|1125.88|0|0|0|0|0|70390.32|LA|01||||||1250|0|03/31/2026|0|0
H8LA01122|SAVOIE, TAMMY MARIE DR|C|1|DEM|0|0|0|0|0|0|0|0|0|0|0|8017.87|0|LA|01||||||0|0|03/31/2026|0|0
H0LA01087|SCALISE, STEVE MR|I|2|REP|9320529.35|8074186.37|7775034.62|0|4131152.57|5676647.3|0|0|0|0|0|0|1100842.98|LA|01||||||137500|0|03/31/2026|16432.23|0
H2LA02149|CARTER, TROY A. SR.|I|1|DEM|1097646.4|40312.5|1174020.88|0|509409.15|433034.67|0|0|0|0|0|24914.16|310811.35|LA|02||||||746292.45|0|03/31/2026|0|0
H4LA02111|DAVIS, DEVIN CHARLES|C|1|DEM|1927|0|2199.17|0|264.74|-7.43|1825|0|0|0|0|17132.99|102|LA|02||||||0|0|03/31/2025|25|0
H8LA02054|RICHMOND, CEDRIC L|I|1|DEM|0|0|652.76|0|27631.71|26978.95|0|0|0|0|0|8000|0|LA|02||||||0|0|03/31/2026|0|0
H2LA02206|BERNARD, CLASTON|O|2|REP|0|0|0|0|0|0|0|0|0|0|0|26060|0|LA|02||||||0|0|03/31/2026|0|0
H4LA02145|LYNCH, CHRISTY MS|C|2|REP|0|0|487.82|0|487.82|0|0|0|0|0|0|0|0|LA|02||||||0|0|03/31/2025|0|0
H8LA02062|MORENO, HELENA|C|3|UNK|0|0|0|0|0|0|0|0|0|0|0|74180|0|LA|02||||||0|0|03/31/2026|0|0
H2LA03105|LEBRUN, TIA MARIE MRS.|C|1|DEM|5873|0|1825|0|258.8|4646.8|0|2350|0|0|0|2350|3523|LA|03||||||0|0|03/31/2026|0|0
H6LA03205|DAY, JOHN DAVID|C|1|DEM|5050|0|4364.94|0|2867.53|3552.59|0|5000|0|0|0|5000|50|LA|03||||||0|0|03/31/2026|0|0
H2LA03121|HOGGATT, "HOLDEN"|C|2|REP|0|0|0|0|6300.56|6300.56|0|0|0|0|0|102233|0|LA|03||||||0|0|03/31/2026|0|0
H6LA03130|ANGELLE, SCOTT MR.|C|2|REP|0|0|149.11|0|149.11|0|0|0|0|0|0|7450|0|LA|03||||||0|0|02/28/2025|0|0
H6LA03148|HIGGINS, CLAY CAPTAIN|I|2|REP|668394.22|430500|457460.19|0|324568.04|535502.07|0|0|0|0|0|0|134630.79|LA|03||||||103000|0|03/31/2026|1655|0
H2LA04103|MILKOVICH, JOHN CHARLES|O|1|DEM|0|0|0|0|-18.98|-18.98|0|0|0|0|0|87198.89|0|LA|04||||||0|0|03/31/2026|0|0
H6LA04187|CABLE, CONRAD ROBERTS|C|1|DEM|74511.7|0|60126.7|0|0|14385|0|0|0|0|0|0|74511.7|LA|04||||||0|0|03/31/2026|3500|0
H6LA04195|GROMLICH, MATTHEW|C|1|DEM|137209.33|0|112673.65|0|0|24535.68|3058.09|100000|0|0|0|98000|34151.24|LA|04||||||0|0|03/31/2026|0|0
H6LA04138|JOHNSON, JAMES MICHAEL|I|2|REP|17548949.57|6193899.8|8475258.24|0|1252376.53|10326067.86|0|0|0|0|0|0|9804394.27|LA|04||||||1540700|0|03/31/2026|19694.23|0
H6LA04203|NICHOLS, MICHAEL|C|2|REP|24200|0|20610.25|0|0|3589.75|0|20000|0|0|0|20000|4200|LA|04||||||0|0|03/31/2026|0|0
H6LA05275|NYMAN, TANIA|O|1|DEM|10754.73|0|5928.03|0|0|4826.7|7911.73|0|0|0|0|0|2843|LA|05||||||0|0|03/31/2026|0|0
H6LA05291|MCKAY, DAN|O|1|DEM|44173.54|0|40387.57|0|30|3815.97|0|29238.48|0|0|0|29238.48|14935.06|LA|05||||||0|0|03/31/2026|0|0
H6LA05309|GARCIA, LINDSAY|O|1|DEM|22875.33|0|11843.76|0|0|11031.57|0|2856.33|0|0|0|2856.33|20019|LA|05||||||0|0|03/31/2026|0|0
H0LA05112|HARRIS, JOHN LANCE|O|2|REP|0|0|18131.4|0|18131.4|0|0|0|0|13631.4|0|195568.6|0|LA|05||||||0|0|03/31/2026|0|0
H2LA05126|LETLOW, JULIA|I|2|REP|2078840.56|591287.86|3425607.37|2480968.58|1346766.81|0|0|0|0|0|0|0|710075.7|LA|05||||||777477|0|03/31/2026|8767.1|0
H2LA05134|CONERLY, CHAD|O|2|REP|0|0|0|0|151.78|151.78|0|0|0|0|0|30000|0|LA|05||||||0|0|03/31/2026|0|0
H4LA05130|MCALLISTER, VANCE MICHAEL|C|2|REP|0|0|0|0|0|0|0|0|0|0|0|960959.09|0|LA|05||||||0|0|03/31/2026|0|0
H6LA05192|WYATT, SAMUEL LEE MR.|O|2|REP|288715.79|0|284486.72|0|0|4229.07|0|184056.58|0|0|0|184056.58|103239.33|LA|05||||||0|0|03/31/2026|9401.68|0
H6LA05200|CORDELL, MISTI SMITH|O|2|REP|486602.34|0|7936.27|0|0|478666.07|0|206500|0|0|0|206500|270102.34|LA|05||||||10000|0|03/31/2026|0|0
H6LA05218|MCMAKIN, DIXON|O|2|REP|63405.15|0|63405.15|0|0|0|0|0|0|0|0|0|63400|LA|05||||||0|0|03/31/2026|44859.99|0
H6LA05226|EDMONDS, RICK|O|2|REP|335431.14|0|56256.34|0|0|279174.8|0|155000|0|0|0|155000|171425|LA|05||||||9000|0|03/31/2026|0|0
H6LA05234|MIGUEZ, BLAKE|O|2|REP|6176129.74|0|2188997.86|0|0|3987131.88|0|3013458.06|0|0|0|3013458.06|3085543.87|LA|05||||||60686.07|0|03/31/2026|49230.01|0
H6LA05242|ECHOLS, MICHAEL CHARLES|O|2|REP|1779023.23|0|394985.34|0|0|1384037.89|0|1430000|0|0|0|1430000|336023.23|LA|05||||||13000|0|03/31/2026|0|0
H6LA05259|MEBRUER, MICHAEL EDWARD|O|2|REP|37764.7|0|25644.37|0|0|12120.33|37764.7|0|0|0|0|0|0|LA|05||||||0|0|03/31/2026|0|0
H6LA05283|MAGEE, AUSTIN|O|2|REP|3968.25|0|2951.64|0|0|1016.61|510.2|0|0|0|0|0|3458.05|LA|05||||||0|0|03/31/2026|0|0
H4LA06070|ANDERSON, QUENTIN ANTHONY|C|1|DEM|0|0|0|0|-6029.64|-6029.64|0|0|0|0|0|0|0|LA|06||||||0|0|09/30/2025|0|0
H4LA06211|FIELDS, CLEO|I|1|DEM|450034.59|0|245052.26|100000|37439.86|242422.19|0|0|0|0|0|0|289808.8|LA|06||||||151000|0|03/31/2026|20600|5000
H4LA06120|THOMAS, CHARLES 'TREY' DR III|O|2|REP|0|0|0|0|105.14|105.14|0|0|0|0|0|7326.95|0|LA|06||||||0|0|03/31/2026|0|0
H4LA06153|GRAVES, GARRET|I|2|REP|165384.85|0|201184.8|0|3663118.03|3627318.08|0|0|0|0|0|0|0|LA|06||||||0|0|03/31/2026|0|-59000
H4LA06179|WHITNEY, LENAR|O|2|REP|0|0|0|0|355.15|355.15|0|0|0|0|0|147378.86|0|LA|06||||||0|0|03/31/2026|0|0
H4LA06229|GUILLORY, ELBERT LEE|C|2|REP|0|0|3339.68|0|3339.68|0|0|0|0|0|0|0|0|LA|06||||||0|0|03/31/2026|0|0
H4LA06237|GUILLORY, ELBERT LEE|C|2|REP|0|0|3339.68|0|3339.68|0|0|0|0|0|0|0|0|LA|06||||||0|0|03/31/2026|0|0
H6LA05168|DAVIS, LARRY MR. III|C|2|REP|10910|0|8604.72|0|1422.75|3728.03|1485|0|0|0|0|0|6975|LA|06||||||2000|0|03/31/2026|0|0
H6LA06141|JOHNSON, CHRISTIAN RASHAD|C|2|REP|0|0|0|0|0|0|0|0|0|0|0|0|0|LA|06||||||0|0|03/31/2026|0|0
H6LA06158|APPEANING, ANJANITA MONIQUE|C|2|REP|62121.63|0|51535.02|0|0|10586.61|0|34871.63|0|0|0|34871.63|27250|LA|06||||||0|0|03/31/2026|2000|0
H6MA01120|WHALEN, JEROMIE PATRICK DR.|C|1|DEM|150621|0|120746.11|0|0|29874.89|11966.3|0|0|0|0|0|138134.7|MA|01||||||0|0|03/31/2026|0|0
H8MA02041|NEAL, RICHARD E|I|1|DEM|1849571.96|21908.54|1581524.03|0|3887869.95|4155917.88|0|0|0|0|0|0|343431.02|MA|01||||||1234500|0|03/31/2026|1500|472.3
H8MA01035|BECH, NATHAN ALEXANDER|C|2|REP|40000|0|43984.05|0|4773.74|789.69|0|40000|0|4773.74|0|132087.21|0|MA|01||||||0|0|03/31/2026|0|0
H4MA01091|MILLERON, NADIA D|C|3|NPA|26918.88|0|18042.33|0|13149.6|22026.15|0|0|0|0|0|75000|26918.88|MA|01||||||0|0|03/31/2026|0|0
H4MA03022|MCGOVERN, JAMES P|I|1|DEM|515774.45|0|646932.33|0|394164.35|263006.47|0|0|0|0|0|0|376128.09|MA|02||||||136800|0|03/31/2026|991.5|0
H8MA02090|POWERS, KEVIN WILLIAM|C|2|REP|0|0|0|0|17622.84|17622.84|0|0|0|0|0|0|0|MA|02||||||0|0|03/31/2026|0|0
H8MA03106|TRAHAN, LORI|I|1|DEM|1295055.79|23250|1067021.88|0|1455151.24|1683185.15|0|0|0|0|0|0|664970.91|MA|03||||||606250|0|03/31/2026|10535|0
H2MA03141|TRAN, DEAN|C|2|REP|0|0|0|0|0|0|0|0|0|0|0|0|0|MA|03||||||0|0|03/31/2025|0|0
H6MA03100|GROSSI, GARY J.|C|2|REP|4550.71|0|21.7|0|0|4529.01|0|4000|0|0|0|4000|550.71|MA|03||||||0|0|03/31/2026|0|0
H8MA03114|GREEN, RICK|O|2|REP|0|0|0|0|0|0|0|0|0|0|0|0|0|MA|03||||||0|0|03/31/2026|0|0
H0MA04143|LECKEY, IHSSANE|C|1|DEM|24577.69|0|18350.62|0|6802.35|13029.42|7874.69|0|0|0|0|295131.66|16700|MA|04||||||0|0|03/31/2026|0|0
H0MA04192|AUCHINCLOSS, JAKE|I|1|DEM|2915614.55|307500|914678.35|0|4983226.77|6984162.97|0|0|0|0|0|0|1799999.85|MA|04||||||556250|2000|03/31/2026|4625|0
H6MA04116|BOYD, CHRISTOPHER SLATER|C|1|DEM|2944.52|0|1009.89|0|0|1934.63|341.52|0|0|0|0|0|2603|MA|04||||||0|0|03/31/2026|0|0
H6MA04124|LECKEY, IHSSANE|C|1|DEM|24574.69|0|12124.69|0|0|12450|7874.69|0|0|0|0|40025|16700|MA|04||||||0|0|03/31/2026|0|0
H6MA04132|POULOS, JASON|C|1|DEM|9139.12|0|8432.39|0|0|706.73|5000.12|0|0|0|0|0|4139.12|MA|04||||||0|0|03/31/2026|0|0
H8MA04047|ROBINSON, HERB|C|1|DEM|35|0|25|0|780|790|34|0|0|0|0|100|1|MA|04||||||0|0|03/31/2026|0|0
H2MA04115|BURNS, EMILY|C|2|REP|0|0|0|0|0|0|0|0|0|0|0|187500|0|MA|04||||||0|0|05/27/2025|0|0
H4MA05084|CLARK, KATHERINE|I|1|DEM|3437673.88|1059950|2773065.81|0|1325890.71|1990498.78|0|0|0|0|0|0|923260.03|MA|05||||||1399607.1|0|03/31/2026|3541.76|2500
H6MA05071|SAMMAN, TARIK|C|1|DEM|7576.73|0|5284.19|0|0|2292.54|613.33|0|0|0|0|0|6963.4|MA|05||||||0|0|12/31/2025|0|0
H0MA06098|BELSITO, JAMIE MARIE ZAHLAWAY|O|1|DEM|134387.8|0|65846.15|0|0|68541.65|1348.55|25000|0|25000|0|0|107966.65|MA|06||||||0|0|03/31/2026|3500|0
H4MA06090|MOULTON, SETH|I|1|DEM|4255419.17|1469.16|2774289.78|0|1850338.06|3331467.45|0|0|0|0|0|0|3951789.48|MA|06||||||216100|0|03/31/2026|100408.4|16000
H6MA06145|ANDRES-BECK, BETH|O|1|DEM|247736.49|0|175469.79|0|0|9534.62|106168.88|0|0|0|0|0|141567.61|MA|06||||||0|0|03/31/2026|0|0
H6MA06152|BECCIA, JOHN|O|1|DEM|2448091.72|0|385177.59|0|0|2062914.13|41108.14|1998734.51|0|0|0|2003816.77|395749.07|MA|06||||||12500|0|03/31/2026|773|2500
H6MA06160|NGUYEN, TRAM|O|1|DEM|430518.84|0|177541.72|0|0|252977.12|0|0|0|0|0|0|418143.84|MA|06||||||12375|0|03/31/2026|345|0
H6MA06178|JAKIOUS, RICK|O|1|DEM|352645.84|0|154992.91|0|0|197652.93|0|50000|0|0|0|50800|300334|MA|06||||||1500|0|03/31/2026|0|0
H6MA06186|LANCASTER, MARIAH DR|O|1|DEM|206585|0|104366.97|0|0|102218.03|0|0|0|0|0|3500|206585|MA|06||||||0|0|03/31/2026|25|0
H8MA03072|KOH, DANIEL ARRIGG|O|1|DEM|3515780.19|0|505648.09|0|1339.72|3011471.82|77727.14|1000|0|0|0|69000|3364786.39|MA|06||||||70700|0|03/31/2026|25263|0
H6MA06202|JONES, MICAH Q.|O|2|REP|257951.75|0|53439.88|0|0|204511.87|0|0|0|0|0|0|257951.75|MA|06||||||0|0|03/31/2026|0|0
H8MA07032|PRESSLEY, AYANNA|I|1|DEM|914492.66|97725|894648.84|0|118221.41|138065.23|0|0|0|0|0|0|768590.56|MA|07||||||44000|0|03/31/2026|21216.5|0
H2MA09072|LYNCH, STEPHEN|I|1|DEM|542307.51|0|447476.53|0|1088723.86|1183554.84|0|0|0|0|0|0|284246.26|MA|08||||||245800|0|03/31/2026|0|0
H6MA08141|KENNEDY, JOSEPH P II|C|1|DEM|212218.37|0|75015.16|0|1066399.21|1203602.42|0|0|0|0|0|0|0|MA|08||||||0|0|03/31/2026|0|0
H6MA08307|ROATH, PATRICK THOMAS|C|1|DEM|888690.85|0|479078.91|0|0|409611.94|3727.57|20000|0|0|0|20000|858903.75|MA|08||||||6000|0|03/31/2026|5115|0
H6MA08331|ZYLBERFINK, ANDREW 'AJ'|C|1|DEM|1261.13|0|1397.13|0|0|-118|569.59|0|0|0|0|0|691.54|MA|08||||||0|0|03/31/2026|324.64|0
H0MA10082|KEATING, WILLIAM R|I|1|DEM|302696.55|0|450719.22|0|665867.5|517844.83|0|0|0|0|0|0|186596.55|MA|09||||||116100|0|03/31/2026|0|0
H6MA09214|SWALLOW, CRAIG M MR|C|1|DEM|15695|0|3376.1|0|0|12318.9|0|0|0|0|0|0|15695|MA|09||||||0|0|03/31/2026|0|0
H6MA09206|MACALLISTER, ROBERT TYLER|C|2|REP|143180.82|0|88365.14|0|0|54815.68|0|1005|0|0|0|1005|140947.6|MA|09||||||800|0|03/31/2026|250|0
H6MD01320|SCHWARTZ, DANIEL|C|1|DEM|504766.78|0|386216.62|0|0|118550.16|2567.65|13000|0|6302.55|0|7234.35|489199.13|MD|01||||||0|0|03/31/2026|1405|0
H6MD01346|WHITE, RANDI|C|1|DEM|13495|0|7595.08|0|0|3175.64|8356|0|0|0|0|0|5139|MD|01||||||0|0|03/31/2026|0|0
H4MD01143|BRUNEAU, CHRISTOPHER MARC MR SR|C|2|REP|0|0|0|0|0|0|0|0|0|0|0|0|0|MD|01||||||0|0|09/30/2025|0|0
H8MD01094|HARRIS, ANDREW P|I|2|REP|1825522.25|0|929700.41|0|754935.54|1650757.38|0|0|0|0|0|0|1504125.28|MD|01||||||293890.59|0|03/31/2026|-291|2475
H2MD02160|RUPPERSBERGER, C. A. DUTCH|I|1|DEM|12212.71|0|142563.99|0|275610.3|145259.02|0|0|0|0|0|0|0|MD|02||||||0|0|03/31/2026|0|0
H4MD02232|OLSZEWSKI, JOHN ANTHONY JR.|I|1|DEM|816884.42|0|406944.34|0|166591.68|576531.76|0|0|0|0|0|0|549859.01|MD|02||||||261224.01|0|03/31/2026|17402.5|7500
H0MD02149|CARDARELLI, MARCELO GABRIEL|C|2|REP|0|0|0|0|0|0|0|0|0|0|0|0|0|MD|02||||||0|0|03/31/2026|0|0
H0MD07197|KLACIK, KIMBERLY|O|2|REP|9.06|0|9489.84|0|17020.15|7539.37|0|0|0|0|0|232202.18|9.06|MD|02||||||0|0|03/31/2026|0|0
H2MD02350|MCNULTY, ELLEN EJ|C|2|REP|0|0|0|0|95.55|95.55|0|0|0|0|0|33452.8|0|MD|02||||||0|0|03/31/2026|0|0
H2MD06138|WALLACE, DAVID DRAIN II|C|2|REP|275|0|0|0|0|275|0|0|0|0|0|0|275|MD|02||||||0|0|03/31/2026|0|0
H4MD02265|KLACIK, KIMBERLY|O|2|REP|9.06|0|9489.84|0|17020.15|7539.37|0|0|0|0|0|232202.18|9.06|MD|02||||||0|0|03/31/2026|0|0
H4MD03156|ELFRETH, SARAH KELLY|I|1|DEM|955852.22|0|581875.36|0|30739.55|404716.41|648.72|0|0|0|0|0|587557.55|MD|03||||||361564.79|0|03/31/2026|13357.55|1000
H4MD03198|LAM, CLARENCE|O|1|DEM|3598.99|0|5188|0|9410.31|7821.3|0|0|0|0|0|50000|0|MD|03||||||999.99|0|03/31/2026|0|0
H4MD03339|LIBBER, MATT|O|1|DEM|0|0|0|0|0|0|0|0|0|0|0|0|0|MD|03||||||0|0|01/27/2025|0|0
H6MD03292|SARBANES, JOHN P. MR.|I|1|DEM|7671.84|0|358331.06|0|350659.22|0|0|0|0|0|0|0|0|MD|03||||||0|0|04/13/2026|0|0
H2MD03218|TORRES, AMAL|C|2|REP|0|0|0|0|1812.96|1812.96|0|0|0|0|0|0|0|MD|03||||||0|0|03/31/2026|0|0
H4MD03149|FLOWERS, BERNARD|O|2|REP|5109.36|0|1969.33|0|3711.28|6851.31|0|0|0|0|0|0|4859.36|MD|03||||||250|0|03/31/2026|0|0
H2MD04232|IVEY, GLENN FREDERICK|C|1|DEM|562697.55|0|415105.22|0|305388.32|452980.65|0|0|0|0|0|0|308935.68|MD|04||||||253500|0|03/31/2026|20|0
H2MD04323|LEWIS, JAZZ|O|1|DEM|0|0|3562.22|0|3562.22|0|0|0|0|0|0|0|0|MD|04||||||0|0|02/03/2026|0|0
H4MD04162|NJINIMBOT, GABRIEL|C|1|DEM|0|0|0|0|3649.67|3649.67|0|0|0|0|0|0|0|MD|04||||||0|0|03/31/2026|0|0
H6MD04209|BROWN, ANTHONY|I|1|DEM|41816.53|0|66179.82|0|868850.12|844486.83|0|0|0|0|0|0|0|MD|04||||||0|0|03/31/2026|0|0
H6MD04332|JOHNSON, JAKEYA|C|1|DEM|20631.49|0|17020.66|0|0|3610.83|0|1209.45|0|1179.45|0|30|19272.04|MD|04||||||0|0|03/31/2026|0|0
H6MD04340|WHITE, JONATHAN|C|1|DEM|31473.03|0|9563|4500|100|22010.03|323.67|0|0|0|0|0|31149.36|MD|04||||||0|0|03/31/2026|20|0
H2MD05155|HOYER, STENY|I|1|DEM|402330.17|13039.82|657959.23|6302|623674.91|368045.85|0|0|0|0|0|0|127966.09|MD|05||||||259000|0|03/31/2026|6000|4500
H2MD05569|WASHINGTON, KEITH A|C|1|DEM|0|0|0|0|381.89|381.89|0|0|0|0|0|5500|0|MD|05||||||0|0|12/31/2025|0|0
H4MD03263|DUNN, HARRY|O|1|DEM|2073664.17|0|622857.25|0|0|1450806.92|0|0|0|0|0|0|2073664.17|MD|05||||||0|0|03/31/2026|6917|0
H4MD05235|BAREEBE, QUINCY|O|1|DEM|3518303.19|0|2033162.71|0|219.11|1485359.59|0|3354000|0|0|0|3563665.22|164284.96|MD|05||||||0|0|03/31/2026|0|0
H6MD05255|JARIN, HARRY|O|1|DEM|426971.3|0|148575.74|0|0|278395.56|0|350000|0|0|0|360677.57|76821.26|MD|05||||||150|0|03/31/2026|0|0
H6MD05263|SOLIS, ALEXIS|O|1|DEM|19642|0|15263.6|0|0|4378.4|0|0|0|0|0|0|19642|MD|05||||||0|0|03/31/2026|26|0
H6MD05289|JACKSON, TERRY ANTONIO MR. II|O|1|DEM|16321.68|0|16321.68|0|0|0|0|8392.5|0|571.13|0|0|7929.18|MD|05||||||0|0|04/24/2026|10|0
H6MD05297|LUPER, HEATHER MARIE|O|1|DEM|27827.68|0|10400.51|0|0|17427.17|5637.68|14500|0|0|0|14500|7690|MD|05||||||0|0|03/31/2026|0|0
H6MD05313|KIRKLAND, WALTER|O|1|DEM|33626|0|14796|0|0|18830|0|0|0|0|0|0|33626|MD|05||||||0|0|03/31/2026|0|0
H6MD05321|BOAFO, ADRIAN|O|1|DEM|465242.94|0|64162.08|0|0|401080.86|0|0|0|0|0|0|412602.94|MD|05||||||52640|0|03/31/2026|50|2000
H6MD05339|BLEGAY, WALA|O|1|DEM|396714|0|89551.11|0|0|307162.89|0|0|0|0|0|0|380414|MD|05||||||6300|0|03/31/2026|26500|0
H6MD05347|STARR, TRACY|O|1|DEM|32049.75|0|28021.81|0|0|4027.94|254|0|0|0|0|0|31795.75|MD|05||||||0|0|03/31/2026|20|0
H6MD05354|WILLIAMS, NICOLE|O|1|DEM|136667.01|0|31980.26|0|0|104686.75|53|85000|0|0|0|85000|46165|MD|05||||||5449|0|03/31/2026|150|0
H6MD05388|ELLIS, ARTHUR CARR|O|1|DEM|212537.86|0|4881.1|0|0|207656.76|0|200000|0|0|0|200000|12537.86|MD|05||||||0|0|03/31/2026|0|0
H6MD05396|SUNDBERG, DAVID|O|1|DEM|87439.78|0|3455.97|0|0|83983.81|0|0|0|0|0|0|87439.78|MD|05||||||0|0|03/31/2026|0|0
H6MD05404|BAKER, RUSHERN L III|O|1|DEM|202645.82|0|32956.53|0|0|169689.29|9350|30500|0|0|0|30500|160795.82|MD|05||||||2000|0|03/31/2026|6927.82|0
H6MD05438|COLLINS, REUBEN BURTON II|O|1|DEM|11575|0|27|0|0|11548|0|0|0|0|0|0|11575|MD|05||||||0|0|03/31/2026|0|0
H4MD05219|TALKINGTON, MICHELLE|O|2|REP|1020.54|0|3026.41|0|2927.66|921.79|0|0|0|0|0|6582.17|1020.54|MD|05||||||0|0|03/31/2026|115|0
H6MD05206|FADDIS, CHARLES|C|2|REP|0|0|0|0|2909.69|2909.69|0|0|0|0|0|50581.29|0|MD|05||||||0|0|03/31/2026|0|0
H2MD06195|DELANEY, JOHN K|I|1|DEM|1500|0|1620|0|547.43|427.43|1500|0|0|0|0|1493250|0|MD|06||||||0|0|03/31/2026|0|0
H2MD08175|GLUCK, GEORGE|C|1|DEM|5|0|0|0|0|5|0|0|0|0|0|0|5|MD|06||||||0|0|03/31/2025|0|0
H4MD06225|VOGEL, JOSEPH|O|1|DEM|4800|0|8690.12|0|7115.03|3224.91|0|0|0|0|0|19500|0|MD|06||||||0|0|03/31/2026|0|0
H4MD06282|MARTINEZ, TEKESHA|O|1|DEM|0|0|0|0|6988.96|6988.96|0|0|0|0|0|0|0|MD|06||||||0|0|02/03/2025|0|0
H4MD06316|SAYLES, LAURIE-ANNE|O|1|DEM|420|0|437.3|0|0|244.61|0|0|0|0|0|0|420|MD|06||||||0|0|03/31/2026|0|0
H4MD06340|DELANEY, APRIL MCCLAIN|I|1|DEM|3137649.35|45550|1892469.32|0|12879.17|1258059.2|0|2200000|0|0|0|6073000|605549.4|MD|06||||||279050|0|03/31/2026|3859.09|0
H4MD06365|WILKS, ALTIMONT|O|1|DEM|0|0|205.36|0|0|0|0|0|0|0|0|0|0|MD|06||||||0|0|06/30/2025|0|0
H4MD06373|CHOHARIS, PETER CHARLES|O|1|DEM|0|0|1100|0|79361.34|39680.67|0|0|0|0|0|0|0|MD|06||||||0|0|03/31/2026|0|0
H4MD06449|GLUCK, GEORGE|O|1|DEM|5|0|0|0|0|5|0|0|0|0|0|0|5|MD|06||||||0|0|03/31/2025|0|0
H4MD06456|GLUCK, GEORGE|O|1|DEM|5|0|0|0|0|5|0|0|0|0|0|0|5|MD|06||||||0|0|03/31/2025|0|0
H6MD06295|WECHTALUK, ETHAN P|C|1|DEM|10445.69|0|9227.29|0|0|1436.8|2237.69|0|0|0|0|0|8208|MD|06||||||0|0|03/31/2026|0|0
H6MD06303|GOLDSTEIN, ALEXIS|C|1|DEM|41096.3|0|4520|0|0|36576.3|0|0|0|0|0|0|41096.3|MD|06||||||0|0|03/31/2026|0|0
H6MD08549|TRONE, DAVID|C|1|DEM|11041367.95|0|6744393.16|0|3841.43|4300816.22|406107.21|10000000|0|580000|0|10000000|31450|MD|06||||||0|0|03/31/2026|0|0
H0MD06231|PARROTT, NEIL CONRAD MR.|C|2|REP|20128.72|0|22487.2|0|4614.2|-9255.14|0|11000|0|0|0|11000|9116.6|MD|06||||||0|0|03/31/2026|1.42|0
H2MD06328|FOLDI, MATTHEW|C|2|REP|0|0|0|0|941.87|941.87|0|0|0|0|0|43800|0|MD|06||||||0|0|03/31/2025|0|0
H2MD08183|ROCA, MARIELA|C|2|REP|22847.84|1000|1464.82|0|0|21383.02|760.54|0|0|0|0|35753.92|21087.3|MD|06||||||0|0|03/31/2026|0|0
H4MD06241|THIAM, BRENDA J DR.|O|2|REP|0|0|2500|0|14046.14|11546.14|0|0|0|0|0|0|0|MD|06||||||0|0|03/31/2026|0|0
H4MD06258|HYSER, CHRIS|C|2|REP|0|0|128203.18|0|123902.31|0|0|0|0|128203.18|0|0|0|MD|06||||||0|0|12/31/2025|0|0
H4MD06290|ROYALS, TOM|O|2|REP|0|0|4351.33|0|4351.33|0|0|0|0|0|0|0|0|MD|06||||||0|0|01/31/2025|0|0
H4MD06357|COX, DAN|O|2|REP|1029.25|0|1042.51|0|13.26|0|803.25|0|0|232.13|0|0|226|MD|06||||||0|0|09/30/2025|0|0
H6MD06279|BURNETT, CHRISTOPHER MICHAEL|C|2|REP|86989.63|0|62112.77|0|0|18006.5|2333.3|0|0|0|0|0|84656.33|MD|06||||||0|0|03/31/2026|0|0
H6MD06287|FICKER, ROBIN|C|2|REP|310292.74|0|310075.5|0|0|217.24|0|309443.4|0|0|0|309443.4|849.34|MD|06||||||0|0|03/31/2026|0|0
H6MD07020|MFUME, KWEISI|I|1|DEM|304436.9|0|205289.37|0|693925.46|793072.99|0|0|0|0|0|0|141121.02|MD|07||||||163000|0|03/31/2026|6.76|3000
H6MD07509|CONWAY, MARK STEVEN MR. JR.|C|1|DEM|138049.69|0|97517.48|0|0|40532.21|0|0|0|0|0|0|138049.69|MD|07||||||0|0|03/31/2026|400|0
H6MD07517|ANTHONY, HADLEY OPHELIA MS.|C|1|DEM|1906|0|2598.79|0|0|-692.79|0|0|0|0|0|0|1906|MD|07||||||0|0|12/31/2025|0|0
H6MD08457|RASKIN, JAMIE|I|1|DEM|5733005.67|256350|3751286.4|0|4965203.04|6946922.31|0|0|0|0|0|0|4978898.56|MD|08||||||306973.45|73.28|03/31/2026|36747.1|0
H6MD08622|LEON, STEPHEN ALAN|C|1|DEM|2599.28|0|2381.02|0|1000|1718.26|2599.28|0|0|0|0|0|0|MD|08||||||0|0|12/31/2025|0|0
H4MD08213|RILEY, CHERYL|C|2|REP|13564.97|0|9487.26|52.05|588.97|4666.68|0|0|0|0|0|0|13564.97|MD|08||||||0|0|03/31/2026|0|0
H6MD08531|SHUDOFSKY, ARYEH|O|2|REP|0|0|0|0|0|0|0|0|0|0|0|0|0|MD|08||||||0|0|03/31/2026|0|0
H6ME01280|ROBERTS, TIFFANY DANIELLE|C|1|DEM|20051.24|0|14980.51|0|0|5070.73|0|1127.68|0|0|0|1127.68|18923.41|ME|01||||||0|0|03/31/2026|0|0
H8ME01120|PINGREE, CHELLIE M|I|1|DEM|336692.22|0|328654.37|0|415678.23|423716.08|0|0|0|0|0|20000|150194.13|ME|01||||||185050|0|03/31/2026|1665|0
H4ME01160|RUSSELL, RONALD CHARLES MR.|C|2|REP|61118.94|0|56964.3|0|14221.08|18375.72|0|0|0|0|0|0|59917.91|ME|01||||||819.14|0|03/31/2026|0|0
H6ME01256|PIANTIDOSI, ANDREW|C|2|REP|0|0|0|0|0|0|0|0|0|0|0|0|0|ME|01||||||0|0|12/31/2025|0|0
H6ME01272|SMALL, ERIC|C|2|REP|12514|0|12514|0|0|0|0|0|0|0|0|0|12514|ME|01||||||0|0|03/10/2026|2250.33|0
H6ME01298|PIETROWICZ, JOSHUA JAMES|C|2|REP|4607.5|0|3963.66|0|0|643.84|1106.5|0|0|0|0|0|3501|ME|01||||||0|0|03/31/2026|0|0
H6ME02171|DUNLAP, MATT|O|1|DEM|628213.87|0|383959.27|0|0|244254.6|0|10000|0|10000|0|0|609357.24|ME|02||||||8000|0|03/31/2026|2422|0
H6ME02197|WOOD, JORDAN|O|1|DEM|5134287.9|0|4437808.03|0|0|696479.87|11323.68|250000|0|0|0|250000|4835948.23|ME|02||||||35100|0|03/31/2026|54636.6|5000
H6ME02205|LOUD, PAIGE|O|1|DEM|19346.5|0|14672.39|0|0|4674.11|9003.24|0|0|0|0|0|9843.26|ME|02||||||500|0|03/31/2026|10|0
H6ME02213|BALDACCI, JOSEPH|O|1|DEM|317059.59|0|168119.82|0|0|148939.77|6400|35500|0|0|0|35500|273967.91|ME|02||||||1050|0|03/31/2026|2031.67|0
H8ME02185|GOLDEN, JARED|I|1|DEM|2582574.96|243810.11|2246768.37|0|126729.88|462536.47|0|0|0|0|0|0|1977625.64|ME|02||||||319000|547.83|03/31/2026|690031.4|47500
H4ME02234|POLIQUIN, BRUCE|C|2|REP|0|0|18284|0|18284|0|0|0|0|0|0|0|0|ME|02||||||0|0|12/31/2025|0|0
H4ME02291|THERIAULT, AUSTIN LEO|C|2|REP|8340.01|5036.41|13770.4|0|16477.62|11047.23|0|0|0|0|0|0|3276.29|ME|02||||||0|0|03/31/2026|0|0
H6ME02148|LEPAGE, PAUL|O|2|REP|1867593.97|367791.48|532073.57|5505.39|0|1335520.4|0|0|0|0|0|0|1285222.24|ME|02||||||209480.25|5000|03/31/2026|1186.98|0
H6ME02189|CLARK, JAMES L.|O|2|REP|600|0|0|0|0|550|0|0|0|0|0|0|600|ME|02||||||0|0|03/31/2026|0|0
H0MI01211|FERGUSON, DANA|C|1|DEM|0|0|0|0|4286.95|4286.95|0|0|0|0|0|0|0|MI|01||||||0|0|03/31/2026|0|0
H4MI01155|BARR, CALLIE|C|1|DEM|360527.32|0|112145.63|0|7640.7|256022.39|0|0|0|0|0|0|338636.06|MI|01||||||19000|0|03/31/2026|300|0
H6MI01259|STILES, WAYNE|C|1|DEM|50672.63|0|46232.29|0|0|4440.34|40|10000|0|1442.99|0|8557.01|40594.54|MI|01||||||0|0|03/31/2026|37|0
H6MI01267|BLOMQUIST, KYLE|C|1|DEM|83424.22|0|67556.03|0|0|15868.19|3645.8|0|0|0|0|0|79778.42|MI|01||||||0|0|03/31/2026|175|0
H0MI01104|ALLEN, JASON EDWARD|O|2|REP|0|0|1180|0|1180|0|0|0|0|0|0|1220.66|0|MI|01||||||0|0|09/30/2025|0|0
H2MI11232|DENOTTER, MATTHEW|C|2|REP|271100|0|265642.82|0|24.01|5481.19|0|246700|0|0|0|392927.94|24400|MI|01||||||0|0|03/31/2026|0|0
H6MI01226|BERGMAN, JOHN|I|2|REP|1428566.78|503581.36|741222.16|15683.35|110949.79|798294.41|0|0|0|0|0|0|368034.89|MI|01||||||554425|0|03/31/2026|800|0
H6MI01242|MICHAL, JUSTIN|C|2|REP|40315.13|0|34829.92|0|0|5485.21|20540|0|0|0|0|0|19725.13|MI|01||||||0|0|03/31/2026|0|0
H4MI02138|LYNCH, MICHAEL|C|1|DEM|300|0|4628.97|3368.97|4328.97|0|0|0|0|0|0|0|300|MI|02||||||0|0|09/30/2025|0|0
H6MI02208|HILL, JAMIE|C|1|DEM|8672.02|0|3254.58|0|0|3439.78|0|3111.02|0|0|0|1399.86|5561|MI|02||||||0|0|03/31/2026|0|0
H6MI02216|AMBROSE, BENJAMIN|C|1|DEM|54089|0|25029.12|0|50|25096.78|0|0|0|0|0|0|53839|MI|02||||||250|0|03/31/2026|0|0
H6MI02232|CARRIZALES, RICHARD CARL JR|C|1|DEM|263|0|179.21|0|0|83.79|0|0|0|0|0|0|263|MI|02||||||0|0|01/05/2026|0|0
H0MI03266|NORTON, THOMAS JOHN|C|2|REP|0|0|5|0|409.6|404.6|0|0|0|0|0|144445.06|0|MI|02||||||0|0|12/31/2025|0|0
H4MI04126|MOOLENAAR, JOHN MR.|I|2|REP|1277150.32|0|838445.67|0|1281944.25|1720648.9|0|0|0|0|0|27637.94|773052.1|MI|02||||||459283.08|490|03/31/2026|7595|0
H0MI03316|SCHOLTEN, HILLARY|I|1|DEM|1882037.46|47109|1026922.15|0|349714.6|1204829.91|0|0|0|0|0|0|1279442.1|MI|03||||||532750|100|03/31/2026|9311.68|1000
H0MI03308|MEIJER, PETER MR.|I|2|REP|0|0|0|0|10908.74|10908.74|0|0|0|0|0|390000|0|MI|03||||||0|0|03/31/2026|0|0
H4MI03243|MARKEY, MICHAEL JAY MR. JR.|C|2|REP|0|0|3127.16|0|3127.16|0|0|0|0|0|0|469890|0|MI|03||||||0|0|03/31/2026|0|0
H4MI03250|ICKES, JASON|C|2|REP|0|0|132.75|0|132.75|0|0|0|0|0|0|0|0|MI|03||||||0|0|07/03/2025|0|0
H4MI03268|HUDSON, PAUL|C|2|REP|0|0|0|0|0|0|0|0|0|0|0|0|0|MI|03||||||0|0|03/31/2025|0|0
H6MI03198|DEBOER, TERRI|C|2|REP|242681.68|44100.37|18979.22|0|0|223702.46|0|0|0|0|0|0|196081.31|MI|03||||||2500|0|03/31/2026|0|0
H6MI03206|CUSHMAN, RYAN|C|2|REP|15201.04|0|15201.04|0|0|0|0|15201.04|0|0|0|15201.04|0|MI|03||||||0|0|03/31/2026|0|0
H0MI03126|AMASH, JUSTIN|I|3|IND|552.18|0|3500|0|3200.34|252.52|549.66|0|0|0|0|0|0|MI|03||||||0|0|03/31/2026|0|0
H4MI04159|SWARTZ, JESSICA|C|1|DEM|341422.68|0|347685.43|0|115527.36|109264.61|0|0|0|0|0|0|336629.51|MI|04||||||0|0|03/31/2026|11574.25|0
H6MI04196|HARRIS, DIOP JERMAINE MR II|C|1|DEM|95368.1|0|81849.45|2035|0|7985.48|0|1000|0|0|0|0|93663.1|MI|04||||||0|205|03/31/2026|1850|0
H6MI04204|MCCANN, SEAN|C|1|DEM|1588043.18|0|522934.26|0|0|1065108.92|0|0|0|0|0|0|1388325.72|MI|04||||||199100|0|03/31/2026|132.5|0
H0MI02094|HUIZENGA, WILLIAM P|I|2|REP|2997558.28|651949.53|1209092.51|0|109039.96|1897505.73|0|0|0|0|0|0|1141032.37|MI|04||||||1204550|0|03/31/2026|350|3500
H2MI06117|CARRA, STEPHEN|C|2|REP|7204.28|0|0|0|148024.96|155229.24|0|0|0|0|0|0|0|MI|04||||||0|0|03/31/2026|0|0
H4MI04175|MUIR, BRENDAN|C|2|REP|0|0|357.61|163.61|789.36|431.75|0|0|0|0|0|0|0|MI|04||||||0|0|04/23/2025|0|0
H4MI05164|URBAN, LIBBI DEANN MS|C|1|DEM|20|0|5440.91|0|5420.9|-.01|0|0|0|0|0|1281.87|20|MI|05||||||0|0|01/13/2026|0|0
H6MI05227|VUKASOVICH, CHRISTIAN A|C|1|DEM|14769|0|5205.34|0|1|9564.66|0|0|0|0|0|0|14769|MI|05||||||0|0|03/31/2026|0|0
H2MI06141|O'DONNELL, SHERRY ANNE DR|C|2|REP|0|0|0|0|18556.79|18556.79|0|0|0|0|0|0|0|MI|05||||||0|0|12/31/2025|0|0
H4MI07103|WALBERG, TIMOTHY L REP|I|2|REP|1438809.13|87972.64|1395521.12|12467|909451.8|952739.81|0|0|0|0|0|0|677067.17|MI|05||||||669198|0|03/31/2026|16227.71|2500
H4MI12079|DINGELL, DEBBIE|I|1|DEM|882157.29|36760.19|854646.32|35000|342922.84|370433.81|0|0|0|0|0|0|272192.48|MI|06||||||567593.25|0|03/31/2026|0|0
H4MI07210|HERTEL, CURTIS JR.|O|1|DEM|71.29|0|3739.76|0|3638.17|0|0|0|0|0|0|0|0|MI|07||||||0|0|06/30/2025|250|0
H6MI07231|RAIS, MUHAMMAD SALMAN|C|1|DEM|0|0|0|0|0|0|0|0|0|0|0|0|0|MI|07||||||0|0|03/11/2026|0|0
H6MI07256|BRINK,, BRIDGET|C|1|DEM|2251354.48|0|962108.5|0|0|1289245.98|0|20000|0|0|0|20000|2200154.36|MI|07||||||31200|0|03/31/2026|7954.1|0
H6MI07272|MAASDAM, MATTHEW|C|1|DEM|1725855.78|99077.64|789236.46|0|0|936619.32|0|0|0|0|0|15000|1597142.49|MI|07||||||29600|0|03/31/2026|21900|0
H6MI07280|COWEN, JOSH|C|1|DEM|209460.19|0|209460.19|0|0|0|0|0|0|0|0|0|199446.19|MI|07||||||10000|0|03/31/2026|29260|0
H6MI07298|LAWRENCE, WILLIAM|C|1|DEM|572331.06|0|221241.77|0|0|351089.29|2966.73|10000|0|0|0|10000|550963.11|MI|07||||||8159.14|0|03/31/2026|125|0
H2MI07123|BARRETT, THOMAS MORE|I|2|REP|5033911.52|1243885.55|2236973.13|0|22099.88|2819038.27|0|0|0|0|0|2809.06|2618496.87|MI|07||||||1153898.56|5000|03/31/2026|40622.55|7500
H4MI08218|MCDONALD RIVET, KRISTEN|I|1|DEM|4384972.17|349532.23|966935.95|0|17030.52|3435066.74|0|0|0|0|0|0|2772607.25|MI|08||||||1209328.87|3287.67|03/31/2026|7874.86|13500
H4MI08234|NEELEY, SHELDON|O|1|DEM|0|0|718.86|0|718.86|0|0|0|0|0|0|0|0|MI|08||||||0|0|07/28/2025|0|0
H0MI08133|DETMER, MIKE|C|2|REP|0|0|0|0|16661.72|16661.72|0|0|0|0|0|400|0|MI|08||||||0|0|03/31/2026|0|0
H0MI08141|JUNGE, PAUL|O|2|REP|29020.85|0|468942.46|0|439921.61|0|0|0|0|446276.98|0|0|5|MI|08||||||0|0|04/29/2026|21.69|0
H0MI13463|LEMMO, ALFRED|C|2|REP|33286|0|33286|0|0|0|0|33286|0|0|0|33286|0|MI|08||||||0|0|03/31/2026|0|0
H4MI08135|BISHOP, MIKE|I|2|REP|0|0|7187.15|5000|21694.75|14507.6|0|0|0|0|0|0|0|MI|08||||||0|0|03/31/2026|0|0
H4MI08184|BLANK, MARTIN|O|2|REP|4000|0|5165|0|1364.69|199.69|4000|0|0|0|0|0|0|MI|08||||||0|0|03/31/2026|0|0
H6MI08296|HASSAN, AMIR|C|2|REP|414718.96|0|349256.18|0|0|65462.78|3500|25000|0|15000|0|10000|347420.48|MI|08||||||38500|0|03/31/2026|0|0
H4MI08259|DRAVES, MARY F.|O|3|UNK|0|0|625|0|673.97|48.97|0|0|0|0|0|287000|0|MI|08||||||0|0|03/31/2025|0|0
H4MI09125|ST MOSLEY, CLINTON|C|1|DEM|0|0|3262.07|0|3262.07|0|0|0|0|0|0|0|0|MI|09||||||0|0|09/30/2025|0|0
H6MI09245|POOLEY, STEVEN RAYMOND|C|1|DEM|2520|0|1060|0|0|1460|0|0|0|0|0|0|2520|MI|09||||||0|0|03/31/2026|0|0
H0MI10287|MCCLAIN, LISA|I|2|REP|4291417.35|927577.24|3600465.3|12467|606857.37|1297809.42|0|0|0|325000|0|225000|2204732.07|MI|09||||||1157298|0|03/31/2026|8940|0
H6MI09237|ATWELL, DALTSON THEODORE|C|2|REP|28220.26|0|28203.57|0|0|16.69|27200|0|0|0|0|0|1020.26|MI|09||||||0|0|01/05/2026|0|0
H6MI09252|VALDEZ, FERNANDO MR JR|C|3|IND|1881.04|0|416.44|0|0|1464.6|0|0|0|0|0|0|1881.04|MI|09||||||0|0|03/31/2026|0|0
H2MI08154|JAYE, BRIAN STEVEN|O|1|DEM|909.63|0|3650.87|0|3071.33|236.6|0|0|0|0|0|0|909.63|MI|10||||||0|0|03/31/2026|0|0
H2MI10077|MARLINGA, CARL J||1|DEM|1784.1|0|16327.11|0|34619.6|20076.59|0|0|0|0|0|0|0|MI|10||||||0|0|03/31/2026|0|0
H2MI10127|ARRAF, HUWAIDA|C|1|DEM|0|0|0|0|0|0|0|0|0|0|0|0|0|MI|10||||||0|0|01/27/2025|0|0
H2MI10176|MARLINGA, CARL J.|C|1|DEM|1784.1|0|16327.11|0|34619.6|20076.59|0|0|0|0|0|0|0|MI|10||||||0|0|03/31/2026|0|0
H4MI10099|YOUNG, DIANE|C|1|DEM|0|0|2739.92|0|2739.92|0|0|0|0|1971.12|0|14028.88|0|MI|10||||||0|0|03/27/2025|0|0
H4MI10107|BUSCH, EMILY|C|1|DEM|208|0|14379.75|0|14171.75|0|0|0|0|0|0|0|0|MI|10||||||0|0|03/20/2026|3400|0
H4MI10115|TILLEY, TIFFANY|C|1|DEM|0|0|1977.58|0|1977.58|200|0|0|0|0|0|0|0|MI|10||||||0|0|01/31/2026|0|0
H6MI10268|HAWKINS, ALEXANDER|O|1|DEM|376391.17|0|376391.17|0|0|0|1130|24000|0|6873.55|0|0|351176.05|MI|10||||||0|0|09/30/2025|5199|0
H6MI10276|HINES, CHRISTINA|O|1|DEM|884232.24|0|572441.46|0|0|311790.78|0|0|0|0|0|0|838406.29|MI|10||||||45298.22|0|03/31/2026|923|0
H6MI10284|GREIMEL, TIM|O|1|DEM|1052879.65|0|418910.75|0|0|633968.9|0|7000|0|0|0|7000|967627.27|MI|10||||||60300|0|03/31/2026|11524|0
H6MI10292|CHUNG, ERIC|O|1|DEM|1465348.47|0|534839.78|0|0|930508.69|7000|0|0|0|0|0|1388457.92|MI|10||||||66800|0|03/31/2026|8410|0
H6MI10300|ADAMS, GEORGE|O|1|DEM|198121.32|0|25466.48|0|0|172654.84|0|0|0|0|0|0|198121.32|MI|10||||||0|0|06/30/2025|0|0
H2MI10150|JAMES, JOHN|I|2|REP|554399.53|287794.03|1289080.56|2365.57|734681.03|0|0|0|0|0|0|0|34760.08|MI|10||||||224500|5000|12/23/2025|105269.19|24000
H2MI11240|ESSHAKI, ERIC|C|2|REP|0|0|30950.1|0|79007.59|48057.49|0|0|0|0|0|0|0|MI|10||||||0|0|03/31/2026|0|0
H2MI13311|ELLIOTT, STEVEN|C|2|REP|47759.6|0|79284.38|0|31986.79|462.01|0|10200|0|0|0|10200|37486|MI|10||||||0|0|03/31/2026|0|0
H6MI10219|FORLINI, ANTHONY G.|O|2|REP|0|0|0|0|908.11|908.11|0|0|0|0|0|27516.02|0|MI|10||||||0|0|03/31/2026|0|0
H6MI10318|ARMITAGE, CASEY MRS.|O|2|REP|4132.36|0|4132.36|0|0|0|1487.92|346.31|0|204|0|0|2298.13|MI|10||||||0|0|04/13/2026|0|0
H6MI10326|LULGJURAJ, ROBERT|O|2|REP|1217164.23|0|394750.6|0|0|822413.63|5670.91|0|0|0|0|0|1205593.32|MI|10||||||5400|500|03/31/2026|9000|0
H6MI10334|KIRK, JUSTIN|O|2|REP|411193.69|23777.23|64595.19|0|0|346598.5|0|299100|0|0|0|299100|88316.46|MI|10||||||0|0|03/31/2026|0|0
H6MI10359|BOUCHARD, MICHAEL|O|2|REP|977299.08|0|129902.03|0|0|847397.05|0|0|0|0|0|0|941299.08|MI|10||||||36000|0|03/31/2026|12322.44|0
H4MI11121|GHANIM, AHMED|C|1|DEM|1755.06|0|721.82|0|21531.09|22564.33|1107.75|0|0|0|0|0|100|MI|11||||||0|0|03/31/2026|0|0
H6MI11191|MOSS, JEREMY|O|1|DEM|982276.58|0|410304.21|3550|0|571972.37|7000|0|0|0|0|0|874826.58|MI|11||||||100450|0|03/31/2026|2111.5|400
H6MI11225|FAROOQI, AISHA|O|1|DEM|269155.57|0|218240.29|0|0|50915.28|0|0|0|0|0|0|266655.57|MI|11||||||2000|0|03/31/2026|4645|0
H6MI11241|UFFORD, DON|O|1|DEM|671741.94|0|324682.31|0|0|347059.63|7000|0|0|0|0|0|664712.93|MI|11||||||0|0|03/31/2026|4077.59|0
H6MI11258|BAKER, STU|O|1|DEM|7165.17|0|6751.75|0|1933.22|2346.64|0|0|0|0|0|0|7165.17|MI|11||||||0|0|03/31/2026|0|0
H6MI11274|TORRES, JOHN PAUL|O|1|DEM|127179.99|0|84321.85|0|0|42858.14|3106.63|55928.84|0|2400|0|53528.84|68044.52|MI|11||||||100|0|03/31/2026|0|0
H8MI09118|LEVIN, ANDY|I|1|DEM|534.24|0|3865|0|10945.83|7615.07|0|0|0|0|0|0|0|MI|11||||||0|0|03/31/2026|0|0
H8MI11254|STEVENS, HALEY|I|1|DEM|1563641.25|0|2317187.2|1244042.89|753735.56|189.61|0|0|0|0|0|89.87|808903.75|MI|11||||||492000|0|03/31/2026|39718.33|36500
H0MI11145|GRECO, CARMELITA|C|2|REP|0|0|10|0|1191.47|1181.47|0|0|0|0|0|413300|0|MI|11||||||0|0|03/31/2026|0|0
H4MI11113|SOMBERG, NICHOLAS MR|C|2|REP|0|0|0|0|0|0|0|0|0|0|0|0|0|MI|11||||||0|0|01/29/2025|0|0
H6MI11209|STEGER, MIKE|O|2|REP|28616.38|0|13296.56|0|0|15319.82|13.13|0|0|0|0|0|28125.68|MI|11||||||0|0|03/31/2026|41.98|0
H6MI11217|PAESANO, ANTHONY MEDIA|O|2|REP|0|0|0|0|0|0|0|0|0|0|0|0|0|MI|11||||||0|0|12/31/2025|0|0
H4MI10131|KUMAR, ANIL DR.|O|3|UN|666376|0|185968.63|0|1661.01|482068.38|125|620000|0|0|0|785805.55|46251|MI|11||||||0|0|03/31/2026|0|0
H8MI13250|TLAIB, RASHIDA|I|1|DEM|2274981.87|314748.05|1864791.09|0|4263554.98|4673745.76|0|0|0|0|0|0|1918318.86|MI|12||||||29100.01|0|03/31/2026|18706.17|0
H2MI12198|HOOPER, JAMES D||2|REP|0|0|391.04|0|9016.9|8625.86|0|0|0|0|0|532.86|0|MI|12||||||0|0|03/31/2026|0|0
H2MI13204|THANEDAR, SHRI|I|1|DEM|-1618913.64|0|242793.02|0|6904567.7|5042861.04|0|0|0|0|0|11470000|154673.6|MI|13||||||57000|0|03/31/2026|277|0
H2MI13246|HOLLIER, ADAM|C|1|DEM|296148.1|0|494321.42|0|198173.32|0|0|0|0|0|0|0|287648.1|MI|13||||||8500|0|03/31/2026|-14800|0
H4MI13259|HAWKINS, SHAKIRA|C|1|DEM|0|0|0|0|-539.65|-539.65|0|0|0|0|0|31018.98|0|MI|13||||||0|0|03/31/2025|0|0
H6MI01028|CONYERS, JOHN JR.|I|1|DEM|0|0|315|0|3975.78|3660.78|0|0|0|0|0|21242.8|0|MI|13||||||0|0|03/31/2026|0|0
H6MI13254|MCKINNEY, DONAVAN|C|1|DEM|1001640.33|76287.5|542968.69|0|0|458671.64|0|0|0|0|0|0|857154.67|MI|13||||||67882.72|0|03/31/2026|5559.3|23.75
H6MI13296|HASSAN, NAZMUL|C|1|DEM|7745.88|0|7745.88|451.84|0|0|4526.88|0|0|0|0|0|3219|MI|13||||||0|0|01/31/2026|250|0
H8MI13185|WATERS, MARY|C|1|DEM|0|0|1127.34|0|1153.64|26.3|0|0|0|0|0|305|0|MI|13||||||0|0|03/31/2025|0|0
H8MI13243|JONES, BRENDA|C|1|DEM|1000|0|1093|0|438.55|345.55|0|0|0|0|0|21087.86|1000|MI|13||||||0|0|03/31/2026|0|0
H2MI13360|BIVINGS, MARTELL DE'ANGELO|C|2|REP|.01|0|486.9|0|15426.91|14940.02|0|0|0|0|0|0|0|MI|13||||||0|0|03/31/2026|0|0
H4MI14166|MORTON, MAURICE GERARD|C|3|IND|110339|0|45576.76|0|0|64762.24|0|45000|0|0|0|45000|65339|MI|13||||||0|0|03/31/2026|0|0
H2MI14111|LAWRENCE, BRENDA LULENAR|I|1|DEM|4420.47|0|89198.51|0|705902.44|621124.4|0|0|0|0|0|0|0|MI|14||||||0|0|03/31/2026|0|5000
H8MI09068|PETERS, GARY|C|1|DEM|201476.25|6170.41|786015.06|0|7128329.47|6543790.66|0|0|0|0|0|0|18622.32|MI|14||||||9500|0|03/31/2026|368518.94|234600
H2MN01223|FINSTAD, BRAD|I|2|REP|1372246.6|145306.41|599941.5|0|61409.23|833714.33|0|0|0|0|0|0|600940.18|MN|01||||||626000|0|03/31/2026|6525|0
H4MN01179|BOHMAN, RACHEL|C|3|DFL|0|0|19245.53|0|19245.53|0|0|0|0|0|0|0|0|MN|01||||||0|0|03/24/2025|0|0
H6MN01190|JOHNSON, JACOB|C|3|DFL|1221946.22|9000|650790.75|0|0|571155.47|5371.8|0|0|0|0|0|1147637.09|MN|01||||||58500|0|03/31/2026|1481|0
H6MN01208|SMITH, ANDY|C|3|DFL|0|0|0|0|0|0|0|0|0|0|0|0|0|MN|01||||||0|0|05/08/2025|0|0
H6MN02131|CRAIG, ANGELA DAWN|I|1|DEM|1402823.75|1201.69|1426426.16|595995.47|23602.41|0|0|0|0|373000|0|0|877178.76|MN|02||||||493240|1032.67|03/31/2026|22577.33|32000
H6MN02248|KLEIN, MATTHEW DAVID|O|1|DEM|699672.75|15799.81|365409.96|0|0|334262.79|605|0|0|0|0|0|608351.05|MN|02||||||72250|0|03/31/2026|1535.25|0
H4MN02177|TEIRAB, JOE|C|2|REP|11297.81|2889.81|18902.19|0|19684.89|12080.51|0|0|0|0|0|0|0|MN|02||||||0|0|03/31/2026|2786.05|0
H6MN02255|KISTNER, TYLER|O|2|REP|415618.94|79104.74|388096.29|0|0|27522.65|0|0|0|0|0|0|313748.48|MN|02||||||20311|0|03/31/2026|1790.04|0
H6MN02263|PRATT, ERIC|O|2|REP|259426.48|0|119734.89|0|0|139691.59|0|105000|0|0|0|105000|151926.48|MN|02||||||2500|0|03/31/2026|300|0
H6MN03162|WESTBY, JEREMY|C|2|REP|30554.06|0|580.56|0|0|29973.5|0|7276.35|0|0|0|7276.35|22277.71|MN|02||||||1000|0|03/31/2026|0|0
H6MN02222|STEFANKO, MICHAEL|O|3|DFL|935.91|0|935.91|0|0|0|935.91|0|0|0|0|0|0|MN|02||||||0|0|05/16/2025|0|0
H6MN02230|LITTLE, MATT|O|3|DFL|716806.8|0|418218.88|0|0|299089.9|7000|155000|0|24000|0|131000|551806.8|MN|02||||||3000|0|03/31/2026|327|0
H6MN02271|BERG, KAELA JO|O|3|DFL|244954.35|0|190213.02|0|0|54741.33|500|0|0|0|0|0|170387.47|MN|02||||||74066.81|0|03/31/2026|20|0
H6MN02297|MCTAVISH, HUGH|O|3|DFL|53000|0|39718.83|0|0|13281.17|0|10500|0|0|0|10500|42500|MN|02||||||0|0|03/31/2026|0|0
H0MN03124|QUALLS, KENDALL|C|2|REP|0|0|11261.67|0|11261.67|0|0|0|0|0|0|0|0|MN|03||||||0|0|02/14/2025|0|0
H0MN06051|JUDE, TAD|C|2|REP|0|0|7165.91|0|7165.91|0|0|0|0|5533.17|0|0|0|MN|03||||||0|0|01/24/2025|0|0
H2MN03104|WEILER, TOM|C|2|REP|105397.12|0|56432.5|0|1760.68|50725.3|15619.12|53070|0|0|0|112570|36708|MN|03||||||0|0|03/31/2026|0|0
H2MN03112|SCHWARZE, ADAM NOEL|C|2|REP|0|0|0|0|4644.04|4644.04|0|0|0|0|0|11080|0|MN|03||||||0|0|03/31/2026|0|0
H4MN03159|JUDE, TAD|O|2|REP|0|0|7165.91|0|7165.91|0|0|0|0|5533.17|0|0|0|MN|03||||||0|0|01/24/2025|0|0
H4MN03118|MORRISON, KELLY LOUISE|I|3|DFL|1019600.92|0|707238.86|0|25388.55|337750.61|7000|0|0|0|0|0|858635.98|MN|03||||||152750|0|03/31/2026|17869|0
H8MN03143|PHILLIPS, DEAN|I|3|DFL|0|0|350.36|0|350.36|0|0|0|0|0|0|0|0|MN|03||||||0|0|12/31/2025|0|0
H0MN04049|MCCOLLUM, BETTY|I|1|DEM|1044714.6|0|930092.47|0|554918.77|669540.9|0|0|0|0|0|0|669345.85|MN|04||||||372300|1000|03/31/2026|7850|0
H6MN04301|XIONG, PAUL|C|2|REP|13580|0|3063.68|0|0|10516.32|10|0|0|0|0|0|13570|MN|04||||||0|0|03/31/2026|0|0
H6MN05365|REEVES, LATONYA T|C|1|DEM|31095.54|0|29931.45|0|0|1444.09|500|0|0|0|0|13776.6|30595.54|MN|05||||||0|0|03/31/2026|0|0
H0MN05251|AL-AQIDI, DALIA|C|2|REP|965736.11|0|971287.04|0|38918.88|33367.95|0|0|0|0|0|0|958230.45|MN|05||||||0|0|03/31/2026|10384.21|0
H2MN05190|WHITE, ROYCE ALEXANDER MR|C|2|REP|0|0|0|0|0|0|0|0|0|0|0|0|0|MN|05||||||0|0|03/31/2025|0|0
H4MN05113|AL-AQIDI, DALIA|C|2|REP|965736.11|0|971287.04|0|38918.88|33367.95|0|0|0|0|0|0|958230.45|MN|05||||||0|0|03/31/2026|10384.21|0
H6MN05357|NAGEL, JOHN|C|2|REP|388296.24|0|301575.45|0|0|86720.79|0|0|0|0|0|0|388032.94|MN|05||||||263.3|0|03/31/2026|256.24|0
H2MN05208|SAMUELS, DON MR.|C|3|DFL|0|0|19963.71|0|19963.71|0|0|0|0|0|0|0|0|MN|05||||||0|0|04/15/2025|0|0
H8MN05239|OMAR, ILHAN|I|3|DFL|5090952.62|137110.55|3842103.46|0|324220.63|1573069.79|0|0|0|0|0|0|4891533.14|MN|05||||||49828.5|0|03/31/2026|30273.07|0
H4MN06087|EMMER, THOMAS EARL JR.|I|2|REP|8309786.33|4329927.41|5409563.77|0|1688451.83|4588674.39|0|0|0|0|0|0|2160874.45|MN|06||||||1811251|0|03/31/2026|16280.62|1000
H6MN06074|BACHMANN, MICHELE|C|2|REP|185.89|0|77125.01|0|1156412.6|1079473.48|0|0|0|0|0|1914.4|0|MN|06||||||0|0|03/31/2026|0|0
H6MN06223|FOLEY, MICHAEL|C|2|REP|11102.06|0|4519.25|0|0|6582.81|2049.54|0|0|0|0|0|8696.27|MN|06||||||0|0|03/31/2026|0|0
H6MN06215|CHAPIN, DOUG|C|3|DFL|239012.98|0|142547.45|0|0|96465.53|23350.63|50000|0|0|0|50000|162405.48|MN|06||||||3189.72|0|03/31/2026|61|0
H6MN06231|AMBERSON, ANSON|C|3|DFL|939.87|0|167.63|0|10|782.24|0|0|0|0|0|500|925|MN|06||||||0|0|03/31/2026|0|0
H4MN07093|PETERS, ALVIN JOHN 3205946498|C|1|DEM|0|0|861.1|0|0|-861.1|0|0|0|0|0|10099.5|0|MN|07||||||0|0|02/16/2025|0|0
H0MN07091|FISCHBACH, MICHELLE|I|2|REP|987632.77|53721.6|591815.92|0|411080.51|806897.36|0|0|0|0|0|0|387612.58|MN|07||||||535299|0|03/31/2026|1837.11|0
H2MN07147|WATSON, ANNETTE|C|2|REP|0|0|0|0|143.53|143.53|0|0|0|0|0|0|0|MN|07||||||0|0|09/30/2025|0|0
H4MN07085|BOYD, STEPHEN|C|2|REP|180|0|168.25|0|8.38|20.13|0|0|0|0|0|21622|155|MN|07||||||0|0|03/31/2026|0|0
H6MN07346|HUGHES, DAVE|C|2|REP|23051|0|5756.94|0|0|17294.06|3500|0|0|0|0|0|19551|MN|07||||||0|0|03/31/2026|0|0
H6MN07312|OSBERG, ERIK|C|3|DFL|212306.28|0|116641.68|0|0|95664.6|15763.74|0|0|0|0|0|196542.35|MN|07||||||0|0|03/31/2026|525|0
H6MN07338|KEELER, HEATHER|C|3|DFL|50141.54|0|38733.64|0|0|11407.9|2225.53|0|0|0|0|0|42916.01|MN|07||||||5000|0|03/31/2026|0|0
H8MN08043|STAUBER, PETER ALLEN|I|2|REP|1469532.42|60386.31|991440.35|0|528493.55|1006585.62|0|0|0|0|0|0|666311.41|MN|08||||||708209.59|0|03/31/2026|4655.56|7166.27
H6MN08120|ANASTOS, EMANUEL|C|3|DFL|5015|0|3796.72|0|0|1218.28|0|0|0|0|0|0|5015|MN|08||||||0|0|03/31/2026|0|0
H6MN08138|CRAMER, CYLE|C|3|DFL|4515|0|3944.98|0|2916.22|1716.67|0|0|0|0|0|0|4515|MN|08||||||0|0|03/31/2026|0|0
H6MN08161|MCKENNA, CHAD|C|3|DFL|27295|0|25034.83|0|0|2260.17|0|0|0|0|0|0|27295|MN|08||||||0|0|03/31/2026|9350|0
H6MN08179|SWANSON, TRINA|C|3|DFL|52226|0|33353.46|0|0|18872.54|0|0|0|0|0|0|47226|MN|08||||||5000|0|03/31/2026|0|0
H8MN08068|RADINOVICH, JOSEPH|O|3|DFL|0|0|0|0|2411.23|2411.23|0|0|0|0|0|9900|0|MN|08||||||0|0|03/31/2026|0|0
H4MO01134|BELL, WESLEY|I|1|DEM|1903759.36|11500|1100409.21|0|433920.89|1237271.04|0|0|0|0|0|0|1459892.1|MO|01||||||426795.67|0|03/31/2026|4647.09|0
H6MO01253|CHAPPELLE-NADAL, MARIA MS.|C|1|DEM|0|0|75|0|910.42|835.42|0|0|0|0|0|14214.95|0|MO|01||||||0|0|03/31/2026|0|0
H8MO01143|BUSH, CORI|C|1|DEM|844852.38|0|713151.11|0|22333.49|120747.43|0|0|0|0|0|13374.55|821755.55|MO|01||||||10000|0|03/31/2026|25|0
H4MO01167|ASHBY, STEPHAN BLAKE|C|3|OTH|0|0|0|0|32846.83|32846.83|0|0|0|0|0|63833.16|0|MO|01||||||0|0|03/31/2025|0|0
H2MO02193|SAMUELS, E. BENJAMIN|C|1|DEM|36046.29|0|13266.42|0|414136.39|436916.26|236.73|0|0|0|0|0|0|MO|02||||||0|0|03/31/2026|0|0
H4MO02082|HARTMANN, RAY|C|1|DEM|1754|0|33543.2|0|31789.2|0|0|0|0|0|0|0|0|MO|02||||||0|0|01/06/2026|0|0
H4MO02090|SUMMERS, CHARLES DAVID MR.|C|1|DEM|16948|0|10718.7|0|0|73.24|0|12750|0|0|0|0|3948|MO|02||||||250|0|04/12/2026|0|0
H6MO02327|BILASH, TIM D|C|1|DEM|3562|0|3733.39|0|469.67|129.16|2410|470|0|0|0|0|72|MO|02||||||0|0|03/31/2026|0|0
H6MO02343|WELLMAN, FREDERICK PAUL|C|1|DEM|808789.56|0|562187.07|0|0|246602.49|409.64|0|0|0|0|0|779563.71|MO|02||||||28750|0|03/31/2026|5082|1000
H6MO02350|VIVIO, NICHOLAS|C|1|DEM|133080.84|0|111962.64|0|0|21118.2|16047.86|0|0|0|0|825|117032.98|MO|02||||||0|0|03/31/2026|1000|0
H6MO02368|VONDRAS, JOAN|C|1|DEM|321990.37|0|96247.61|0|0|225742.76|0|260000|0|0|0|260000|59907|MO|02||||||0|0|03/31/2026|1000|0
H2MO02102|WAGNER, ANN L.|I|2|REP|2885548.21|158498.04|1476952.68|40|3111229.4|4519824.93|0|0|0|0|0|0|1658312.56|MO|02||||||969639.36|0|03/31/2026|40291.28|5500
H6MO02335|SHERIDAN, RYAN|C|2|REP|120290.23|0|120290.23|0|0|0|59869.6|0|0|0|0|0|60420.63|MO|02||||||0|0|12/31/2025|0|0
H2MO03167|MANN, BETHANY|C|1|DEM|22364.77|0|23173.13|0|4427.34|3618.98|0|0|0|0|0|0|22239.76|MO|03||||||125|0|03/31/2026|0|0
H6MO03382|WILSON, PAUL|C|1|DEM|3722.09|0|3196.41|0|850.68|1376.36|2600|0|0|0|0|0|1122.09|MO|03||||||0|0|03/31/2026|0|0
H4MO03221|ONDER, ROBERT FOR JR.|I|2|REP|656775.41|51500|439795.37|37342|150444.14|367424.18|0|0|0|6000|0|894000|339748.09|MO|03||||||255500|0|03/31/2026|1745.01|2500
H4MO03239|SCHAEFER, KURT|O|2|REP|0|0|16769.1|0|16769.1|0|0|0|0|0|0|0|0|MO|03||||||0|0|01/31/2025|0|0
H4MO03247|HICKS, JUSTIN|O|2|REP|0|0|0|0|32319.7|32319.7|0|0|0|0|0|4053.08|0|MO|03||||||0|0|03/31/2026|0|0
H8MO09146|ONDER JR, ROBERT FRANK|C|2|REP|656775.41|51500|439795.37|37342|150444.14|367424.18|0|0|0|6000|0|894000|339748.09|MO|03||||||255500|0|03/31/2026|1745.01|2500
H8MO09153|LUETKEMEYER, W BLAINE|I|2|REP|43184.6|0|60428.14|0|470786.07|453542.53|0|0|0|0|0|0|0|MO|03||||||0|0|03/31/2026|16623.11|28500
H6MO04240|DANA, RICKY MR|C|1|DEM|577.92|0|577.92|268.69|0|0|50|0|0|0|0|0|492.05|MO|04||||||0|0|02/25/2026|10|0
H6MO04257|PROVINCE, DANNY PAUL MR.|C|1|DEM|22145|0|20573.59|0|0|2691.41|21000|0|0|0|0|0|1145|MO|04||||||0|0|03/31/2026|0|0
H6MO05247|GRAY, HARTZELL|C|1|DEM|167961.26|0|140630.83|0|0|27330.43|0|0|0|0|0|5142.75|166958.98|MO|04||||||1000|0|03/31/2026|835|0
H6MO05254|HERRERA, JORDAN|C|1|DEM|36260.12|268.69|22296.65|0|0|4272.16|8557.62|0|0|0|0|0|27433.81|MO|04||||||0|0|03/31/2026|0|0
H2MO04207|ALFORD, MARK|I|2|REP|1105826.7|50139.85|581581.52|0|217408.3|742113.48|0|0|0|0|0|0|615125.94|MO|04||||||440560.91|0|03/31/2026|0|0
H4MO04187|CASS, JEANETTE|C|3|MO|12215.1|0|13633.07|456.11|-1466.44|-192.32|0|0|0|0|0|0|12055.1|MO|04||||||100|60|03/31/2026|0|0
H4MO05234|CLEAVER, EMANUEL II|I|1|DEM|890849.09|0|767494.75|0|889626.82|1012981.16|0|0|0|0|0|0|288443.17|MO|05||||||602391.11|0|03/31/2026|0|0
H2MO04199|BRATTIN, RICHARD RAY JR.||2|REP|113972|0|2466.66|0|0|111505.34|0|0|0|0|0|0|104972|MO|05||||||9000|0|03/31/2026|0|0
H2MO05378|BARHAM, JERRY|C|2|REP|0|0|0|0|0|0|0|0|0|0|0|114092|0|MO|05||||||0|0|03/31/2026|0|0
H4MO05366|SMITH, SEAN|C|2|REP|234435|0|206771.17|0|1995|29658.83|0|230000|0|200945.05|0|30000|4435|MO|05||||||0|0|03/31/2026|4435|0
H6MO05189|TURK, JACOB|C|2|REP|0|0|354.58|0|354.58|0|0|0|0|0|0|0|0|MO|05||||||0|0|03/31/2025|0|0
H6MO05270|HUEFFMEIER, BRETT|C|2|REP|195028.39|501.6|59389.95|0|0|135638.44|19207.79|175020|0|0|0|175020|299|MO|05||||||0|0|03/31/2026|0|0
H6MO05296|SMITH, SEAN|C|2|REP|234435|0|204776.17|0|0|29658.83|0|230000|0|200000|0|30000|4435|MO|05||||||0|0|03/31/2026|4435|0
H6MO05304|PATTY, BRADLEY M|C|2|REP|2735.1|0|107.74|0|0|2627.36|0|0|0|0|0|5023|2735.1|MO|05||||||0|0|03/31/2026|0|0
H6MO05312|BURKS, TAYLOR|C|2|REP|1044144.19|0|1863.18|0|0|1042281.01|100000|900000|0|0|0|900000|39144.19|MO|05||||||5000|0|03/31/2026|0|0
H2MO06194|HARRIS, RONALD WILLIAM|C|1|DEM|100|0|126|0|30.22|4.22|0|100|0|0|0|9520.02|0|MO|06||||||0|0|03/06/2026|0|0
H4MO06109|RICHARDSON, ERIK|C|1|DEM|0|0|90|0|5606.36|5516.36|0|0|0|0|0|0|0|MO|06||||||0|0|12/31/2025|0|0
H4MO06125|MAY, PAM|C|1|DEM|0|0|557.64|0|557.64|0|0|0|0|0|0|0|0|MO|06||||||0|0|01/07/2025|0|0
H6MO06260|SMEAD, JOSH|O|1|DEM|46046.78|0|28270.46|0|0|17776.32|6157.46|0|0|0|0|0|39889.32|MO|06||||||0|0|03/31/2026|0|0
H6MO06278|LEVINE, MATTHEW|O|1|DEM|39484.28|0|38898.72|0|0|585.56|3635.41|0|0|0|0|0|35848.87|MO|06||||||0|0|03/31/2026|0|0
H0MO06073|GRAVES, SAMUEL B. JR.|I|2|REP|1763326.93|218334.29|881600.72|0|2413988.07|3295714.28|0|0|0|0|0|56784.43|401049.73|MO|06||||||1068743.59|0|03/31/2026|50|5000
H2MO06236|SHULTZ, DAKOTA|C|2|REP|0|0|1100|0|1234.99|134.99|0|0|0|0|0|0|0|MO|06||||||0|0|03/31/2026|0|0
H6MO06294|WILLETT, NATHAN|O|2|REP|1.04|0|0|0|0|1.04|0|0|0|0|0|0|1.04|MO|06||||||0|0|03/31/2026|0|0
H4MO07156|HESKETH, MISSI|C|1|DEM|30302.88|0|14991.63|0|5137.79|20449.04|0|0|0|0|0|0|26802.88|MO|07||||||1250|2250|03/31/2026|0|0
H2MO07143|BURLISON, ERIC|I|2|REP|1111828.62|20330|855278.88|0|601387.57|857937.31|0|0|0|0|0|0|880207.75|MO|07||||||191500|0|03/31/2026|6655.41|0
H6MO07318|HUNT, GRAYSON|C|2|REP|7748.75|0|7748.75|0|0|0|0|7748.75|0|0|0|7748.75|0|MO|07||||||0|0|03/31/2026|0|0
H2MO08091|MCCALLIAN, RANDI MCCALLIAN|C|1|DEM|0|0|145.84|106.73|145.84|0|0|0|0|0|0|0|0|MO|08||||||0|0|01/31/2025|0|0
H4MO08238|ROTH, FRANKLIN DELANO II|C|1|DEM|0|0|860.51|0|50.03|-810.48|0|0|0|860.51|0|4998.59|0|MO|08||||||0|0|12/22/2025|0|0
H6MO08183|REICHARD, CHRISTOPHER|C|1|DEM|2252.68|0|991.27|0|0|1261.41|0|109.27|0|0|0|479.86|2143.41|MO|08||||||0|0|03/31/2026|0|0
H6MO08191|BARNITZ, FRANK A|C|1|DEM|35414|0|7351.59|0|0|28062.41|100|0|0|0|0|0|25309|MO|08||||||10000|0|03/31/2026|0|0
H6MO08209|HARBISON, CLAYTON CHRISTOPHER|C|1|DEM|3682.53|0|1685.97|0|0|1996.56|0|0|0|0|0|0|3682.53|MO|08||||||0|0|03/31/2026|0|0
H4MO08162|SMITH, JASON T|I|2|REP|4460550.3|844861.61|2593542.85|10000|3017143.96|4884151.41|0|0|0|0|0|0|1299407.13|MO|08||||||2287325|0|03/31/2026|11000|4500
H8MP00041|SABLAN, GREGORIO KILILI CAMACHO REP.|I|1|DEM|0|0|5829.78|0|5829.78|0|0|0|0|0|0|0|0|MP|00||||||0|0|09/30/2025|0|0
H4MP01048|PROPST, EDWIN KENNETH|C|1|DEM|0|0|0|0|8539.03|8539.03|0|0|0|0|0|0|0|MP|01||||||0|0|12/31/2025|0|0
H4MP01022|KING-HINDS, KIMBERLYN KAY|I|2|REP|47933.98|0|31790.35|0|7469.1|23612.73|0|0|0|0|0|0|17595.15|MP|01||||||30254.75|0|03/31/2026|500|0
H6MS01305|BUCK, KELVIN ONEAL MR|C|1|DEM|36245|0|37700.05|0|0|-1455.05|0|6000|10000|0|0|16000|20245|MS|01||||||0|0|03/31/2026|10000|0
H6MS01313|JOHNSON, CLIFF|C|1|DEM|371884.8|0|306466.42|0|0|65418.38|10500|0|0|0|0|0|358884.8|MS|01||||||2500|0|03/31/2026|4700|0
H6MS01131|KELLY, JOHN TRENT|I|2|REP|869488.95|0|651579.68|40000|608858.53|826767.8|0|0|0|0|0|0|438370.05|MS|01||||||431106.39|0|03/31/2026|1000|0
H4MS02068|THOMPSON, BENNIE G.|I|1|DEM|608726.08|0|819626.12|0|1626164.23|1415264.19|0|0|0|0|0|0|150222.67|MS|02||||||452744.37|4500|03/31/2026|1000|0
H6MS02220|TURNAGE, EVAN|C|1|DEM|462092.51|0|461473.51|0|0|619|0|316000|0|0|0|316000|143649.51|MS|02||||||0|0|03/31/2026|5|0
H2MS02203|ELLER, RON|C|2|REP|31985.37|0|30938.72|0|36729.1|37775.75|411.93|2500|0|0|0|2500|28923.44|MS|02||||||150|0|03/31/2026|0|0
H6MS02238|WILSON, KEVIN|C|2|REP|205676.81|0|82178.99|0|0|-26502.18|0|0|200000|0|0|200000|5676.81|MS|02||||||0|0|03/31/2026|0|0
H2MS03136|YOUNG, SHUWASKI|C|1|DEM|0|0|0|0|467.75|467.75|0|0|0|0|0|36566.73|0|MS|03||||||0|0|03/31/2025|0|0
H6MS03228|CHIARADIO, MICHAEL ALEXIS|C|1|DEM|100998.47|0|84792.03|0|-157.15|16206.24|327|0|0|0|0|0|99871.47|MS|03||||||0|800|03/31/2026|10|0
H8MS03125|GUEST, MICHAEL PATRICK|I|2|REP|762781.06|0|332196.9|0|511345.44|941929.6|0|0|0|0|0|0|421331.39|MS|03||||||340500|0|03/31/2026|1000|0
H6MS03210|MCINNISH, SHAUN|C|3|LIB|0|0|0|0|0|0|0|0|0|0|0|0|0|MS|03||||||0|0|10/12/2025|0|0
H6MS04242|HULUM, JEFFREY III|C|1|DEM|9695.36|0|1711.6|0|1201.31|9185.07|0|0|0|0|0|0|9595.36|MS|04||||||0|0|03/31/2026|0|0
H0MS04120|PALAZZO, STEVEN MCCARTY|I|2|REP|16500|0|16488.74|0|-11.26|0|16500|0|0|0|0|0|0|MS|04||||||0|0|06/30/2025|0|0
H2MS04258|EZELL, WALTER MICHAEL|I|2|REP|889082.68|47625.12|908970.29|0|151465.05|131577.44|0|0|0|0|0|0|435005.47|MS|04||||||405000|0|03/31/2026|5200|2200
H2MS04266|BROOKS, RAYMOND N|C|2|REP|700|0|1500|0|800|0|700|0|0|0|0|0|0|MS|04||||||0|0|09/30/2025|0|0
H2MS04274|WAGNER, CLAY|C|2|REP|0|0|0|0|0|0|0|0|0|0|0|292415.28|0|MS|04||||||0|0|03/31/2026|0|0
H2MS04308|WIGGINS, CHRISTOPHER BRICE|C|2|REP|0|0|0|0|4778.29|4778.29|0|0|0|0|0|35067.95|0|MS|04||||||0|0|03/31/2026|0|0
H6MS04226|MILLS, RALPH JOHN III|C|2|REP|14162|0|15191.09|0|2057.94|1028.85|0|12500|0|362.23|0|105175.76|1662|MS|04||||||0|0|03/31/2026|0|0
H6MS04259|CARL, BOYANTON LESTER|C|3|IND|5076.35|0|421.98|0|0|4654.37|5076.35|0|0|0|0|0|0|MS|04||||||0|0|03/31/2026|0|0
H8MT01232|WILLIAMS, KATHLEEN|O|1|DEM|1991.65|0|82324.44|0|161081.5|80748.71|0|0|0|0|0|0|0|MT|00||||||0|0|03/31/2026|0|0
H2MT01060|DAINES, STEVEN|C|2|REP|4709051.07|1753510.23|2192226.74|0|1758242.92|4275067.25|0|0|0|0|0|44813.08|1383655.38|MT|00||||||1352050|62000|03/31/2026|9233.33|17300
H0MT00116|RAINS, MATTHEW||1|DEM|215339.45|0|108209.77|0|0|107129.68|0|0|0|0|0|42942.22|215339.45|MT|01||||||0|0|03/31/2026|95.57|0
H2MT02092|TRANEL, MONICA|C|1|DEM|36193.44|0|66488.53|0|30295.09|0|0|0|0|0|0|0|0|MT|01||||||0|0|04/03/2025|-200|0
H6MT01103|CLEVELAND, RUSSELL TYLER|O|1|DEM|325863.85|0|260761.57|0|0|65102.28|105.15|0|0|0|0|20029.55|325206.76|MT|01||||||250|300|03/31/2026|573|250
H6MT01137|FORSTAG, SAMUEL KELLEY|O|1|DEM|449612.13|9000|237069.76|0|0|212542.37|0|0|0|0|0|0|395320.34|MT|01||||||45050|0|03/31/2026|1020|0
H6MT01145|BUSSE, RYAN|O|1|DEM|530043.18|0|161897.79|0|0|368145.39|0|0|0|0|0|0|518643.18|MT|01||||||10250|100|03/31/2026|225|0
H2MT02084|OLSZEWSKI, ALBERT||2|REP|282406.59|0|10233.72|0|9949.07|282121.94|7000|100000|0|0|0|415000|165406.59|MT|01||||||10000|0|03/31/2026|0|9715.17
H6MT01152|FLINT, AARON|O|2|REP|453652.78|30991.06|24253.33|0|0|429399.45|0|0|0|0|0|0|278161.71|MT|01||||||144500|0|03/31/2026|0|0
H6MT01160|JACOBSEN, CHRISTI|O|2|REP|260061|0|6673.61|0|0|253387.39|0|115000|0|0|0|368982.12|134561|MT|01||||||10500|0|03/31/2026|5000|0
H2MT01094|BALLARD, JACK|C|1|DEM|0|0|0|0|9.04|9.04|0|0|0|0|0|4520|0|MT|02||||||0|0|03/31/2026|0|0
H4MT02155|NEILL, REILLY|C|1|DEM|5584|0|11927.36|0|6363.38|20.02|4050|0|0|0|0|0|1534|MT|02||||||0|0|01/30/2025|0|0
H6MT02143|LUX, SAM|C|1|DEM|8255.17|0|7577.94|0|176.95|854.18|5115.17|0|0|0|0|0|3140|MT|02||||||0|0|03/31/2026|140|0
H6MT02150|MILLER, BRIAN JAMES|C|1|DEM|15220.25|0|9389.55|0|495|1820.79|4821.64|0|0|0|0|0|10396.64|MT|02||||||0|0|03/31/2026|0|0
H2MT02175|AUSTIN, KYLE|O|2|REP|262094.97|486.51|226081.96|0|550|36013.01|261081.96|0|0|0|0|0|526.5|MT|02||||||0|0|03/31/2026|0|0
H4MT00050|ROSENDALE, MATT MR.|I|2|REP|920.41|0|810043.39|0|920092.8|110969.82|0|0|0|750000|0|123500.7|0|MT|02||||||0|0|03/31/2026|0|0
H4MT02098|DOWNING, TROY|I|2|REP|1633759.13|150874.71|1299370.16|0|111530.5|445919.47|0|0|0|0|0|2021752.09|948107.23|MT|02||||||527777.55|0|03/31/2026|3749.65|1000
H8MT01190|WALKER, EDWARD ALAN|O|2|REP|0|0|4467.88|0|4467.88|0|0|0|0|0|0|0|0|MT|02||||||0|0|01/23/2026|4457.88|0
H6MT02168|EISENHAUER, MICHAEL D. DR.|C|3|IND|208448.87|0|74738.17|0|0|133710.7|0|200000|0|0|0|204942|8404.99|MT|02||||||0|0|03/31/2026|0|0
H2NC02238|SMITH, ERICA DANETTE|C|1|DEM|0|0|0|0|4894.23|4894.23|0|0|0|0|0|91969.74|0|NC|01||||||0|0|03/31/2026|0|0
H2NC02287|DAVIS, DON|I|1|DEM|3232085.69|478448.89|622856.51|0|270841.74|2880070.92|0|0|0|0|0|0|1501475.18|NC|01||||||1239068.54|5520.56|03/31/2026|14462.86|8500
H0NC03149|SMITH, SANDY|C|2|REP|0|0|0|0|144.86|144.86|0|0|0|0|0|180983.66|0|NC|01||||||0|0|03/31/2026|0|0
H2NC02253|ROBERSON, SANDY|C|2|REP|3539382.44|0|3523639.43|0|9426.85|25169.86|0|3000000|0|2925000|0|1107020|526382.44|NC|01||||||13000|0|03/31/2026|202190|7500
H2NC02261|STRICKLAND, BILLY JOEL II|C|2|REP|0|0|0|0|2500.92|2500.92|0|0|0|0|0|262000|0|NC|01||||||0|0|06/30/2025|0|0
H4NC01137|BUCKHOUT, LAURIE|C|2|REP|2743029.11|333002.29|1285713.83|116031.41|26303.55|1483618.83|1740|2001000|0|0|0|3501000|212372.42|NC|01||||||189853.74|5000|04/15/2026|485.5|0
H6NC01132|HANIG, BOBBY|C|2|REP|361095.99|0|360858.91|0|0|237.08|0|100500|0|98000|0|2500|234696|NC|01||||||25899.99|0|03/31/2026|10500|0
H6NC01140|RUSSELL, ASHLEY NICOLE|C|2|REP|216686.09|0|215602.48|0|0|1083.61|0|152400|0|0|0|152400|64186.09|NC|01||||||0|0|03/31/2026|2460.51|0
H6NC01165|BUCK, ASA BRYANT III|C|2|REP|339405|0|309045|0|0|30360|0|59000|0|0|0|59000|280405|NC|01||||||0|0|03/31/2026|59000|0
H0NC02125|ROSS, DEBORAH|I|1|DEM|1419040.14|0|802866.76|323000|737510.39|1353683.77|0|0|0|0|0|511.58|844298.33|NC|02||||||550550|0|03/31/2026|5195.71|0
H6NC02197|BENNETT, ROBERT|C|1|DEM|529|0|529|0|0|0|0|0|0|0|0|0|529|NC|02||||||0|0|12/09/2025|0|0
H8NC02110|COLEMAN, LINDA|C|1|DEM|0|0|12650|0|0|34775.82|0|0|0|0|0|0|0|NC|02||||||0|0|03/31/2026|0|0
H0NC02158|SWAIN, ALAN D|C|2|REP|0|0|290|0|1095.42|805.42|0|0|0|0|0|28411.34|0|NC|02||||||0|0|03/31/2026|0|0
H2NC13110|HOLDING, GEORGE E MR.||2|REP|0|0|4696.07|0|4696.07|0|0|0|0|0|0|0|0|NC|02||||||0|0|11/03/2025|-11502.18|-15000
H4NC02192|DUBLIN, MICHAEL|C|3|GRE|23376.59|0|4245|0|1741.36|20872.95|0|20000|0|0|0|20000|3335.19|NC|02||||||0|0|03/31/2026|0|0
H2NC06106|GANORKAR, MAHESH|C|3|UN|5531.06|0|3485.25|0|15244.01|17398.5|2975|0|0|0|0|0|2453.4|NC|02||||||0|0|03/31/2026|0|0
H0NC03248|THOMAS, ALLEN|O|1|DEM|0|0|0|0|151.13|151.13|0|0|0|0|0|230000|0|NC|03||||||0|0|03/31/2026|0|0
H6NC03187|SCHULTE, CHRIS|C|1|DEM|54170.25|0|52221.78|0|0|1954.47|0|0|0|0|0|0|54150.25|NC|03||||||0|20|03/31/2026|0|0
H6NC03211|JASLOW, ALLISON|C|1|DEM|273730.75|0|273730.75|0|0|0|0|0|0|0|0|0|236230.75|NC|03||||||37500|0|03/31/2026|8110|2000
H6NC03229|SMITH, RAYMOND EDWARD DR. JR.|C|1|DEM|115666.76|7000|68460.87|0|-6365|41090.89|0|0|0|0|0|0|98416.76|NC|03||||||10250|0|03/31/2026|0|0
H0NC03172|MURPHY, GREGORY FRANCIS DR.|I|2|REP|1968151.64|208079.75|903814.72|0|1583462.29|2647799.21|0|0|0|0|0|0|836262.63|NC|03||||||881624|0|03/31/2026|-545.97|1500
H0NC03230|SHEPARD, PHILLIP RAY|C|2|REP|0|0|0|0|1251.25|1251.25|0|0|0|0|0|65585|0|NC|03||||||0|0|03/31/2026|0|0
H6NC03195|AYERS, AUSTIN JAY|C|2|REP|20.86|0|1.82|0|0|19.04|0|0|0|0|0|0|20.86|NC|03||||||0|0|04/14/2026|0|0
H2NC06098|ALLAM, NIDA|C|1|DEM|1120855.76|0|1024276.73|0|0|96579.03|0|0|0|0|0|86413.32|1024827.22|NC|04||||||34266|3000|03/31/2026|18448.63|0
H2NC06114|FOUSHEE, VALERIE|I|1|DEM|823413.04|0|878567.4|1000|85695.59|30541.23|0|0|0|0|0|0|364223.1|NC|04||||||444618|6000|03/31/2026|103|0
H6NC04037|PRICE, DAVID|I|1|DEM|0|0|8080.44|0|42708.03|34627.59|0|0|0|0|0|0|0|NC|04||||||0|0|03/31/2026|0|0
H2NC13151|BREWSTER, BILLY JOE|O|2|REP|0|0|0|0|0|0|0|0|0|0|0|17291.43|0|NC|04||||||0|0|03/31/2026|0|0
H4NC02150|GANORKAR, MAHESH|C|2|REP|5531.06|0|3485.25|0|15244.01|17398.5|2975|0|0|0|0|0|2453.4|NC|04||||||0|0|03/31/2026|0|0
H4NC05294|HUBBARD, CHUCK|C|1|DEM|248618.27|0|244387.65|0|7396.01|11626.63|0|0|0|0|0|20000|245265.94|NC|05||||||250|3000|03/31/2026|98|0
H6NC05141|CREEKMORE, KYAH|C|1|DEM|7430|0|6602.27|0|0|837.13|366|0|0|0|0|0|4064|NC|05||||||0|3000|02/11/2026|0|0
H4NC05146|FOXX, VIRGINIA ANN|I|2|REP|1409022.13|0|1073520.71|10000|2911268.58|3246770|0|0|0|0|0|0|928442.67|NC|05||||||349015.7|0|03/31/2026|0|0
H6NC05133|CLAYTON, DAVID|C|3|IND|70205.57|0|58306.88|0|0|11898.69|0|0|0|0|0|0|70192.03|NC|05||||||0|0|03/31/2026|100|0
H4NC06185|CRAIGHILL-MIDDLETON, ANDUIN ELIM|O|1|DEM|0|0|0|0|0|0|0|0|0|0|0|0|0|NC|06||||||0|0|05/07/2025|0|0
H4NC08082|DAVENPORT, KEITH|C|1|DEM|12485.99|0|2095.38|0|-231.33|10159.28|5472.45|323.54|0|0|0|723.54|6690|NC|06||||||0|0|03/31/2026|0|0
H6NC06156|BLAIR, BEAU|C|1|DEM|27986.5|0|24708.13|0|383.15|3661.52|0|3747.61|0|2693.51|0|4471.08|18238.89|NC|06||||||0|6000|03/31/2026|0|0
H6NC06164|JEFFERSON, CYRIL|C|1|DEM|157869.27|0|154709.95|0|0|3159.32|0|0|0|0|0|0|140460.31|NC|06||||||5000|1000|03/31/2026|0|0
H6NC06172|FELTON-STACKHOUSE, TAVIN|C|1|DEM|7593.98|0|7593.98|0|0|0|0|0|0|0|0|0|7593|NC|06||||||0|0|02/10/2026|0|0
H6NC06180|KASSAY, ALYSA|C|1|DEM|46185.58|0|52899.42|0|-1508.26|22.66|15|31474.52|0|0|0|32813.1|11696.06|NC|06||||||3000|0|03/31/2026|0|0
H8NC13067|MANNING, KATHY|I|1|DEM|0|0|5313.42|0|5313.42|0|0|0|0|0|0|0|0|NC|06||||||0|0|06/30/2025|0|0
H2NC05157|HINES, ROBERT NICHOLAS|O|2|REP|55532.71|48550.65|55947.81|0|415.1|0|0|0|0|0|0|2160964.17|261.09|NC|06||||||0|0|03/31/2026|40.04|0
H2NC06155|CONTOGIANNIS, MARY ANN DR|O|2|REP|0|0|0|0|5792.05|5792.05|0|0|0|0|0|200600|0|NC|06||||||0|0|03/31/2026|0|0
H2NC07161|CASTELLI, ROBERT CHRISTIAN|O|2|REP|0|0|4575|0|2771.26|-1803.74|0|0|0|0|0|570000|0|NC|06||||||0|0|03/31/2026|0|0
H4NC06052|WALKER, BRADLEY MARK MR.|O|2|REP|0|0|0|0|0|0|0|0|0|0|0|0|0|NC|06||||||0|0|03/31/2026|0|0
H4NC06177|MCDOWELL, ADDISON|I|2|REP|1005833.4|73129.98|735385.24|0|7322.89|277771.05|0|0|0|0|0|0|478433.31|NC|06||||||415505|0|03/31/2026|6014.16|6000
H6NC07196|HARDY, KIMBERLY DR.|C|1|DEM|205319.88|0|151923.5|0|0|53396.38|0|0|0|0|0|0|197492.67|NC|07||||||911.21|6500|03/31/2026|25|0
H2NC07096|ROUZER, DAVID|I|2|REP|1538563.64|0|968178.9|0|1435525.71|2005910.45|0|0|0|0|0|0|572277.99|NC|07||||||966174|0|03/31/2026|1506.76|11000
H6NC07204|ABU-GHAZALAH, MAAD|C|3|LIB|7290.56|0|6695.31|0|0|595.25|432.57|2000|0|0|0|2000|2900|NC|07||||||0|1740|03/31/2026|0|0
H6NC08194|OPPENHEIM, JESSE|C|1|DEM|314018.92|0|248282.83|0|0|65736.09|26539.9|0|0|0|0|0|275313.48|NC|08||||||0|6000|03/31/2026|11900|0
H6NC08202|WATSON, COLBY|C|1|DEM|29101.8|0|27271.31|0|0|1835.49|20450|0|0|0|0|0|5651.8|NC|08||||||0|3000|03/31/2026|0|0
H0NC08163|D'ANNUNZIO, TIMOTHY BRUCE|C|2|REP|0|0|0|0|1402.54|102426.02|0|0|0|0|0|555130.32|0|NC|08||||||0|0|03/31/2026|0|0
H0NC09187|BISHOP, JAMES DANIEL|I|2|REP|0|0|37108.34|0|37108.34|0|0|0|0|0|0|0|0|NC|08||||||0|0|10/27/2025|0|0
H0NC09203|BROWN, LEIGH|O|2|REP|0|0|5000|0|10165.67|5165.67|0|0|0|5000|0|95000|0|NC|08||||||0|0|03/31/2026|0|0
H2NC08177|WHITLEY, JOHN MATTHEW|C|2|REP|0|0|0|0|1211.02|1211.02|0|0|0|0|0|188950|0|NC|08||||||0|0|03/31/2026|0|0
H4NC08058|BAUCOM, ALLAN|O|2|REP|0|0|504|0|7772.59|7268.59|0|0|0|0|0|1290000|0|NC|08||||||0|0|03/31/2026|0|0
H4NC08066|HARRIS, MARK E|I|2|REP|749385.78|28851.66|457379.59|0|107532.72|399538.91|0|0|0|30000|0|0|547770.48|NC|08||||||168500.01|250|03/31/2026|0|0
H4NC08074|BROWN, DON|O|2|REP|224689.23|0|225529.84|0|840.61|0|11634.26|0|0|0|0|0|211660.12|NC|08||||||0|0|04/13/2026|8222.15|0
H4NC08090|BRADFORD, JOHN R III|O|2|REP|0|0|0|0|0|0|0|0|0|0|0|1521089.34|0|NC|08||||||0|0|03/31/2026|0|0
H6NC09200|HARRIS, MARK E|C|2|REP|749385.78|28851.66|457379.59|0|107532.72|399538.91|0|0|0|30000|0|0|547770.48|NC|08||||||168500.01|250|03/31/2026|0|0
H4NC09171|BRISTOW, NIGEL WILLIAM|C|1|DEM|5737|0|1194.95|0|1685|38482.28|0|0|0|0|0|0|5737|NC|09||||||0|0|03/31/2026|0|0
H6NC09184|CANO, FERNANDO CHRISTIAN MR. JR|C|1|DEM|190.52|0|189.89|0|7.19|7.82|190.52|0|0|0|0|55524.84|0|NC|09||||||0|0|03/31/2026|0|0
H6NC09218|OJEDA, RICHARD N.|C|1|DEM|1921943.04|0|1697654.74|0|0|224288.3|0|0|0|0|0|0|1910100.82|NC|09||||||11842.22|0|03/31/2026|23858.58|0
H2NC08185|HUDSON, RICHARD L. JR.|I|2|REP|2777386.98|665302.82|1872758.6|2717.25|631733.29|1536361.67|0|0|0|0|0|0|679181.58|NC|09||||||1414897.28|0|03/31/2026|1000|5000
H2NC09134|PITTENGER, ROBERT M THE HONORABLE|C|2|REP|0|0|0|0|1224.73|1224.73|0|0|0|0|0|726326.96|0|NC|09||||||0|0|03/31/2026|0|0
H4NC09163|ETCHISON, SHELANE|C|3|UN|0|0|5386.77|0|5386.77|0|0|0|0|4724.89|0|0|0|NC|09||||||0|0|04/02/2025|0|0
H6NC10174|BELL, ASHLEY|C|1|DEM|28003.53|0|24345.49|0|0|5695.04|1462.5|8486|0|0|0|8486|16200.36|NC|10||||||0|0|03/31/2026|0|0
H6NC10182|CAUDLE, WEST|C|1|DEM|38293.34|0|27351.38|0|0|10942.02|0|15757.56|0|2500|0|3257.56|13285.78|NC|10||||||250|9000|03/31/2026|0|0
H6NC10208|MORLEY, HARRY CLARE MR JR|C|1|DEM|14728.63|0|2897.9|0|179.93|12010.66|0|3225.78|0|0|0|3405.71|11406|NC|10||||||0|0|03/31/2026|0|0
H6NC10224|YARFITZ, MIR|C|1|DEM|27125.11|0|29455.56|0|0|-2330.45|0|7205|0|0|0|7205|16920|NC|10||||||0|3000|03/31/2026|3300|0
H2NC10124|ROBINSON, GARY THOMAS|C|2|REP|0|0|0|0|95576.7|95576.7|0|0|0|0|0|200000|0|NC|10||||||0|0|03/31/2025|0|0
H2NC13243|HARRIGAN, PAT|I|2|REP|973976.35|102139.55|586537.64|0|52841.35|440280.06|0|0|0|99590.9|0|0|556414.94|NC|10||||||314925|0|03/31/2026|19095.77|0
H4NC10047|MCHENRY, PATRICK TIMOTHY|I|2|REP|18974.23|0|267383.12|0|1807358.89|1558950|0|0|0|0|0|0|0|NC|10||||||0|0|03/31/2026|0|0
H4NC10112|MILLS, GREY|O|2|REP|0|0|0|0|0|0|0|0|0|0|0|1152959.62|0|NC|10||||||0|0|08/18/2025|0|0
H4NC10120|MCGOWAN, ANGELYNN BROOKE|O|2|REP|0|0|322.15|0|322.15|0|0|0|0|0|0|19902.46|0|NC|10||||||0|0|12/31/2025|0|0
H6NC10216|SIN, MATTHEW|C|2|REP|6840|0|1917.25|0|0|4922.75|1740|5100|0|0|0|5100|0|NC|10||||||0|0|03/31/2026|0|0
H4NC10195|HELM, MARSHALL TODD|O|3|CON|675.54|0|865.54|0|431.09|241.09|0|675.54|0|0|0|13634.83|0|NC|10||||||0|0|03/31/2026|0|0
H4NC10146|FELDMAN, STEVEN|C|3|LIB|26009|0|41988.4|0|17261.64|1282.24|25509|0|0|0|0|0|500|NC|10||||||0|0|03/31/2026|0|0
H4NC11102|RUDOW, CALEB|C|1|DEM|2876|0|27940.78|10000|25064.78|0|0|0|0|0|0|0|0|NC|11||||||0|0|03/25/2025|8812.3|0
H6NC11206|HARJES, CHRISTOPHER JOHN|C|1|DEM|73747.61|0|73747.61|0|0|0|51882.38|0|0|0|0|0|21865|NC|11||||||0|0|01/21/2026|7025|0
H6NC11214|BRIARWOOD, ZELDA|C|1|DEM|39219.25|0|39502.16|0|0|17.09|4450|12570.25|0|0|0|1500|21949|NC|11||||||250|0|03/31/2026|0|0
H6NC11222|DAVIS, MORRIS D. COL.|C|1|DEM|111369.09|0|111369.09|0|0|0|0|0|0|0|0|0|106119.09|NC|11||||||5000|0|09/30/2025|1065|0
H6NC11230|LAWRENCE, JACOB|C|1|DEM|42726.6|0|41790.83|0|0|935.77|0|24149.6|0|17556.68|0|6592.92|18577|NC|11||||||0|0|01/31/2026|0|0
H6NC11248|AGER, JAMIE|C|1|DEM|1690327.86|0|575614.32|0|0|1114713.54|0|0|0|0|0|0|1542209.64|NC|11||||||137099|8000|03/31/2026|7411.08|0
H6NC11255|HUDSPETH, RICHARD DR.|C|1|DEM|209425.33|0|209200.73|0|0|224.6|43500|0|0|0|0|2540|154925.33|NC|11||||||5000|6000|03/31/2026|12500|0
H6NC11271|MADDOX, PAUL|C|1|DEM|94613.2|0|91421.93|0|0|3191.27|0|0|0|0|0|0|91609|NC|11||||||0|3000|03/31/2026|100|0
H6NC11289|WHIPPLE, LEE|C|1|DEM|2881.75|0|2881.75|0|0|0|2781.75|0|0|0|0|0|100|NC|11||||||0|0|03/03/2026|0|0
H2NC14050|EDWARDS, CHUCK|I|2|REP|784838.5|17399.33|406384.93|0|108764.04|487217.61|0|0|0|0|0|0|440619.17|NC|11||||||323250|0|03/31/2026|7000|6000
H4NC11094|REAGAN, CHRISTIAN|C|2|REP|0|0|0|0|6.97|0|0|0|0|0|0|14684.22|0|NC|11||||||0|0|09/30/2025|0|0
H6NC11263|SMITH, ADAM R.|C|2|REP|67449.46|0|65945.97|0|0|1503.49|0|0|0|0|0|0|57436|NC|11||||||10000|0|03/31/2026|300|0
H4NC12100|ADAMS, ALMA SHEALEY|I|1|DEM|337831.09|0|442512.64|190000|573409.37|468727.82|0|0|0|0|0|0|86193.72|NC|12||||||247300|3000|03/31/2026|412.5|0
H6NC12105|ALI, ADDUL RAHMAN ELI|C|2|REP|17802.19|0|17802.19|0|0|0|0|0|0|0|0|0|17793.64|NC|12||||||0|0|03/31/2026|0|0
H6NC12113|CODIGA, JOHN JACK|C|2|REP|15100.95|0|12555.25|0|0|2545.7|53.48|3000|0|0|0|3000|12047.47|NC|12||||||0|0|03/31/2026|60|0
H6NC12121|RABAH, RYAN|C|3|IND|7022.26|0|1082.09|0|0|5940.17|0|0|0|0|0|0|7022.26|NC|12||||||0|0|03/31/2026|0|0
H6NC12139|SMITH, CHARAY DR|C|3|UN|62887.4|0|50108.71|0|0|1226.36|0|62494.8|0|0|0|39994.8|392.6|NC|12||||||0|0|03/31/2026|0|0
H2NC14019|NICKEL, WILEY|I|1|DEM|588995|0|1277986.16|0|688991.16|0|559.55|0|0|539000|0|0|534864.47|NC|13||||||41010|0|03/20/2026|98457.1|13500
H4NC13157|PIERCE, FRANK|C|1|DEM|1740|0|2279.4|0|1335.96|796.56|0|1740|0|0|0|3391.09|0|NC|13||||||0|0|12/31/2025|0|0
H6NC13228|BARRINGER, PAUL|C|1|DEM|805553|0|378959.56|0|0|426593.44|133692.56|320000|0|0|0|320000|345610.44|NC|13||||||0|6000|03/31/2026|130|0
H6NC13236|NICHOLI, ALEXANDER|C|1|DEM|7141.17|0|7064.67|0|0|76.5|0|4041.17|0|0|0|4041.17|100|NC|13||||||0|3000|02/11/2026|0|0
H2NC04168|BARBOUR, DEVAN IV|O|2|REP|0|0|0|0|1933.76|1933.76|0|0|0|0|0|261117.26|0|NC|13||||||0|0|03/31/2026|0|0
H2NC07187|SLOTTA, CHAD|C|2|REP|0|0|764|0|764|0|0|0|0|0|0|349825.89|0|NC|13||||||0|0|06/16/2025|0|0
H4NC01129|VON CANON, FRED|O|2|REP|50|0|474.16|0|3406.84|2982.68|0|0|0|0|0|2970500|50|NC|13||||||0|0|03/31/2026|150|0
H4NC13066|MCCONKEY, JOSH|C|2|REP|0|0|14032.73|0|14032.73|0|0|0|0|0|0|340100|0|NC|13||||||0|0|06/21/2025|0|0
H4NC13074|SHOEMAKER, MATT|O|2|REP|0|0|0|0|0|0|0|0|0|0|0|66730.06|0|NC|13||||||0|0|03/31/2026|0|0
H4NC13116|KNOTT, BRAD|I|2|REP|1082840.47|120835.84|511911.55|0|17260.1|588189.02|0|0|0|0|0|760482.71|437361.03|NC|13||||||520600|0|03/31/2026|526.93|0
H6NC09176|ROUCO, GEORGE|C|2|REP|0|0|0|0|1750|1750|0|0|0|0|0|27903.39|0|NC|13||||||0|0|03/31/2026|0|0
H6NC13129|BUDD, THEODORE P.|I|2|REP|1108350.93|170129.63|961551.31|0|282358.27|429157.89|0|0|0|0|0|0|731407.78|NC|13||||||201750|0|03/31/2026|14196.13|0
H6NC13244|AGUILAR, ANTHONY BAILEY MR.|C|3|GRE|50016.9|0|16495.6|0|0|33521.3|0|0|0|0|0|0|50016.9|NC|13||||||0|0|03/31/2026|0|0
H4NC14023|GENANT, PAMELA|O|1|DEM|2000|0|9657.24|7000|7657.24|0|0|0|0|0|0|0|0|NC|14||||||2000|0|05/14/2025|0|0
H6NC14036|CALDWELL, BRENT|C|1|DEM|78143.77|0|78435.15|0|0|-291.38|0|22383.99|0|7875.66|0|14508.33|46759.78|NC|14||||||6000|3000|03/31/2026|0|0
H6NC14069|WOMACK, LAKESHA|C|1|DEM|11312.19|0|12171.86|0|0|-1021.98|0|0|0|0|0|0|11312.19|NC|14||||||0|0|03/31/2026|0|0
H2NC12278|JOSEPH, NALINI|O|2|REP|0|0|0|0|3552.96|3552.96|0|0|0|0|0|0|0|NC|14||||||0|0|09/30/2025|0|0
H4NC12167|LEVINSON, ERIC|O|2|REP|0|0|3975.78|0|31222.65|27246.87|0|0|0|0|0|0|0|NC|14||||||0|0|03/31/2026|0|0
H4NC14015|MOORE, TIM|I|2|REP|1433646.24|0|782550.04|0|923566.56|1574662.76|0|0|0|0|0|0|1057057.53|NC|14||||||375200|0|03/31/2026|16070.67|2800
H6NC14044|BARR, KATE|C|2|REP|76450.01|0|76450.01|0|0|0|9210.17|0|0|0|0|0|66839.84|NC|14||||||0|0|03/31/2026|0|0
H4ND01044|HAMMER, TRYGVE|O|1|DEM|35.37|0|9991.96|0|9956.59|0|35.29|0|0|0|0|0|0|ND|00||||||0|0|03/31/2025|0|0
H6ND01049|HAMMER, TRYGVE|C|1|DEM|74575.61|0|41300.78|0|0|33274.83|15|0|0|0|0|0|74060.49|ND|00||||||500|0|03/31/2026|0|0
H6ND46010|THOMPSON, VERN|C|1|DEM|3145|0|3145|0|0|0|0|0|0|0|0|0|3145|ND|00||||||0|0|03/31/2026|0|0
H0ND01026|CRAMER, KEVIN MR.|I|2|REP|989847.21|0|1013079.59|0|2354889.37|2331656.99|0|0|0|0|0|0|814274.63|ND|00||||||131500|0|03/31/2026|20808.18|0
H2ND00123|GOETTLE, SHANE CHRISTOPHER|O|2|REP|0|0|0|0|2542.4|2542.4|0|0|0|0|0|0|0|ND|00||||||0|0|03/31/2026|0|0
H2ND00131|KOPPELMAN, KIM A|O|2|REP|0|0|0|0|0|0|0|0|0|0|0|9987.9|0|ND|00||||||0|0|03/31/2026|0|0
H2ND01022|MUND, CARA|O|2|REP|0|0|0|0|1676.87|1676.87|0|0|0|0|0|0|0|ND|00||||||0|0|03/31/2026|0|0
H4ND00053|BECKER, RICK|O|2|REP|0|0|1161.84|0|1161.84|0|0|0|0|1136.84|0|0|0|ND|00||||||0|0|02/11/2025|0|0
H4ND00061|FEDORCHAK, JULIE|I|2|REP|1380346.82|326245.62|526536.41|0|329327.94|1183138.35|0|0|0|0|0|0|277817.53|ND|00||||||766475.26|1500|03/31/2026|0|0
H4ND00079|BALAZS, ALEX|C|2|REP|10854.8|0|9366.4|0|0|1488.4|0|0|0|0|0|0|10854.8|ND|00||||||0|0|03/31/2026|0|0
H2NE01092|PANSING BROOKS, PATTY|C|1|DEM|0|0|0|0|306.6|306.6|0|0|0|0|0|0|0|NE|01||||||0|0|03/31/2026|0|0
H4NE01189|BLOOD, CAROL|C|1|DEM|0|0|1521.27|0|1521.27|0|0|0|0|0|0|0|0|NE|01||||||0|0|06/30/2025|0|0
H6NE01135|MOYER, ERIC HAMILTON|C|1|DEM|51100|0|48226.09|0|945.8|3421.01|1050|0|0|0|0|0|49400|NE|01||||||0|500|03/31/2026|0|0
H6NE01143|BACKEMEYER, CHRISTOPHER|C|1|DEM|354179.53|0|162012.27|0|0|192167.26|4190.11|50000|0|0|0|50000|287489.4|NE|01||||||12500|0|04/22/2026|500|0
H2NE01118|FLOOD, MIKE|I|2|REP|1988932.75|156271.76|872369.53|0|220781.77|1337344.99|0|0|0|65000|0|6045.9|946401.37|NE|01||||||885872.77|0|04/22/2026|5001|0
H2NE02132|VARGAS, ANTHONY 'TONY'|C|1|DEM|54180.37|4180.37|92542.34|0|81164.28|42802.31|0|0|0|0|0|0|0|NE|02||||||0|0|03/31/2026|2254.67|0
H6NE02166|JOHNSTON, MARK EDMUND|O|1|DEM|10146.58|0|10146.58|580.66|0|0|4899.58|0|0|0|0|0|5247|NE|02||||||0|0|03/31/2026|0|0
H6NE02174|POWELL, DENISE|O|1|DEM|1484304.11|5000|1026071.2|0|0|458232.91|12209.76|0|0|0|0|0|1374009.35|NE|02||||||92200|885|03/31/2026|1941|0
H6NE02190|CAVANAUGH, JOHN|O|1|DEM|1034702.89|0|689402.98|0|0|345299.91|0|0|0|0|0|0|917210.08|NE|02||||||108498.13|385|03/31/2026|733|0
H6NE02224|ASKINS, KISHLA|O|1|DEM|583723.48|31077.6|445681.63|0|0|138041.85|21000|111494|0|0|0|111494|368266.88|NE|02||||||51885|0|04/22/2026|524|0
H6NE02240|LEUSCHEN, JAMES|O|1|DEM|389590.58|0|219848.89|0|0|169741.69|7000|0|0|0|0|0|362476.88|NE|02||||||18885|0|04/22/2026|660|1000
H6NE02257|RHOADES, CRYSTAL|O|1|DEM|162678.85|0|113564.17|0|0|49114.68|0|0|15000|0|0|15000|129672.85|NE|02||||||18000|0|03/31/2026|0|0
H6NE02265|WILLIAMS, MELANIE|O|1|DEM|2123|0|1740|0|0|383|0|0|1740|0|0|1740|383|NE|02||||||0|0|03/31/2026|0|0
H4NE02096|FREI, DANIEL EDWARD|C|2|REP|0|0|1231.72|0|1231.72|0|0|0|0|0|0|0|0|NE|02||||||0|0|05/12/2025|0|0
H6NE02125|BACON, DONALD J|I|2|REP|1467114.18|533118.62|1201093.34|91103.86|198433.63|464454.47|0|0|0|0|0|0|405052.25|NE|02||||||527750|0|03/31/2026|158233.56|45500
H6NE02208|HARDING, BRINKER|O|2|REP|1270417.74|46077.74|621731.82|0|0|648685.92|0|0|0|0|0|0|1130040|NE|02||||||94300|0|04/22/2026|14000|0
H6NE02216|LINDSTROM, BRETT|O|2|REP|374137.84|236179.57|224322.48|0|0|149815.36|0|0|0|0|0|0|132958.27|NE|02||||||5000|0|03/31/2026|0|0
H6NE03180|STILLE, BECKY LYNN|C|1|DEM|45583.42|0|29917.89|0|0|15665.53|0|36730.84|0|0|0|36730.84|8852.58|NE|03||||||0|0|03/31/2026|0|0
H4NE03078|WALZ, JOHN|C|2|REP|450|0|937.33|0|765.64|278.31|0|0|0|0|0|0|250|NE|03||||||0|0|03/31/2026|0|0
H6NE03115|SMITH, ADRIAN|I|2|REP|1437819.61|38438.77|1190603.9|0|928233|1175448.71|0|0|0|0|0|0|358232.34|NE|03||||||998500|0|04/22/2026|1333|0
H6NE03172|HUEBNER, DAVID P. MR.|C|2|REP|76197.62|0|58548.62|0|0|17649|0|0|0|0|0|0|76197.62|NE|03||||||0|0|04/22/2026|0|0
H6NE03198|COHEN, MARK|C|3|NON|19782|0|20173.49|0|0|3135.51|0|0|0|0|0|0|19782|NE|03||||||0|0|03/31/2026|1901.75|0
H6NH01321|SHAHEEN, STEFANY|O|1|DEM|1800994.94|0|687857.2|0|0|1113137.74|7000|0|0|0|0|0|1727311.7|NH|01||||||65505|0|03/31/2026|8590|4500
H6NH01339|BERIONT, CARLEIGH|O|1|DEM|385021.15|0|297338.44|0|0|87682.71|3500|0|0|0|0|0|379482.09|NH|01||||||1750|0|03/31/2026|4285|0
H6NH01354|URRUTIA, CHRISTIAN|O|1|DEM|836091.71|0|564957.39|0|0|271134.32|12936.32|78000|0|0|0|78000|741827.51|NH|01||||||1890.75|0|03/31/2026|5030.5|0
H6NH01362|CHADZYNSKI, SARAH|O|1|DEM|70321.85|0|56629.37|0|0|13692.48|0|0|700|0|0|800|69279.58|NH|01||||||0|0|03/31/2026|0|0
H6NH01370|HOWARD, HEATH|O|1|DEM|34242.03|0|31190.9|0|8027.97|1443.85|0|0|0|0|0|0|32742.03|NH|01||||||1500|0|03/31/2026|0|0
H8NH01186|SULLIVAN, MAURA CORBY|O|1|DEM|2638370.74|59449.25|1167194.02|0|7222.84|1478399.56|7000|0|0|0|0|0|2496801.25|NH|01||||||70250|0|03/31/2026|56448.25|2500
H8NH01210|PAPPAS, CHRIS|I|1|DEM|9860676.34|250648.2|6044770.26|0|407584.23|4223490.31|0|0|0|0|0|0|8655891.06|NH|01||||||951872.76|500|03/31/2026|36434.92|5000
H2NH01270|LEAVITT, KAROLINE|C|2|REP|4477.29|0|12600|0|8122.71|0|0|0|0|0|0|326370.5|0|NH|01||||||0|0|03/31/2026|12600|0
H2NH01304|PRESCOTT, RUSSELL|C|2|REP|2700.46|609.76|202426.27|609.76|199725.81|0|0|0|0|194221.92|0|0|279.09|NH|01||||||0|0|06/30/2025|-500|0
H4NH01268|NOVELETSKY, HOLLIE T.|C|2|REP|0|0|2587.34|2142.34|2587.34|0|0|0|0|0|0|165000|0|NH|01||||||0|0|09/17/2025|-3300|0
H4NH01276|BRIGHT, CHRIS|O|2|REP|24604.13|0|25139.22|0|1848.23|1313.14|11460.4|10000|0|0|0|196500|2596.79|NH|01||||||0|0|03/31/2026|2066.79|0
H4NH01284|MCFARLANE, WALTER JAMES III|C|2|REP|7148.75|0|7148.75|0|1982.5|1982.5|7148.75|0|0|0|0|177500|0|NH|01||||||0|0|03/31/2026|0|0
H6NH01347|BAILEY, MELISSA|O|2|REP|229363.71|0|72850.11|0|0|156513.6|2715.31|126500|0|0|0|126500|99148.4|NH|01||||||1000|0|03/31/2026|0|0
H6NH01388|COLE, BRIAN|O|2|REP|370224.03|0|183622.08|0|0|186601.95|0|333398.36|0|117572.72|0|285260.33|36493.2|NH|01||||||0|0|03/31/2026|0|0
H6NH01396|GIRARD, ELIZABETH|O|2|REP|177619.67|0|177619.67|0|0|0|0|120802.19|0|0|0|120802.19|55800.71|NH|01||||||1000|0|01/30/2026|14050|0
H6NH01412|NOVELETSKY, HOLLIE T|O|2|REP|441458.79|2142.34|35648.77|0|0|405810.02|12097.88|100000|0|0|0|265000|319718.57|NH|01||||||7500|0|03/31/2026|250|0
H6NH01420|DILORENZO, ANTHONY|O|2|REP|1290475.38|0|463208.23|0|0|827267.15|0|800000|0|0|0|800000|489837.49|NH|01||||||0|0|03/31/2026|15250|0
H0NH02181|KUSTER, ANN MCLANE|I|1|DEM|21863.41|0|189275.29|0|316179.96|148768.08|0|0|0|0|0|0|0|NH|02||||||0|0|03/31/2026|0|0
H4NH02399|GOODLANDER, MAGGIE|I|1|DEM|2972341.59|362500|984208.3|0|57997.85|2046131.14|0|0|0|0|0|0|2335869.56|NH|02||||||254750|0|03/31/2026|13401.41|0
H6NH02261|BEAUCHEMIN, PAIGE|C|1|DEM|19477.17|0|16763.67|0|0|2713.5|250|0|0|0|0|0|19227.17|NH|02||||||0|0|03/31/2026|0|0
H0NH02017|BASS, CHARLES F.|C|2|REP|0|0|0|0|4723.22|4723.22|0|0|0|0|0|0|0|NH|02||||||0|0|03/31/2026|0|0
H2NH02260|WILLIAMS, LILY TANG|C|2|REP|869483.05|0|425003.27|0|129479.6|573959.38|0|120000|0|0|0|120000|744407.01|NH|02||||||0|0|03/31/2026|2098.49|0
H2NH02294|HANSEL, GEORGE|C|2|REP|0|0|0|0|212.74|212.74|0|0|0|0|0|0|0|NH|02||||||0|0|03/31/2026|0|0
H4NH02373|MANSHARAMANI, VIKRAM|O|2|REP|0|0|59387.79|0|59387.79|0|0|0|0|45755.05|0|0|0|NH|02||||||0|0|09/07/2025|0|0
H4NH02381|HAMLEN, WILLIAM P|O|2|REP|0|0|2.12|0|2.12|0|0|0|0|0|0|0|0|NH|02||||||0|0|06/26/2025|0|0
H6NH02287|ORLANDO, VICTOR D|C|2|REP|1309.41|0|4717.65|500|4700|1291.76|0|0|0|0|0|0|1309.41|NH|02||||||0|0|03/31/2026|0|0
H4NJ01084|NORCROSS, DONALD W|I|1|DEM|1349939.16|0|861299.57|583.3|1707488.33|2196127.92|0|0|0|0|0|0|635359.03|NJ|01||||||653073.98|0|03/31/2026|1500|0
H2NJ01187|GALDO, DAMON|C|2|REP|500|0|268.95|0|68.79|299.84|0|100|0|0|0|100|400|NJ|01||||||0|0|03/31/2026|0|0
H0NJ02171|KENNEDY, AMY|C|1|DEM|0|0|75|0|3802.38|3727.38|0|0|0|0|0|250000|0|NJ|02||||||0|0|03/31/2026|0|0
H2NJ02193|ALEXANDER, TIMOTHY|C|1|DEM|0|0|0|0|13589.68|13589.68|0|0|0|0|0|25210|0|NJ|02||||||0|0|03/31/2026|0|0
H4NJ02207|SALERNO, JOE|C|1|DEM|4162.5|0|40962.34|0|36799.84|0|0|0|0|38014.09|0|0|0|NJ|02||||||0|0|03/31/2025|0|0
H6NJ02228|WINDER, BAYLY PHILIP CHRISTOPER|C|1|DEM|643021.21|0|396111.85|0|0|246909.36|7155|0|0|0|0|0|633088.28|NJ|02||||||2000|0|03/31/2026|1285|0
H6NJ02236|REESE, TERRI|C|1|DEM|11930.71|0|8955.9|0|0|1281.74|259.49|0|0|0|0|0|11420.68|NJ|02||||||250|0|03/31/2026|0|0
H6NJ02244|ALEXANDER, TIMOTHY C|C|1|DEM|66505.73|0|59693.85|0|0|6811.88|0|15120|0|0|0|15120|44492.64|NJ|02||||||2600|250|03/31/2026|3810|0
H6NJ02251|MULLOCK, ZACK|C|1|DEM|274340|0|24248.58|0|0|250091.42|0|110000|0|0|0|110000|164340|NJ|02||||||0|0|03/31/2026|0|0
H2NJ02037|LOBIONDO, FRANK A.|I|2|REP|571|0|84265.17|0|83694.17|0|0|0|0|0|0|0|0|NJ|02||||||0|0|01/02/2026|0|0
H8NJ02166|VAN DREW, JEFF MR|I|2|REP|1529764.37|18310.94|941207.57|0|762430.4|1350987.2|0|0|0|0|0|0|1265080.54|NJ|02||||||244970.51|0|03/31/2026|950|0
H8NJ02216|SINGH, HIRSH|O|2|REP|0|0|0|0|0|0|0|0|0|0|0|0|0|NJ|02||||||0|0|05/07/2025|0|0
H4NJ03080|CONAWAY, HERB MD|I|1|DEM|774015.22|0|436829.4|80000|37414.34|374600.16|0|0|0|0|0|0|369126.08|NJ|03||||||402398.33|0|03/31/2026|489|1500
H4NJ03205|MURPHY, CAROL|O|1|DEM|0|0|588.43|0|2556.4|1967.97|0|0|0|0|0|80113.07|0|NJ|03||||||0|0|03/31/2026|0|0
H8NJ03206|KIM, ANDY|I|1|DEM|1355762.79|58684.58|895740.35|1500|621700.08|1081722.52|0|0|0|0|0|0|1190287.72|NJ|03||||||62005.01|0|03/31/2026|12119.47|0
H2NJ03258|HEALEY, ROBERT JR|C|2|REP|0|0|3589.14|0|20811.56|17222.42|0|0|0|0|0|2760000|0|NJ|03||||||0|0|03/31/2026|0|0
H2NJ03316|SOBOCINSKI, GREGORY|O|2|REP|0|0|0|0|0|0|0|0|0|0|0|9700|0|NJ|03||||||0|0|01/15/2025|0|0
H4NJ03239|MOHAN, RAJESH|O|2|REP|0|0|0|0|234.39|234.39|0|0|0|0|0|231000|0|NJ|03||||||0|0|03/31/2025|0|0
H4NJ13022|SAXTON, H. J|I|2|REP|0|0|0|0|10610.71|10610.71|0|0|0|0|0|0|0|NJ|03||||||0|0|03/31/2026|0|0
H6NJ03168|MCMAHON, LINDA DIANE|C|2|REP|0|0|0|0|0|0|0|0|0|0|0|0|0|NJ|03||||||0|0|11/01/2025|0|0
H6NJ03176|CULLEN, JASON|C|2|REP|69348.46|0|61562.35|0|0|7786.11|95.05|9000|0|0|0|9000|60253.41|NJ|03||||||0|0|03/31/2026|1023.1|0
H6NJ03184|MCGUIRE, MICHAEL PATRICK|C|2|REP|54660|0|31828.49|0|0|22831.51|0|20500|0|0|0|74527.65|34160|NJ|03||||||0|0|03/31/2026|0|0
H8NJ09088|LONEGAN, STEVEN|O|2|REP|0|0|0|0|0|0|0|0|0|0|0|342452.23|0|NJ|03||||||0|0|03/31/2025|0|0
H4NJ03270|WYNN, DOUGLAS|O|3|IND|0|0|0|0|3698.11|3698.11|0|0|0|0|0|0|0|NJ|03||||||0|0|12/31/2025|0|0
H0NJ04151|SCHMID, STEPHANIE|C|1|DEM|0|0|0|0|1984.82|427.68|0|0|0|0|0|0|0|NJ|04||||||0|0|03/31/2026|0|0
H2NJ04215|JENKINS, MATTHEW|C|1|DEM|0|0|0|0|-2223.77|-2223.77|0|0|0|0|0|0|0|NJ|04||||||0|0|03/31/2026|0|0
H6NJ04224|BLAKE, JOHN DAVID|C|1|DEM|5421.19|0|0|0|1225|6646.19|0|0|0|0|0|0|421.19|NJ|04||||||5000|0|03/31/2026|0|0
H6NJ04257|PEACE, RACHEL|C|1|DEM|14769.97|0|10475.4|0|0|4294.57|0|6711.97|0|0|0|6711.97|8058|NJ|04||||||0|0|03/31/2026|0|0
H2NJ04207|CRISPI, MICHAEL|C|2|REP|0|0|0|0|0|0|0|0|0|0|0|36500|0|NJ|04||||||0|0|03/31/2026|0|0
H8NJ04014|SMITH, CHRISTOPHER H|I|2|REP|483925.22|0|391994.47|0|364065.17|455995.92|0|0|0|0|0|0|313829.91|NJ|04||||||167558.34|2500|03/31/2026|0|0
H2NJ04231|CULLEN, JASON CULLEN|C|3|LIB|69348.46|0|61562.35|0|0|7786.11|95.05|9000|0|0|0|9000|60253.41|NJ|04||||||0|0|03/31/2026|1023.1|0
H4NJ05135|CHO, ROY|C|1|DEM|1200|0|1200|0|1501.63|1501.63|0|0|0|0|0|43164.85|1200|NJ|05||||||0|0|03/31/2026|0|0
H4NJ09095|WILDES, MICHAEL|C|1|DEM|24996.23|0|7391|0|924923.45|942528.68|0|0|0|0|0|0|0|NJ|05||||||0|0|03/31/2026|0|0
H6NJ05171|GOTTHEIMER, JOSH|I|1|DEM|2897006.93|201.07|12435438.13|0|20712493.06|11174061.86|0|0|0|0|0|0|1887201.82|NJ|05||||||538050.01|0|03/31/2026|8549.04|250
H2NJ05311|DE GREGORIO, NICHOLAS|C|2|REP|0|0|15.44|0|15.44|0|0|0|0|0|0|0|0|NJ|05||||||0|0|03/31/2026|0|0
H4NJ05150|GUINCHARD, MARY JO-ANN|C|2|REP|117995.41|0|119195.44|0|1914.72|714.69|0|100600|0|71000|0|270638.9|17364.39|NJ|05||||||0|0|03/31/2026|0|0
H4NJ05168|SONG, GEORGE|C|2|REP|0|0|268|0|460.14|192.14|0|0|0|0|0|0|0|NJ|05||||||0|0|07/17/2025|0|0
H6NJ05221|KIRRANE, SEAN JOSEPH|C|2|REP|27972.11|0|8815.92|0|0|19156.19|101|8034.31|0|0|0|8034.31|19836.8|NJ|05||||||0|0|03/31/2026|0|0
H6NJ05239|GAJAPATHY, CHANDIHA|C|2|REP|50000|0|49999|0|40403.75|0|0|0|0|0|0|0|50000|NJ|05||||||0|0|11/23/2025|0|0
H8NJ05110|LONEGAN, STEVEN|C|2|REP|0|0|0|0|0|0|0|0|0|0|0|308704.22|0|NJ|05||||||0|0|03/31/2025|0|0
H0NJ05240|VELLUCCI, LOUIS|C|3|OTH|0|0|0|0|240.57|240.57|0|0|0|0|0|0|0|NJ|05||||||0|0|12/31/2025|0|0
H0NJ06214|HSU, JOHN|C|1|DEM|96854.5|0|33035.65|0|0|63893.85|0|30000|0|0|0|31925.86|66729.5|NJ|06||||||125|0|03/31/2026|0|0
H6NJ06260|BANSIL, KATIE|C|1|DEM|39581.74|0|35891.38|0|1653.67|5344.03|21237.5|0|0|0|0|0|18344.24|NJ|06||||||0|0|03/31/2026|0|0
H8NJ03073|PALLONE, FRANK JR|I|1|DEM|1864582.57|0|1515273.81|0|3071910.32|3421219.08|0|0|0|0|0|0|652753.39|NJ|06||||||1188206.69|0|03/31/2026|0|1000
H2NJ07192|MEHTA, RIK|C|2|REP|0|0|0|0|55.93|55.93|0|0|0|0|0|320000|0|NJ|06||||||0|0|03/31/2026|0|0
H6NJ06229|SONNEK-SCHMELZ, BRENT J|C|2|REP|0|0|0|0|323.46|323.46|0|0|0|0|0|5836.28|0|NJ|06||||||0|0|03/31/2026|0|0
H6NJ06286|HERZIG, HILLARY|C|2|REP|3571.79|0|2273.92|0|0|1297.87|0|1600|0|0|0|1700.2|1971.79|NJ|06||||||0|0|03/31/2026|0|0
H4NJ06166|AKHTAR, FAHAD|C|3|OTH|0|0|0|0|0|0|0|0|0|0|0|0|0|NJ|06||||||0|0|02/05/2025|0|0
H2NJ08265|VARELA, BRIAN|C|1|DEM|1861553.35|0|528714.53|0|0|1332838.82|10|1150000|0|0|0|1150000|705296.86|NJ|07||||||5100.55|0|03/31/2026|5879|0
H4NJ07099|KOVACH, JANICE|C|1|DEM|0|0|240|0|2503.18|2263.18|0|0|0|0|0|0|0|NJ|07||||||0|0|03/31/2026|0|0
H4NJ07107|ALTMAN, SUSAN COPIUS|C|1|DEM|4386.57|0|15402.29|0|11015.72|0|1962.39|0|0|0|0|0|0|NJ|07||||||0|0|06/30/2025|0|0
H4NJ07131|VARTAN, GREGORY III|C|1|DEM|193029.59|0|221139.22|0|28109.63|0|3500|0|0|0|0|0|188860|NJ|07||||||391.2|0|03/31/2026|14365|0
H6NJ07201|BENNETT, REBECCA|C|1|DEM|2656002.39|66241.36|1229607.34|0|0|1426395.05|0|0|0|0|0|0|2479991.76|NJ|07||||||109550|0|03/31/2026|13668.35|0
H6NJ07219|GARTH, MICHAEL JOSEPH|C|1|DEM|500|0|61.81|0|0|438.19|500|0|0|0|0|0|0|NJ|07||||||0|0|06/07/2025|0|0
H6NJ07235|ROTH, MICHAEL|C|1|DEM|1165954.44|0|439668.45|0|0|726285.99|16360.16|400000|0|0|0|400000|747481.85|NJ|07||||||1000|0|03/31/2026|6355|0
H6NJ07243|ADUBATO, BETH ELLEN PH.D.|C|1|DEM|166225.1|0|159459.38|0|0|6765.72|5875.56|66800|0|0|0|72281.58|93471.54|NJ|07||||||0|0|03/31/2026|184|0
H6NJ07250|SHAH, TINA|C|1|DEM|1980347.09|0|604043.87|0|0|1376303.22|0|650000|0|0|0|650000|1283212.55|NJ|07||||||47050|0|03/31/2026|755|0
H6NJ07268|MENDOZA, VALENTINA E. ESQ.|C|1|DEM|1630|0|2344.09|0|714.09|0|0|0|0|0|0|0|750|NJ|07||||||880|0|01/11/2026|250|0
H6NJ07276|O'ROURKE, MEGAN|C|1|DEM|570130.45|0|535214.56|0|0|34915.89|2191.87|130000|0|95000|0|46144.02|425920.33|NJ|07||||||12000|0|03/31/2026|67500|5000
H6NJ07284|SOOY, SARA|C|1|DEM|50799|0|48819|0|0|1980|0|1500|0|0|0|0|48799|NJ|07||||||500|0|03/31/2026|250|0
H0NJ07261|KEAN, THOMAS H. JR.|I|2|REP|4374664.97|1480944.04|1066406.6|0|48286.67|3356545.04|0|0|0|0|0|4000|1773067.13|NJ|07||||||1076426.57|5000|03/31/2026|32519.37|2500
H6NJ07177|HEARD, CRAIG P.|C|2|REP|0|0|0|0|0|0|0|0|0|0|0|205376.39|0|NJ|07||||||0|0|09/30/2025|0|0
H6NJ12136|LANCE, LEONARD|I|2|REP|0|0|1846.79|0|8862.71|7015.92|0|0|0|0|0|0|0|NJ|07||||||0|0|03/31/2026|0|0
H8NJ07132|HSING, MICHAEL PAUL|O|3|IND|0|0|55.38|0|55.38|0|0|0|0|0|0|0|0|NJ|07||||||0|0|04/01/2025|0|0
H2NJ08232|MENENDEZ, ROBERT|I|1|DEM|1423421.21|0|675791.71|0|276685.56|1024315.06|0|0|0|0|0|0|864307.14|NJ|08||||||547022.23|0|03/31/2026|1206.42|3000
H2NJ13075|MENENDEZ, ROBERT|C|1|DEM|1423421.21|0|675791.71|0|276685.56|1024315.06|0|0|0|0|0|0|864307.14|NJ|08||||||547022.23|0|03/31/2026|1206.42|3000
H6NJ08209|ALI, MUSSAB|C|1|DEM|181496.09|0|83593.66|0|0|97902.43|0|0|0|0|0|0|181496.09|NJ|08||||||0|0|03/31/2026|1000|0
H4NJ08121|VALDES, ANTHONY|C|2|REP|0|0|0|0|0|0|0|0|0|0|0|0|0|NJ|08||||||0|0|02/15/2025|0|0
H6NJ08183|BARILLA, RICHARD JOSEPH|C|3|IND|5600|0|3748.97|0|0|1851.03|5600|0|0|0|0|0|0|NJ|08||||||0|0|04/14/2026|0|0
H4NJ09178|KHAIRULLAH, MOHAMED T.|O|1|DEM|0|0|10149.39|0|10149.39|0|0|0|0|0|0|0|0|NJ|09||||||0|0|03/30/2025|0|0
H4NJ09186|WIMBERLY, BENJIE E.|O|1|DEM|13.28|0|5168|0|5154.72|0|0|0|0|0|0|0|0|NJ|09||||||0|0|03/31/2026|0|0
H4NJ09194|POU, NELIDA|I|1|DEM|2241128.75|131279.86|825008.89|0|152473.56|1568593.42|0|0|0|0|0|0|1242278.76|NJ|09||||||862309|3261.14|03/31/2026|5666.67|6500
H0NJ09200|PREMPEH, WILLIAM SREBOE|O|2|REP|24431.85|0|9907.64|0|192.89|14717.1|0|0|0|0|0|0|24154.32|NJ|09||||||0|0|03/31/2026|0|0
H4NJ09160|CASTILLO, HECTOR L DR|O|2|REP|0|0|174.63|0|174.63|0|0|0|0|69.78|0|88380.22|0|NJ|09||||||0|0|03/31/2026|0|0
H6NJ09264|PINO, ROSEMARY|C|2|REP|337611.32|0|308447.14|0|0|29164.18|0|0|0|0|0|108351.91|326629.66|NJ|09||||||0|0|03/31/2026|3955|0
H6NJ09280|BURRESS, TIFFANY|C|2|REP|74086.15|0|40193.97|0|0|33892.18|3500|0|0|0|0|54718.47|68586.15|NJ|09||||||2000|0|03/31/2026|63.21|0
H0NJ10208|MAZO, EUGENE|C|1|DEM|0|0|779.6|0|7293.19|6513.59|0|0|0|0|0|0|0|NJ|10||||||0|0|06/30/2025|0|0
H4NJ10176|MCIVER, LAMONICA|I|1|DEM|1593966.52|0|1020464.78|0|163212.47|736714.21|0|0|0|0|0|0|1199286.79|NJ|10||||||393600|0|03/31/2026|2841|0
H4NJ10192|CLAYBROOKS, BRITTANY|C|1|DEM|0|0|165.83|0|288.5|122.67|0|0|0|0|0|18152.44|0|NJ|10||||||0|0|03/31/2026|0|0
H4NJ10200|ARMSTEAD, DEREK|C|1|DEM|13900|0|19476.03|0|-232.39|-5808.42|0|0|0|16000|0|34100|13900|NJ|10||||||0|0|03/31/2026|1000|0
H6NJ11179|STRICKLAND, JUSTIN|C|1|DEM|88756.26|0|87568.49|0|0|1187.77|29304.34|0|0|0|0|0|59451.92|NJ|11||||||0|0|03/31/2026|0|0
H6NJ11187|WILLIAMS, ANNA LEE|C|1|DEM|26969.5|0|24071.68|0|0|2897.82|0|0|0|0|0|0|26969.5|NJ|11||||||0|0|03/31/2026|0|0
H6NJ11195|GRAYZEL, JEFF|C|1|DEM|482661.86|0|458435.26|0|0|24226.6|100360|20000|0|0|0|20000|360135.86|NJ|11||||||2150|0|03/31/2026|40260|0
H6NJ11203|CROFT, CAMMIE L|C|1|DEM|381640.03|0|381640.03|0|0|0|18493.13|3500|0|3500|0|0|359456.25|NJ|11||||||0|0|02/27/2026|27500|0
H6NJ11229|CHAABAN, MARC|C|1|DEM|118917.38|0|118917.38|0|0|0|0|0|0|0|0|0|118915.4|NJ|11||||||0|0|12/29/2025|77850|0
H6NJ11237|GILL, BRENDAN W|C|1|DEM|1134195.32|0|1119814.26|0|0|14381.06|58500|310000|0|0|0|310000|686315|NJ|11||||||79300|0|03/31/2026|22290|8000
H6NJ11245|MALINOWSKI, TOM|C|1|DEM|1522886.78|0|1497715.96|0|0|25170.82|0|0|0|0|0|0|1466454.34|NJ|11||||||55500|0|03/31/2026|148497.04|7000
H6NJ11252|DAFIS, DEAN|C|1|DEM|77168.46|0|110911.91|0|0|-85799.12|0|0|0|0|0|0|77167.29|NJ|11||||||0|0|03/31/2026|0|0
H6NJ11260|BEECHER, ZACH|C|1|DEM|661945.07|0|661945.07|0|0|0|14723.46|0|0|0|0|0|639207.36|NJ|11||||||8000|0|03/31/2026|493|0
H6NJ11286|MEJIA, ANALILIA|I|1|DEM|1147464.05|79000|726287.97|0|0|421176.08|7000|0|0|0|0|0|969864.05|NJ|11||||||82500|4600|03/31/2026|1668|2000
H6NJ11294|CAUVIN, JEAN-LOUIS MR.|C|1|DEM|111156.29|0|101803.56|0|0|9352.73|0|0|0|0|0|0|111156.29|NJ|11||||||0|0|06/30/2026|6750|0
H6NJ11302|LEWIS, JOSEPH MR. II|C|1|DEM|100835|0|296.97|0|0|100116.28|0|100000|0|0|0|100000|835|NJ|11||||||0|0|03/31/2026|0|0
H6NJ11310|WAY, TAHESHA|C|1|DEM|845396.85|0|807284.65|0|0|38112.2|0|0|0|0|0|0|828799.4|NJ|11||||||15900|0|03/31/2026|13650|0
H8NJ11142|SHERRILL, MIKIE|I|1|DEM|21555.92|0|205621.43|0|184065.51|0|0|0|0|0|0|0|500|NJ|11||||||0|0|01/15/2026|3978|0
H8NJ11167|BARTLETT, JOHN|C|1|DEM|480934.29|0|670594.87|0|189660.58|0|0|0|100000|0|68289.01|0|375445|NJ|11||||||5300|0|03/31/2026|21000|1500
H2NJ05014|FRELINGHUYSEN, RODNEY P.|I|2|REP|7.18|0|39251.5|0|106374.59|67130.27|0|0|0|0|0|0|0|NJ|11||||||0|0|03/31/2026|0|0
H2NJ11228|ANDERSON, TOBY|C|2|REP|0|0|1319.94|0|1319.94|0|0|0|0|0|0|0|0|NJ|11||||||0|0|09/30/2025|0|0
H6NJ11211|HATHAWAY, JOE|C|2|REP|524828.09|0|472370.67|0|0|52457.42|0|0|0|0|0|0|494553.09|NJ|11||||||28775|0|03/31/2026|3772|0
H6NJ11336|MATRISCIANO, VINCENT|C|3|UN|30000|0|0|0|0|30000|0|30000|0|0|0|30000|0|NJ|11||||||0|0|03/31/2026|0|0
H4NJ12131|GREENSTEIN, LINDA|O|1|DEM|0|0|0|0|0|0|0|0|0|0|0|0|0|NJ|12||||||0|0|04/12/2026|0|0
H4NJ12149|COLEMAN, BONNIE WATSON|I|1|DEM|302512.95|0|322246.82|0|39378.09|19644.22|0|0|0|0|0|0|177381.38|NJ|12||||||124583|0|03/31/2026|12125.5|3000
H4NJ12198|DART, DANIEL|C|1|DEM|0|0|2659.4|0|2659.4|0|0|0|0|2387.75|0|118686.46|0|NJ|12||||||0|0|01/28/2026|0|0
H6NJ12250|LITTLE, KYLE D|O|1|DEM|25000.69|0|33957.39|0|7114.07|-1842.63|0|0|0|0|0|2582.39|25000.69|NJ|12||||||0|0|03/31/2026|0|0
H6NJ12268|COHEN, BRAD|O|1|DEM|424371.18|0|237078.81|0|0|187292.37|0|0|0|0|0|10000|417621.18|NJ|12||||||6750|0|03/31/2026|5400|0
H6NJ12276|ROBINSON, SHANEL Y|O|1|DEM|114053.5|0|68288.7|0|0|45764.8|0|0|0|0|0|0|96028.5|NJ|12||||||17225|500|03/31/2026|50|0
H6NJ12284|SERVANCE, SQUIRE|O|1|DEM|268555.73|0|114997.42|0|0|153558.31|16214.36|150000|0|0|0|150000|102264.04|NJ|12||||||0|0|03/31/2026|100|0
H6NJ12292|SINGH, SUJIT|O|1|DEM|117459.61|0|22462.85|0|5302|94996.89|5500|90000|0|0|0|90000|21959.61|NJ|12||||||0|0|03/31/2026|0|0
H6NJ12300|REYNOLDS-JACKSON, VERLINA|O|1|DEM|216049.2|0|70595.45|0|0|145453.75|3500|0|0|0|0|0|194049.2|NJ|12||||||18500|0|03/31/2026|3650|0
H6NJ12318|VAINGANKAR, JAY|O|1|DEM|261349.59|0|123577.7|0|0|137771.89|7000|0|0|0|0|0|248659.72|NJ|12||||||5500|0|03/31/2026|10|0
H6NJ12326|MAPP, ADRIAN O MR|O|1|DEM|369247.76|0|206447.69|0|0|162800.07|15000|0|0|0|0|0|344065|NJ|12||||||10000|0|03/31/2026|0|0
H6NJ12359|DIXON, ELIJAH|O|1|DEM|7980|0|5242.29|0|0|2737.71|0|0|0|0|0|0|7980|NJ|12||||||0|0|03/31/2026|0|0
H6NJ12367|ADAMS, MATTHEW MARK|O|1|DEM|72217.84|0|31946.69|0|0|40271.15|50316.87|0|0|0|0|0|21900.97|NJ|12||||||0|0|03/31/2026|25.81|0
H6NJ12383|MORALES, RICHARD|O|1|DEM|125130|0|105003.21|0|0|20126.79|0|0|0|0|0|0|125130|NJ|12||||||0|0|03/31/2026|63300|0
H6NJ12391|WANG, SAMUEL S.-H. MR.|O|1|DEM|307107.02|0|17895.65|0|0|289211.37|100|110000|0|0|0|110000|196767.02|NJ|12||||||0|0|03/31/2026|35|0
H6NJ12409|ANDERSON, MICHAEL|O|1|DEM|1275|0|290.31|0|0|984.69|0|0|0|0|0|0|1275|NJ|12||||||0|0|12/31/2025|0|0
H6NJ12417|HAMAWY, ADAM|O|1|DEM|546965.4|0|126859.07|0|0|420106.33|0|0|0|0|0|0|537915.4|NJ|12||||||9050|0|03/31/2026|0|0
H6NJ12433|ALTMAN, SUSAN COPIUS|O|1|DEM|406374.87|0|132878.24|0|0|273496.63|0|0|0|0|0|0|403374.87|NJ|12||||||3000|0|03/31/2026|35|0
H2NJ06210|MELE, GREGG|O|2|REP|54740.08|0|49923.51|0|0|4816.57|0|45306.4|0|0|0|71528.8|9433.68|NJ|12||||||0|0|03/31/2026|9.5|0
H2NJ12127|MAYFIELD, DARIUS|O|2|REP|300.51|0|432|0|131.49|0|300.51|0|0|0|0|0|0|NJ|12||||||0|0|01/23/2025|0|0
H2NM01144|STANSBURY, MELANIE|I|1|DEM|1038465.32|16907.53|828379.39|0|145708.66|355794.59|0|0|0|0|0|0|852089.15|NM|01||||||167328.76|0|03/31/2026|2307.1|0
H8NM01224|HEINRICH, MARTIN|C|1|DEM|1211120.87|9090|1053651.63|0|319551.15|477020.39|0|0|0|0|0|0|857364.6|NM|01||||||341421.39|0|03/31/2026|634.72|5000
H8NM01299|PIDCOCK, ROBERT L|O|1|DEM|0|0|0|0|2659.92|2659.92|0|0|0|0|0|119579.8|0|NM|01||||||0|0|03/31/2026|0|0
H8NM01331|HAALAND, DEBRA|I|1|DEM|282.96|0|233563.95|0|233290.99|10|0|0|0|0|0|0|0|NM|01||||||0|0|03/27/2025|-2200|0
H8NM01430|MOYA, PAUL|O|1|DEM|0|0|0|0|0|0|0|0|0|0|0|75000|0|NM|01||||||0|0|03/31/2026|0|0
H4NM01140|JONES, STEVE|C|2|REP|396.4|0|26253.77|0|25581.18|-276.19|0|-103.6|0|0|0|192450.48|500|NM|01||||||0|0|03/31/2026|0|0
H6NM01129|OKPAREKE, NDIDIAMAKA|C|2|REP|53551.41|0|23957.68|0|0|29593.73|0|0|0|0|0|0|53551.41|NM|01||||||0|0|03/31/2026|0|0
H2NM01235|ARAGON, EDDY|C|3|IND|4999.46|0|4999.46|0|0|0|0|0|0|0|0|0|4999.46|NM|01||||||0|0|04/15/2026|0|0
H2NM02191|VASQUEZ, GABRIEL|I|1|DEM|2883217.58|300759.86|1045006.49|0|39085.13|1877296.22|0|0|0|0|0|0|1822745.83|NM|02||||||750994.6|3668.96|03/31/2026|12578.74|1250
H8NM02248|TORRES SMALL, XOCHITL|I|1|DEM|0|0|246.09|0|246.09|0|0|0|0|0|0|0|0|NM|02||||||0|0|07/14/2025|0|0
H0NM02229|CHASE, CLAIRE|C|2|REP|0|0|0|0|11260.16|11260.16|0|0|0|0|0|98717.87|0|NM|02||||||0|0|03/31/2026|0|0
H6NM02119|ARAGON, EDDY|C|2|REP|4999.46|0|4999.46|0|0|0|0|0|0|0|0|0|4999.46|NM|02||||||0|0|04/15/2026|0|0
H6NM02127|CUNNINGHAM, GREG|C|2|REP|397444.73|0|193456.45|0|0|203988.28|0|0|0|0|0|0|387444.73|NM|02||||||10000|0|03/31/2026|35|0
H6NM02135|OROZCO, JOSE|C|2|REP|216508.78|0|127696.46|0|0|88812.32|0|0|0|0|0|5000|216508.78|NM|02||||||0|0|03/31/2026|1444.12|0
H8NM02156|HERRELL, STELLA YVETTE|C|2|REP|5210.65|3898.82|33783.69|10000|19584.22|0|0|0|0|0|0|0|-83.26|NM|02||||||0|0|06/30/2025|0|0
H0NM03102|LEGER FERNANDEZ, TERESA|I|1|DEM|1036793.27|5500|778842.7|892.5|407925.57|665876.14|0|0|0|0|0|0|861065.78|NM|03||||||164850|0|03/31/2026|795|2500
H0NM03185|BLAIR, JOHN|O|1|DEM|0|0|0|0|2256.18|2256.18|0|0|0|0|0|0|0|NM|03||||||0|0|03/31/2026|0|0
H8NM03196|LUJAN, BEN R MR.|I|1|DEM|4658613.41|953120|1696484.92|0|1213792.89|4175921.38|0|0|0|0|0|0|2408143.73|NM|03||||||1280050|0|03/31/2026|48995.38|10500
H2NM03173|MARTINEZ JOHNSON, ALEXIS|C|2|REP|0|0|0|0|2350.93|2350.93|0|0|0|0|0|11350.93|0|NM|03||||||0|0|03/31/2026|0|0
H4NM03096|CLAHCHISCHILLIAGE, SHARON|C|2|REP|0|0|67.28|0|514.23|446.95|0|0|0|0|0|3232.5|0|NM|03||||||0|0|03/31/2026|0|0
H6NM03083|ZAMORA, MARTIN R|C|2|REP|407819.88|0|130030.29|0|0|277789.59|0|0|0|0|0|0|394119.88|NM|03||||||13500|200|03/31/2026|4500|0
H6NV01323|PERESZLENYI, ALEX|C|1|DEM|9412.13|0|9412.13|0|0|0|1696.99|0|0|0|0|0|7715|NV|01||||||0|0|12/29/2025|0|0
H6NV01356|HOOVER, JOY|C|1|DEM|67424.55|0|65982.89|0|0|1441.66|0|0|0|0|0|0|67299.55|NV|01||||||125|0|03/31/2026|0|0
H8NV03036|TITUS, DINA|I|1|DEM|1154633.64|84329.86|250354.94|0|155363.56|1059642.26|0|0|0|0|0|0|499213.74|NV|01||||||570100|981.03|03/31/2026|262.11|2500
H0NV01219|LARIOS-ELIAS, CITLALY|C|2|REP|0|0|0|0|0|0|0|0|0|0|0|4000|0|NV|01||||||0|0|03/31/2026|0|0
H2NV03153|ROBERTSON, MARK|C|2|REP|0|0|9696.33|0|9696.33|0|0|0|0|0|0|0|0|NV|01||||||0|0|01/29/2025|0|0
H4NV01203|LARSEN, FLEMMING|C|2|REP|0|0|0|0|0|0|0|0|0|0|0|0|0|NV|01||||||0|0|03/31/2025|0|0
H4NV01237|BORIS, MICHAEL|C|2|REP|72860|0|12060|0|0|60800|0|62000|0|0|0|62000|10860|NV|01||||||0|0|03/31/2026|0|0
H6NV01307|MARCHANT, JIM|C|2|REP|4846.5|0|4681.62|0|0|164.88|0|0|0|0|0|0|4846.5|NV|01||||||0|0|03/31/2026|0|0
H6NV01331|BUCK, CARRIE|C|2|REP|934219.72|1391.27|565180.09|0|0|369039.63|3732|0|0|0|0|30812.85|918096.44|NV|01||||||11000|0|03/31/2026|8254.94|0
H6NV01349|HANOFF, KEITH|C|2|REP|31711.66|0|31711.66|0|0|0|25|7000|0|6619.51|0|0|24686.66|NV|01||||||0|0|10/24/2025|0|0
H6NV01414|SAGE, RICK|C|2|REP|0|0|0|0|0|0|0|0|0|0|0|0|0|NV|01||||||0|0|03/31/2026|0|0
H8NV01113|BLOCKEY, JIM|C|2|REP|18451.1|0|17521.48|0|0|929.62|0|0|0|0|0|0|18451.1|NV|01||||||0|0|03/31/2026|0|0
H6NV01315|KHAN, AFZAL|C|3|IND|80169.69|0|63225.41|0|0|16944.28|0|0|3466|0|0|7166|76703.69|NV|01||||||0|0|03/31/2026|0|0
H4NV02185|KIDD, GREG|O|1|DEM|562946.51|0|602110.38|0|61801.64|22637.77|0|560000|0|0|0|9260000|0|NV|02||||||0|0|03/31/2026|0|0
H6NV02289|DURHAM, KATHY L|O|1|DEM|14523.78|0|9900.57|0|0|4623.21|251.78|600|0|0|0|2515.19|13672|NV|02||||||0|0|03/31/2026|0|0
H6NV02297|FONKEN, MATTHEW WILLIAM|O|1|DEM|59615|0|51876.41|0|0|7738.59|0|0|0|0|0|18568.5|53615|NV|02||||||6000|0|03/31/2026|0|0
H6NV02305|WADSWORTH, MORGAN LEIGH|O|1|DEM|3643|0|463.7|0|25|3204.3|0|675|0|0|0|675|2968|NV|02||||||0|0|03/31/2026|0|0
H6NV02347|HEBERT, JOSHUA RUSSELL DR.|O|1|DEM|19371.66|0|11309.34|0|7902.91|15965.23|5347.66|5000|0|0|0|5000|9024|NV|02||||||0|0|03/31/2026|0|0
H6NV02362|BENITEZ-THOMPSON, TERESA|O|1|DEM|57120.5|0|3807.73|0|0|53312.77|0|20000|0|0|0|20000|37120.5|NV|02||||||0|0|03/31/2026|0|0
H2NV02395|AMODEI, MARK EUGENE|I|2|REP|525367.7|0|448836.76|5000|361040.61|437571.55|0|0|0|0|0|9000|339617.7|NV|02||||||185750|0|03/31/2026|52700|6000
H2NV02544|TARKANIAN, DANNY|C|2|REP|0|0|0|0|8915.12|8915.12|0|0|0|0|0|514419.31|0|NV|02||||||0|0|03/31/2026|0|0
H4NV04108|FLIPPO, DAVID|C|2|REP|1733804.89|0|1104505.47|0|4161.21|644015.33|30000|1185000|110000|21500|0|1285204.39|397907.14|NV|02||||||0|0|03/31/2026|101200|0
H6NV02396|SETTELMEYER, JAMES ARNOLD|O|2|REP|108270|0|5256.27|0|0|103013.73|0|0|0|0|0|0|105770|NV|02||||||2500|0|03/31/2026|3500|0
H6NV02412|LOWE, ANDREA|O|2|REP|875|0|0|0|0|875|0|450|0|0|0|450|425|NV|02||||||0|0|03/31/2026|0|0
H6NV02420|FORBUSH, GEORGE|O|2|REP|10731.22|0|6318.8|0|0|4412.42|0|5000|0|0|0|5000|5350|NV|02||||||0|0|03/31/2026|0|0
H6NV03139|ROSEN, JACKY|I|1|DEM|1201412.28|5067.65|1965602.58|0|1780095.8|1015905.5|0|0|0|0|0|0|863506.07|NV|03||||||123000|0|03/31/2026|60393.89|0
H6NV03246|LALLY, JAMES DR.|C|1|DEM|839271.1|0|649072.05|0|0|190199.05|0|600000|0|0|0|600000|231888.45|NV|03||||||7382.65|0|03/31/2026|489|0
H6NV04020|LEE, SUSIE|I|1|DEM|3498064.3|158220.48|895743.22|0|466654.54|3068975.62|0|0|0|0|0|0|2259699.62|NV|03||||||1043938.33|2999.1|03/31/2026|5287.01|4500
H0NV03132|RODIMER, DAN|C|2|REP|0|0|0|0|10287.08|10287.08|0|0|0|0|0|0|0|NV|03||||||0|0|03/31/2026|0|0
H2NV03195|KOVACS, JOHN|C|2|REP|0|0|0|0|0|0|0|0|0|0|0|487789.7|0|NV|03||||||0|0|03/31/2026|0|0
H2NV04045|TARKANIAN, DANNY||2|REP|0|0|0|0|0|0|0|0|0|0|0|0|0|NV|03||||||0|0|03/31/2026|0|0
H4NV01153|TEIJEIRO, ANNETTE|O|2|REP|0|0|0|0|9751.91|9751.91|0|0|0|0|0|11836.24|0|NV|03||||||0|0|03/31/2026|0|0
H4NV03167|JOHNSON, DREW|C|2|REP|1242.16|0|15925.89|0|14683.73|0|0|0|0|0|0|207059.27|1242.16|NV|03||||||0|0|12/01/2025|3935.35|0
H4NV03175|LONDON, STEVEN|C|2|REP|42404.45|0|42404.45|0|0|0|42404.45|0|0|0|0|0|0|NV|03||||||0|0|10/29/2025|0|0
H4NV03225|O'DONNELL, MARTY|C|2|REP|3225990.48|0|503914.27|0|0|2722076.21|7000|3000000|0|0|0|3000000|168295.96|NV|03||||||1000|0|03/31/2026|9475.95|0
H6NV03097|TEIJEIRO, ANNETTE|O|2|REP|0|0|0|0|9751.91|9751.91|0|0|0|0|0|11836.24|0|NV|03||||||0|0|03/31/2026|0|0
H6NV03196|BRANDLIN, CHRISTOPHER PAUL|C|2|REP|191276.54|0|191276.54|0|0|0|70847.54|108179|0|108179|0|0|12250|NV|03||||||0|0|12/15/2025|0|0
H6NV03204|O'DONNELL, MARTY|C|2|REP|3225990.48|0|503914.27|0|0|2722076.21|7000|3000000|0|0|0|3000000|168295.96|NV|03||||||1000|0|03/31/2026|9475.95|0
H6NV03212|NAGY, AURY|C|2|REP|1076398.73|0|330476.98|0|0|745921.75|0|1020000|0|0|0|1020000|55833|NV|03||||||0|0|03/31/2026|0|0
H6NV03220|ANDERSON, TERA|C|2|REP|286720.19|0|99294.15|0|0|187426.04|0|100100|0|0|0|100100|186620.19|NV|03||||||0|0|03/31/2026|0|0
H6NV03238|KENNEDY, RONDA|C|2|REP|350000|0|5689.63|0|0|344310.37|0|350000|0|0|0|350000|0|NV|03||||||0|0|03/31/2026|0|0
H6NV03253|DOMINGUEZ, LYDIA|C|2|REP|27465.05|0|27465.05|0|0|0|0|0|0|0|0|0|26465.05|NV|03||||||1000|0|03/31/2026|0|0
H6NV03261|WALTERS, JOSHUA|C|2|REP|47841.64|0|47841.64|0|0|0|47791.64|0|0|0|0|0|50|NV|03||||||0|0|11/21/2025|0|0
H6NV03287|GUNTER, JEFF DR.|C|2|REP|777063.05|0|747003.31|0|0|30059.74|0|750000|0|725000|0|29500|26937.02|NV|03||||||126.03|0|03/31/2026|0|0
H6NV03303|SHOAF, ELGIN LEDESMA|C|2|REP|0|0|0|0|0|0|0|0|0|0|0|0|0|NV|03||||||0|0|03/02/2026|0|0
H2NV00050|KIHUEN, RUBEN|I|1|DEM|0|0|5197.21|0|77796.6|72599.39|0|0|0|0|0|0|0|NV|04||||||0|0|03/31/2026|0|0
H2NV04011|HORSFORD, STEVEN ALEXZANDER|I|1|DEM|2574891.41|84866.94|1464880.63|0|6290.51|1116301.29|0|0|0|0|0|30641.89|1068829.25|NV|04||||||1408059.15|2791.27|03/31/2026|8351.99|3500
H0NV04064|BLUNDO, LEO|C|2|REP|0|0|0|0|1270.87|1270.87|0|0|0|0|0|9500|0|NV|04||||||0|0|03/31/2026|0|0
H4NV04116|LEE, JOHN|C|2|REP|0|0|1102.93|0|1102.93|0|0|0|0|162.93|0|0|0|NV|04||||||0|0|01/28/2025|0|0
H6NV04111|WHIPPLE, CODY K|C|2|REP|622721.48|0|249263.68|0|0|373457.8|14368.76|300000|0|0|0|399857.43|304852.72|NV|04||||||3500|0|03/31/2026|750|0
H6NV04129|HILL, AARON DR.|C|2|REP|48442.56|0|43870.58|0|0|4571.98|0|0|0|0|0|0|48440.51|NV|04||||||0|0|06/30/2025|0|0
H6NV04137|KENNEDY, RONDA|C|2|REP|350000|0|5689.63|0|0|344310.37|0|350000|0|0|0|350000|0|NV|04||||||0|0|03/31/2026|0|0
H6NY04138|SMITHMYER, MARTIN PAUL|C|2|REP|0|0|0|0|0|0|0|0|0|0|0|0|0|NY|00||||||0|0|09/24/2025|0|0
H2NY01117|HAHN, KARA|O|1|DEM|0|0|10805.77|0|66082.54|55276.77|0|0|0|0|0|0|0|NY|01||||||0|0|03/31/2026|0|0
H2NY01141|ANTONUCCI, NICHOLAS|O|1|DEM|0|0|0|0|101.63|101.63|0|0|0|0|0|0|0|NY|01||||||0|0|12/31/2025|0|0
H4NY01139|GAUGHRAN, JAMES F|C|1|DEM|0|0|16218.47|0|71245.89|55027.42|0|0|0|0|0|0|0|NY|01||||||0|0|03/31/2026|0|0
H4NY01162|GOROFF, NANCY|C|1|DEM|517.28|0|1978.93|0|1461.65|0|0|0|0|419.98|0|1199580.02|0|NY|01||||||0|0|05/12/2025|0|0
H6NY01134|VENTOURAS, LUKAS|C|1|DEM|103421.76|0|83609.31|0|87.59|36361.97|2700|3800|0|0|0|0|96616.56|NY|01||||||250|0|03/31/2026|0|0
H6NY01159|GALLANT, CHRISTOPHER|C|1|DEM|423882.91|0|351492.18|0|0|72390.73|3500|0|0|0|0|0|411882.91|NY|01||||||8500|0|03/31/2026|5600|0
H6NY01209|JACOBS, JONATHAN LEWIS|C|1|DEM|79475|0|40775.16|0|50|38749.84|0|0|0|0|0|0|79475|NY|01||||||0|0|03/31/2026|0|0
H0NY03083|DEVOLDER-SANTOS, GEORGE|I|2|REP|0|0|0|0|5555.65|5555.65|0|0|0|0|0|811092.07|0|NY|01||||||0|0|03/31/2025|0|0
H2NY01190|NICK, LALOTA|I|2|REP|3145283.1|1328791.04|817675.23|92789.49|676077.66|3003685.53|0|0|0|0|0|0|960644.32|NY|01||||||752700|0|03/31/2026|19279.88|16000
H2NY01257|BOND, MICHELLE|O|2|REP|0|0|105|0|170.82|65.82|0|0|0|0|0|877231|0|NY|01||||||0|0|03/31/2026|0|0
H2NY02149|CORRIGAN, CAIT|C|2|REP|0|0|0|0|0|0|0|0|0|0|0|8248.13|0|NY|01||||||0|0|03/31/2026|0|0
H4NY02087|LUBIN, ROB|C|1|DEM|39.67|0|6517.01|0|11257.5|4780.16|0|0|0|2500|0|147500|0|NY|02||||||0|0|03/31/2026|0|0
H6NY02132|TAVERAS, JOSHUA J|C|1|DEM|1528.01|0|1236.62|0|0|0|25|0|0|0|0|0|1503.01|NY|02||||||0|0|09/30/2026|0|0
H6NY02140|HALPIN, PATRICK|C|1|DEM|374867.54|0|299970.94|0|0|74896.6|7000|0|0|0|0|0|359917.54|NY|02||||||7950|0|03/31/2026|2661|3500
H6NY02173|PETERSEN, GARRETT|C|1|DEM|22572|0|17270.99|0|0|5301.01|1500|0|0|0|0|0|21072|NY|02||||||0|0|03/31/2026|0|0
H6NY02181|MURPHY, JESSICA NICOLE|C|1|DEM|81883.41|0|24951.03|0|-12.17|56920.21|6572.12|50000|0|0|0|50000|25311.29|NY|02||||||0|0|03/31/2026|0|0
H0NY02234|GARBARINO, ANDREW|I|2|REP|2488652.45|471948.06|1327847.06|0|1545606.29|2706411.68|0|0|0|0|0|0|509210.71|NY|02||||||1456500|0|03/31/2026|0|0
H2NY03089|KING, PETE|I|2|REP|100|0|118208.16|7000|253984.07|135875.91|0|0|0|0|0|0|0|NY|02||||||0|0|03/31/2026|0|0
H2NY03154|RASOOL, REEMA|O|1|DEM|0|0|0|0|33524.23|33524.23|0|0|0|0|0|0|0|NY|03||||||0|0|06/30/2025|0|0
H4NY03127|MALAMED, ZAK|O|1|DEM|10775.13|0|13526.01|0|281464.79|278713.91|0|0|0|0|0|0|0|NY|03||||||0|0|03/31/2026|550|0
H4NY03150|LIVINGSTON, SCOTT|O|1|DEM|0|0|1000|0|0|-1500|0|0|0|0|0|0|0|NY|03||||||0|0|12/31/2025|0|0
H6NY03247|SUOZZI, THOMAS|I|1|DEM|4110037.41|132607.6|1073539.94|0|2034341.17|5070838.64|0|0|0|0|0|0|2719546.37|NY|03||||||1256543.69|1232.99|03/31/2026|44526.59|1000
H6NY03320|WELCH, DANIELLE|C|1|DEM|27289.76|0|9774.95|0|0|17514.81|0|0|0|0|0|852.31|27289.76|NY|03||||||0|0|03/31/2026|0|0
H0NY02267|LIPETRI, MIKE|O|2|REP|0|0|10539.14|0|15789.6|5250.46|0|0|0|0|0|0|0|NY|03||||||0|0|03/31/2026|907.92|0
H4NY03085|CURRY, KELLEN|O|2|REP|0|0|682.54|0|47852.2|47169.66|0|0|0|0|0|0|0|NY|03||||||0|0|03/31/2026|0|0
H4NY03184|SAPRAICONE, MICHAEL|O|2|REP|12698.81|0|59138.57|0|54375.74|7935.98|0|0|0|0|0|615250|0|NY|03||||||6600|0|03/31/2026|0|0
H4NY03192|HACH, GREGORY|C|2|REP|525485.65|0|267748.8|0|9235.94|266972.79|0|500000|0|0|0|710000|25485.65|NY|03||||||0|0|03/31/2026|0|0
H4NY03283|PILIP, MAZI MELESA|O|2|REP|220|0|9109.28|0|8889.28|0|0|0|0|0|0|0|0|NY|03||||||0|0|03/31/2025|-2455|0
H6NY03304|LIPETRI, MIKE|C|2|REP|691459.47|383149.5|104407.28|0|0|587052.19|0|0|0|0|0|11671.2|210809.97|NY|03||||||92500|5000|03/31/2026|1224.11|0
H2NY04186|SHAKIL, KEVIN BRYAN|C|1|DEM|0|0|0|0|608.24|608.24|0|0|0|0|0|10916.66|0|NY|04||||||0|0|03/31/2026|0|0
H2NY04244|GILLEN, LAURA|C|1|DEM|4184749.92|913746.56|967321.51|0|23203.32|3240631.73|0|0|0|0|0|0|2416293.81|NY|04||||||810600|2691.55|03/31/2026|20292.58|7000
H4NY04174|JONES, GIAN A|C|1|DEM|7436.5|0|5337.52|0|9582.92|11681.9|1100|0|0|0|0|2348|6336.5|NY|04||||||0|0|03/31/2026|0|0
H6NY04146|SCIRETTA, NICHOLAS JUDE|C|1|DEM|7|0|0|0|0|7|0|0|0|0|0|0|7|NY|04||||||0|0|09/30/2025|0|0
H6NY04187|BIERRIA-ANDERSON, KIANA|C|1|DEM|26937|0|18322.52|0|0|8614.48|0|0|0|0|0|0|26937|NY|04||||||0|0|03/31/2026|0|0
H6NY04203|DARLING, TAYLOR R|C|1|DEM|24053|0|9444.04|0|0|14608.96|0|0|0|0|0|0|24203|NY|04||||||-150|0|03/31/2026|0|0
H0NY04057|SCATURRO, FRANK MR.|O|2|REP|250|0|120|0|1007.55|1137.55|250|0|0|0|0|263723.51|0|NY|04||||||0|0|03/31/2026|0|0
H2NY04160|STANIFORD, WILLIAM|C|2|REP|0|0|0|0|85.44|85.44|0|0|0|0|0|89500|0|NY|04||||||0|0|06/30/2025|0|0
H2NY04277|DESPOSITO, ANTHONY P|I|2|REP|23433.53|2660.26|83077.98|1064|46171.25|-13473.2|0|150|0|0|0|64008.75|12402.66|NY|04||||||0|0|03/31/2026|1044.84|0
H6NY04179|MCGRATH, DENNIS JOSEPH MR.|C|2|REP|10000|0|8910.88|0|0|1089.12|0|0|10000|0|0|10000|0|NY|04||||||0|0|03/31/2026|0|0
H6NY04195|SUBER WILLIAMS, MARVIN|C|2|REP|87763.82|0|83197|0|0|4566.82|0|76000|0|0|0|76000|11762|NY|04||||||0|0|03/31/2026|100|0
H6NY05051|SANDERS, JAMES JR|C|1|DEM|0|0|400|0|25674.66|25274.66|0|0|0|0|0|0|0|NY|05||||||0|0|03/31/2026|0|0
H8NY06048|MEEKS, GREGORY W.|I|1|DEM|1268889.29|175584.3|1627374.69|0|2228552.07|1870066.67|0|0|0|0|0|0|372415.34|NY|05||||||720800|0|03/31/2026|3072.1|0
H2NY06116|MENG, GRACE|I|1|DEM|1402596.31|0|1085539.45|0|968885.81|1285942.67|0|0|0|0|0|0|1039204.59|NY|06||||||363050|0|03/31/2026|8515|0
H6NY06166|PARK, CHARLES|C|1|DEM|283550.12|0|152031.35|0|0|128018.77|1150|0|0|0|0|0|282400.12|NY|06||||||0|0|03/31/2026|3895|0
H0NY06086|ZMICH, THOMAS|C|2|REP|0|0|0|0|252.95|252.95|0|0|0|0|0|105000|0|NY|06||||||0|0|06/30/2025|0|0
H4NY06047|CHOU, JOSEPH|C|2|REP|0|0|386.68|0|2121.24|1734.56|0|0|0|0|0|6192|0|NY|06||||||0|0|03/31/2026|0|0
H2NY09102|LANCMAN, RORY|C|3|WFP|440|0|258|0|5378.21|5560.21|0|0|0|0|0|235090.98|0|NY|06||||||0|0|03/31/2026|0|0
H2NY00010|VELAZQUEZ, NYDIA M.|I|1|DEM|180256.68|0|226034.71|0|159566.43|113788.4|0|0|0|0|0|7736.52|115756.68|NY|07||||||64500|0|03/31/2026|2800|3500
H4NY10130|HUTCHISON, EVAN HALE|C|1|DEM|15396.57|0|15393.85|0|1222.33|1225.05|0|8070|0|2000|0|23155.79|7326.57|NY|07||||||0|0|03/31/2026|0|0
H6NY02165|OSORIO, EDWIN|O|1|DEM|4690|0|2754.03|0|300|2235.97|0|2500|0|0|0|2500|2190|NY|07||||||0|0|03/31/2026|0|0
H6NY07164|REYNOSO, ANTONIO|O|1|DEM|630067.5|0|133393.17|0|0|496674.33|0|0|0|0|0|0|614617.5|NY|07||||||15450|0|03/31/2026|17250|0
H6NY07214|VALDEZ, CLAIRE|O|1|DEM|751680.42|0|273559.06|0|0|478121.36|0|0|0|0|0|0|735180.42|NY|07||||||16500|0|03/31/2026|0|0
H6NY07230|KUMAR, VICHAL|O|1|DEM|114817.03|0|54042.86|0|0|60774.17|12011.03|0|0|0|0|0|102806|NY|07||||||0|0|03/31/2026|0|0
H6NY07248|WON, JULIE JAEHEE|O|1|DEM|644604.26|0|154247.51|0|0|490356.75|0|0|0|0|0|0|635104.26|NY|07||||||9500|0|03/31/2026|0|0
H2NY10092|JEFFRIES, HAKEEM|I|1|DEM|12393431.53|1535783.5|11891737.97|0|4954564.65|5456258.21|0|0|0|0|0|0|9270268.23|NY|08||||||1547000|0|03/31/2026|135803.53|5000
H6NY08139|BOSTIC, VANCE|C|1|DEM|37087.94|0|14112.94|0|0|22975|0|2000|0|0|0|2000|35085.76|NY|08||||||0|0|03/31/2026|0|0
H6NY08147|OSSE, CHI|C|1|DEM|32211.78|0|32211.78|0|0|0|0|0|0|0|0|0|32211.78|NY|08||||||0|0|12/31/2025|13035|0
H2NY09086|WEPRIN, DAVID I|O|1|DEM|0|0|1400|0|11399.36|9999.36|0|0|0|0|0|0|0|NY|09||||||0|0|03/31/2026|0|0
H4NY11138|CLARKE, YVETTE D|I|1|DEM|821642.89|0|803213.43|0|110054.74|128484.2|0|0|0|0|0|129534.28|353241.58|NY|09||||||463592.45|0|03/31/2026|2175|5100
H6NY09152|GOLDFARB, MICHAEL|C|1|DEM|300269|0|229100.67|0|0|71168.33|0|0|100000|0|50000|50000|198269|NY|09||||||2000|0|03/31/2026|0|0
H8NY09158|BUNKEDDEKO, ADEM|C|1|DEM|0|0|0|0|869.02|869.02|0|0|0|0|0|8790.81|0|NY|09||||||0|0|12/31/2025|0|0
H6NY09160|DEPALIS, JEAN FRITZNER|C|2|REP|6202.12|0|4169.31|0|0|1054.94|0|2301.26|2710|0|2710|3551.95|658|NY|09||||||0|0|04/15/2026|0|0
H2NY10266|SIMON, JO ANNE|C|1|DEM|0|0|384.2|0|64247.8|63863.6|0|0|0|0|0|404000|0|NY|10||||||0|0|03/31/2026|0|0
H2NY10308|GOLDMAN, DANIEL|I|1|DEM|4274013.5|663550|3700925.84|0|932248.88|1505336.54|0|0|0|0|0|4888468.2|3248192.26|NY|10||||||356750|0|03/31/2026|40738.18|15500
H6NY10143|MAJID, SAVAIL|C|1|DEM|4842.83|0|1633.46|0|0|3925.97|0|1541.83|0|0|0|1541.83|3301|NY|10||||||0|0|03/31/2026|0|0
H6NY10176|LANDER, BRAD MR.|C|1|DEM|1374757.58|0|711564.21|0|0|663193.37|0|0|0|0|0|0|1359757.58|NY|10||||||15000|0|03/31/2026|2420|0
H2NY10134|HAMDAN, BENINE|C|2|REP|0|0|0|0|0|0|0|0|0|0|0|20000|0|NY|10||||||0|0|12/31/2025|0|0
H6NY11232|MCGHIE, TROY|C|1|DEM|79596.72|0|72919.34|0|0|6677.38|250|0|0|0|0|0|71346.72|NY|11||||||1500|0|03/31/2026|270|0
H6NY11265|DECILLIS, MICHAEL|C|1|DEM|31959.94|0|4133.95|0|0|27825.99|0|0|0|0|0|0|31959.94|NY|11||||||0|0|03/31/2026|0|0
H6NY11273|ZIOGAS, ALLISON|C|1|DEM|85320.73|0|21079.45|0|0|64241.28|0|0|0|0|0|0|67820.73|NY|11||||||17500|0|03/31/2026|0|0
H8NY11097|DECILLIS, ALFRED MICHAEL|C|1|DEM|31959.94|0|4133.95|0|0|27825.99|0|0|0|0|0|0|31959.94|NY|11||||||0|0|03/31/2026|0|0
H8NY11139|MOHAN, RADHAKRISHNA|C|1|DEM|0|0|0|0|1746.33|1746.33|0|0|0|0|0|83395|0|NY|11||||||0|0|03/31/2026|0|0
H0NY11078|MALLIOTAKIS, NICOLE|I|2|REP|2313156.38|393915.82|1072903.21|0|1346246.46|2586499.63|0|0|0|0|0|0|959844.62|NY|11||||||878800|0|03/31/2026|9930.35|2500
H0NY11086|SALADINO, JOSEPH PETER|C|2|REP|0|0|0|0|4880.92|4880.92|0|0|0|0|0|24361.47|0|NY|11||||||0|0|03/31/2026|0|0
H0NY13074|GRIMM, MICHAEL|C|2|REP|0|0|52.92|0|52.92|0|0|0|0|0|0|0|0|NY|11||||||0|0|03/31/2026|0|0
H2NY12197|ABDELHAMID, RANA|C|1|DEM|2652.99|0|58117.58|0|110669.8|55205.21|0|0|0|0|0|0|0|NY|12||||||0|0|03/31/2026|0|0
H2NY17071|NADLER, JERROLD L|I|1|DEM|256148.09|0|291484.23|0|194551.65|159254.36|0|0|0|0|0|0|179573.37|NY|12||||||70500|0|03/31/2026|217|0
H6NY12164|ELKIND, LIAM|O|1|DEM|610471.94|0|437724.91|0|0|172747.03|0|0|0|0|0|0|610471.94|NY|12||||||0|0|03/31/2026|188362.5|0
H6NY12172|LASHER, MICAH CHARLES|O|1|DEM|2071992.26|0|480800.23|0|0|1591192.03|0|0|0|0|0|0|2063492.26|NY|12||||||8500|0|03/31/2026|2500|0
H6NY12180|PARDEE, ALAN|O|1|DEM|1191448.96|0|439006.85|0|0|752442.11|250000|450000|0|0|0|450000|471824.45|NY|12||||||0|0|03/31/2026|7133|0
H6NY12198|DUNN, LAURA L. MS. ESQ.|O|1|DEM|148941.82|0|123703.68|0|0|25238.14|22213.76|42910|0|0|0|98909.86|82817.75|NY|12||||||0|1000|03/31/2026|250|0
H6NY12214|BORES, ALEXANDER|O|1|DEM|2873154.03|0|490473.52|0|0|2382680.51|0|0|0|0|0|0|2864904.03|NY|12||||||8250|0|03/31/2026|15391|1750
H6NY12222|FLOYD, JAMI|O|1|DEM|605414.72|0|545821.96|0|0|59592.76|43194.32|350000|0|270000|0|80000|212219.45|NY|12||||||0|0|03/31/2026|14990|0
H6NY12230|KASKY, CAMERON|O|1|DEM|177342.71|0|177342.71|0|0|0|0|0|0|0|0|0|173842.71|NY|12||||||3500|0|03/31/2026|9500|0
H6NY12255|SCHLOSSBERG, JOHN (JACK) BOUVIER KENNE|O|1|DEM|2295141.2|0|1280291.09|0|0|1014850.11|0|0|0|0|0|0|2281517.7|NY|12||||||13500|0|03/31/2026|19352.1|0
H6NY12271|SHURKA, MATHEW|O|1|DEM|330173.12|0|321952.05|0|0|8221.07|0|0|100000|0|10000|90000|228873|NY|12||||||0|0|03/31/2026|76510|0
H6NY12347|CONWAY, GEORGE|O|1|DEM|3233720.74|0|2115099.08|0|0|1118621.66|0|0|0|0|0|0|3233720.74|NY|12||||||0|0|03/31/2026|28375.5|0
H6NY12354|DIEP, CHRISTOPHER|O|1|DEM|86761.88|0|73730.28|0|0|13031.6|0|81010|0|0|0|81423.4|5751.88|NY|12||||||0|0|03/31/2026|0|0
H6NY12388|SCHWALBE, NINA|O|1|DEM|402237.4|0|292781.92|0|0|109455.48|7025|73000|0|23000|0|50000|321212.4|NY|12||||||1000|0|03/31/2026|350|0
H6NY12396|TIMMINS, PATRICK JOHN MR.|O|1|DEM|14773|0|10218.99|0|0|4554.01|0|11110|0|0|0|19010|3663|NY|12||||||0|0|03/31/2026|0|0
H2NY12221|ZUMBLUSKAS, MICHAEL|C|2|REP|0|0|0|0|0|0|0|0|0|0|0|0|0|NY|12||||||0|0|06/30/2025|0|0
H6NY12263|JORDAN, AMY|O|2|REP|58896.52|0|58896.52|0|0|0|3500|50000|0|845.03|0|0|5345|NY|12||||||0|0|04/13/2026|0|0
H6NY12362|ZAPPONE, MASSIMILIANO|O|2|REP|15126.03|0|1512.51|0|0|13613.52|0|15000|0|0|0|15000|126.03|NY|12||||||0|0|03/31/2026|100|0
H6NY12404|SHINKLE, CAROLINE|O|2|REP|70912.15|0|9585.65|0|0|61326.5|1379.32|25000|0|0|0|49969.11|43532.83|NY|12||||||1000|0|03/31/2026|0|0
H6NY14202|ZUMBLUSKAS, MICHAEL K|C|2|REP|0|0|0|0|0|0|0|0|0|0|0|0|0|NY|12||||||0|0|06/30/2025|0|0
H6NY12297|ORTIZ, KAREN|O|3|IND|16892.08|0|18300.39|0|0|-1408.31|0|0|0|0|0|0|16892.08|NY|12||||||0|0|03/31/2026|0|0
H2NY13096|ESPAILLAT, ADRIANO|I|1|DEM|1348028.91|19832.67|696891.58|0|396424.69|1047562.02|0|0|0|0|0|0|994445.11|NY|13||||||332175|0|03/31/2026|10528.07|0
H6NY13105|WRIGHT, KEITH L T|O|1|DEM|0|0|0|0|0|0|0|0|0|0|0|200037.72|0|NY|13||||||0|0|03/31/2026|0|0
H6NY13238|AMADOR, JALIEL|C|1|DEM|5698.76|0|5698.76|0|0|0|16.77|0|0|0|0|0|5681.99|NY|13||||||0|0|02/27/2026|0|0
H6NY13253|ROMERO, OSCAR|C|1|DEM|11813.68|0|10227.19|0|0|1586.49|0|8574.68|0|0|0|8574.68|3239|NY|13||||||0|0|03/31/2026|25|0
H6NY13279|AVILA CHEVALIER, DARIALIZA|C|1|DEM|402878.17|0|185834.7|0|0|217043.47|0|0|0|0|0|0|390332.37|NY|13||||||12500|0|03/31/2026|4445|0
H4NY16079|DOLAN, MARTIN WILLIAM MR||1|DEM|39168.54|0|31305.41|0|0|7863.13|6118.54|33050|0|0|0|33050|0|NY|14||||||0|0|03/31/2026|0|0
H8NY15148|OCASIO-CORTEZ, ALEXANDRIA|I|1|DEM|27733214.94|76000|16778413.51|0|3734646.88|14689448.31|0|0|0|0|0|0|27207647.53|NY|14||||||17050|0|03/31/2026|141055.45|0
H2NY14128|FORTE, TINA|C|2|REP|742062.58|0|786311.33|0|82215.05|37966.3|0|0|0|0|0|15000|737633.53|NY|14||||||0|0|03/31/2026|3952.72|0
H6NY14251|HYSENAJ, DIAMANT|C|2|REP|297107.55|0|284229.75|0|0|12877.8|0|8888.88|0|0|0|27912.88|287468.67|NY|14||||||750|0|03/31/2026|0|0
H6NY14269|RIVERA-DIAZ, ARIEL|C|2|REP|1524.5|0|1494.5|0|0|30|0|0|0|0|0|2025|1524.5|NY|14||||||0|0|12/31/2025|0|0
H0NY15160|TORRES, RITCHIE JOHN|I|1|DEM|5972851.38|2783427.18|2626406.7|0|11423981.97|14770426.65|0|0|0|0|0|0|1976907.64|NY|15||||||496000|0|03/31/2026|8113.75|0
H4NY15147|VEGA, JOSE DAVID|C|1|DEM|205961.7|0|203958.9|0|1273.43|3276.23|0|0|0|0|0|0|204461.7|NY|15||||||1500|0|03/31/2026|1631.24|0
H6NY15175|NEMORIN, DALOURNY|C|1|DEM|154060.99|0|142215.22|0|0|11845.77|0|0|0|0|0|13866.59|149017.37|NY|15||||||5000|0|03/31/2026|56|0
H6NY15183|BLAKE, MICHAEL|C|1|DEM|361465.54|0|296575.56|0|0|64889.98|0|0|40000|0|0|40000|321465.54|NY|15||||||0|0|03/31/2026|0|0
H6NY15191|SEPTIMO, AMANDA N|C|1|DEM|11380|0|0|0|0|11380|0|0|0|0|0|0|11380|NY|15||||||0|0|12/31/2025|0|0
H0NY15111|FAULKNER , MICHEL|C|2|REP|0|0|0|0|232.13|232.13|0|0|0|0|0|10900|0|NY|15||||||0|0|03/31/2026|0|0
H6NY15167|EASTON, ANDRE CLEMENT MR.|C|3|IND|50650.23|0|41650.47|0|0|71.39|0|0|0|0|0|0|50650.23|NY|15||||||0|0|03/31/2026|0|0
H0NY16135|GHEBREGHIORGIS, ANDOM A.|C|1|DEM|0|0|0|0|89587.27|89587.27|0|0|0|0|0|0|0|NY|16||||||0|0|03/31/2026|0|0
H0NY16143|BOWMAN, JAMAAL|I|1|DEM|4313|3000|75207.06|0|79884.3|8990.24|0|0|0|0|0|23125.47|1295|NY|16||||||0|0|09/30/2025|-19434.1|-200
H4NY16061|GERALD, MICHAEL BERNARD DR.|C|1|DEM|0|0|3220|0|0|-1513.22|0|0|0|0|0|24577|0|NY|16||||||0|0|03/31/2026|0|0
H4NY16087|LATIMER, GEORGE|I|1|DEM|439671.43|0|498729.57|0|192653.99|133595.85|0|0|0|0|0|0|267350.6|NY|16||||||164150|0|03/31/2026|320|0
H2NY16115|FLISSER, MIRIAM LEVITT|C|2|REP|0|0|2403.38|0|2403.38|0|0|0|0|0|0|0|0|NY|16||||||0|0|06/30/2025|0|0
H0NY17174|JONES, MONDAIRE|C|1|DEM|9990.47|691.58|15099.01|0|42071.32|36962.78|0|0|0|0|0|0|0|NY|17||||||0|0|03/31/2026|4566.19|0
H2NY22139|MALONEY, SEAN PATRICK|I|1|DEM|15000|0|31045.25|0|16045.25|0|0|0|0|0|0|0|0|NY|17||||||0|0|12/31/2025|0|0
H6NY17155|REINMANN, JESSICA|C|1|DEM|655451.09|0|613342.41|31350|0|42108.68|115000|120000|0|120000|0|0|420222.65|NY|17||||||0|0|03/31/2026|30310|0
H6NY17163|DAVIDSON, BETH|C|1|DEM|1851606.79|0|993780.61|0|0|857826.18|0|0|0|0|0|0|1840355.68|NY|17||||||6940|0|03/31/2026|7339.72|100
H6NY17171|CONLEY, CAIT|C|1|DEM|2645257.86|166251.27|1110501.84|0|0|1534756.02|7000|0|0|0|0|0|2362582.04|NY|17||||||108050|0|03/31/2026|15819.85|0
H6NY17189|SACKS, MIKE|C|1|DEM|289470.42|0|263978.64|0|0|25491.78|0|0|0|0|0|0|289445.14|NY|17||||||0|0|03/31/2026|25|0
H6NY17197|SULLIVAN, JOHN|C|1|DEM|477859.36|0|470759.89|0|0|7099.47|3657|0|0|0|0|10468.01|449881.48|NY|17||||||1000|0|03/31/2026|32075|0
H6NY17205|PHILLIPS-STALEY, EFFIE|C|1|DEM|447226.9|5913.93|389090.8|0|0|68080.23|0|100000|95897|0|0|195897|244165.97|NY|17||||||0|0|03/31/2026|62|0
H6NY17213|CHATZKY, PETER|C|1|DEM|11640655.6|0|6043664.19|0|0|5596991.41|5|11291000|0|5251000|0|6040000|349150.6|NY|17||||||0|0|03/31/2026|250|0
H6NY17221|CAPPELLO, JOHN|C|1|DEM|64750|0|52198.85|0|0|12551.15|0|0|0|0|0|12851.48|64750|NY|17||||||0|0|03/31/2026|0|0
H0NY17315|MCARDLE SCHULMAN, MAUREEN B MRS|O|2|REP|0|0|0|0|0|0|0|0|0|0|0|0|0|NY|17||||||0|0|12/31/2025|0|0
H2NY17162|LAWLER, MICHAEL VINCENT|I|2|REP|6731833.32|2499964.77|2662149.19|0|169368.52|4239052.65|0|0|0|0|0|0|2599365.17|NY|17||||||1553568.62|5270|03/31/2026|97784.83|1000
H8NY19223|RYAN, PATRICK|I|1|DEM|4129518.1|344821.92|1366198.87|0|167191.36|2930510.59|0|0|0|0|0|0|3241152.53|NY|18||||||424546.61|0|03/31/2026|28127.5|500
H4NY00057|GWINN, LOVELYNN|C|2|REP|0|0|0|0|2116.33|2116.33|0|0|0|0|0|48032.25|0|NY|18||||||0|0|03/31/2026|0|0
H4NY18117|ESPOSITO, ALISON|C|2|REP|5114.71|0|8450.45|0|13859.11|10523.37|0|0|0|0|0|0|-1175.88|NY|18||||||0|0|03/31/2026|0|0
H6NY18179|CASTRICONE, DAN|C|2|REP|0|0|0|0|2835.57|2835.57|0|0|0|0|0|29793.41|0|NY|18||||||0|0|03/31/2026|0|0
H4NY18109|SMITH, SCOTT A|C|3|UNK|105|0|105|0|340.84|340.84|105|0|0|0|0|6600|0|NY|18||||||0|0|03/31/2026|0|0
H8NY22177|RILEY, JOSH|I|1|DEM|3955384.64|484355.5|1179556.08|0|68319.61|2844148.17|0|0|0|0|0|0|2843537.91|NY|19||||||603521|1301.54|03/31/2026|65834.51|7000
H2NY19127|MOLINARO, MARCUS J.|I|2|REP|19407.23|19161.06|71366.07|0|51958.84|0|0|0|0|0|0|0|246.17|NY|19||||||0|0|09/30/2025|-7679.39|-3834.58
H6NY19193|HEANEY, ANDREW|O|2|REP|0|0|97.5|0|286.39|188.89|0|0|0|0|0|23312.5|0|NY|19||||||0|0|03/31/2026|0|0
H6NY19268|OBERACKER, PETER KARL JR|C|2|REP|787326.26|184139.73|468284.86|0|0|319041.4|0|130000|0|30000|0|100000|351126.46|NY|19||||||115000|5000|03/31/2026|0|0
H0NY20079|MURPHY, SCOTT M|I|1|DEM|6.6|0|3500|0|17959.17|14465.77|0|0|0|0|0|0|0|NY|20||||||0|0|03/31/2026|0|0
H8NY20080|FEINER, PAUL J|C|1|DEM|0|0|0|0|41416.01|41416.01|0|0|0|0|0|0|0|NY|20||||||0|0|03/31/2026|0|0
H8NY21203|TONKO, PAUL DAVID|I|1|DEM|696967.71|0|946851.49|0|599501.91|349618.13|0|0|0|0|0|0|257120.88|NY|20||||||437855|0|03/31/2026|86|0
H6NY20225|AMBROSIO, RALPH|C|2|REP|8144.05|0|2749.48|0|0|5394.57|0|0|0|0|0|0|8058.92|NY|20||||||85.13|0|03/31/2026|0|0
H2NY21115|NELSON, PATRICK F|C|1|DEM|0|0|0|0|0|0|0|0|0|0|0|3002.37|0|NY|21||||||0|0|03/31/2026|0|0
H2NY21164|CASTELLI, MATT|C|1|DEM|0|0|6783|0|81483.1|74700.1|0|0|0|0|0|0|0|NY|21||||||0|0|03/31/2026|0|0
H4NY21145|COLLINS, PAULA|O|1|DEM|13512.87|0|14267.84|0|95408.12|94658.15|0|1000|0|0|0|41732.13|12477.87|NY|21||||||0|0|05/20/2025|0|0
H6NY21199|GENDEBIEN, BLAKE|O|1|DEM|4657134.7|9000|2440800.41|0|252341.49|2468675.78|25|0|0|0|0|0|4577471.25|NY|21||||||32400|0|03/31/2026|43482.29|100
H6NY21207|HEWITT, DYLAN|O|1|DEM|351851.76|0|263807.61|0|0|88044.15|7000|0|0|0|0|0|341638.65|NY|21||||||250|0|03/31/2026|100293|0
H6NY21223|AMORIELL, STUART JAMESON|O|1|DEM|110648.55|0|94842.45|0|0|15806.1|5000|93504.79|0|0|0|107139.34|12043.53|NY|21||||||0|0|03/31/2026|5000|0
H4NY21079|STEFANIK, ELISE M.|I|2|REP|4957560.68|2212596.12|2879666.88|0|8747917.48|10825811.28|0|0|0|0|0|0|2433918.57|NY|21||||||289592.86|20000|03/31/2026|429617.77|66500
H6NY21157|CONSTANTINO, ANTHONY THOMAS|O|2|REP|5033517.62|0|3823872.67|0|2306886.83|3516531.78|0|5000000|0|0|0|7600000|0|NY|21||||||0|0|03/31/2026|0|0
H6NY21215|SMULLEN, ROBERT|O|2|REP|1177510.52|5613.28|213537.15|0|0|963973.37|0|1000000|0|0|0|1000000|161797.24|NY|21||||||10100|0|03/31/2026|0|0
H2NY24150|KLEE HOOD, SARAH|C|1|DEM|0|0|1480.3|0|1480.3|0|0|0|0|0|0|0|0|NY|22||||||0|0|04/09/2025|0|0
H4NY22085|MANNION, JOHN W|I|1|DEM|2164888.87|89259.86|724320.52|0|128241.3|1568809.65|0|0|0|0|0|0|1380282.91|NY|22||||||636369|5205.13|03/31/2026|6456.67|1000
H4NY22093|ADDINGTON, JACOB TAY|C|1|DEM|0|0|4197.62|0|4197.62|0|0|0|0|4197.62|0|0|0|NY|22||||||0|0|01/28/2025|0|0
H2NY22212|WILLIAMS, BRANDON MCDONALD|I|2|REP|2292.37|3319.11|8363.4|0|6071.03|0|0|0|0|0|0|0|-2226.74|NY|22||||||0|0|03/31/2026|0|0
H6NY22163|SALKA, JOHN JOSEPH MR.|C|2|REP|8650.15|0|8650.15|0|0|0|100|2000|0|0|0|2000|6550|NY|22||||||0|0|10/22/2025|3675|0
H6NY22171|LEMONDES, JOHN|C|2|REP|44521.61|0|29883.27|0|0|14638.34|0|0|0|0|0|0|39496.61|NY|22||||||4025|1000|03/31/2026|0|0
H6NY22213|BULLER, KAILEE|C|2|REP|202661.17|0|5199.42|0|0|197461.75|0|22000|0|0|0|22000|173211.17|NY|22||||||7450|0|03/31/2026|0|0
H6NY22197|STATON, WILLIAM A IV|C|3|IND|16343.5|0|0|0|14.34|16357.84|0|0|0|0|0|0|16343.5|NY|22||||||0|0|03/31/2026|0|0
H4NY23075|CARLE, THOMAS A|C|1|DEM|259.6|0|938.42|0|-2838.59|-3517.41|0|0|0|0|0|0|259.6|NY|23||||||0|0|02/06/2026|150|0
H6NY23534|STOCKER, KEVIN|C|1|DEM|62594.82|0|61301.82|0|0|1293|0|60631.82|0|0|0|35896.24|1963|NY|23||||||0|0|03/31/2026|0|0
H6NY23542|COLLINS, STEPHEN|C|1|DEM|10190|0|0|0|0|0|0|0|0|0|0|0|10190|NY|23||||||0|0|03/31/2026|0|0
H6NY23559|GIES, AARON DR.|C|1|DEM|178508.15|5000|84208.13|0|37560.48|54583.59|3024.25|0|0|0|0|0|169548.9|NY|23||||||0|935|03/31/2026|0|0
H2NY23145|MOON, RICHARD|O|2|REP|0|0|0|0|0|0|0|0|0|0|0|3500|0|NY|23||||||0|0|03/31/2026|0|0
H2NY23228|LANGWORTHY, NICK|I|2|REP|1857945.52|304685.43|803823.24|0|1093808.09|2147930.37|0|0|0|0|0|0|753568.35|NY|23||||||740005.01|4762|03/31/2026|20295.9|500
H2NY24127|HOLDEN, STEVEN WESLEY SR.|C|1|DEM|66496|0|46424.5|0|11059.71|19631.21|44000|0|0|0|0|0|22496|NY|24||||||0|0|03/31/2026|0|0
H6NY24201|KASTENBAUM, DIANA K.|C|1|DEM|63542.98|0|44847.07|0|0|18695.91|0|39100|0|0|0|43816|24442.98|NY|24||||||0|0|03/31/2026|0|0
H6NY24219|ELLMAN, ALISSA|C|1|DEM|124298.41|0|119898.76|0|0|4399.65|10000|13800|0|0|0|13800|100498.41|NY|24||||||0|0|03/31/2026|100|0
H4NY22051|TENNEY, CLAUDIA|I|2|REP|2345131.18|435202.9|1452390.92|0|355002.36|1247742.62|0|0|0|0|0|0|927307.93|NY|24||||||978160|0|03/31/2026|1200.5|0
H6NY24227|ESTES, KENNETH|C|3|IND|40|0|0|0|40|80|0|40|0|0|0|40|0|NY|24||||||0|0|12/31/2025|0|0
H6NY24250|SLOAN, TODD|C|3|IND|20342.6|0|193.44|0|0|20149.16|92.6|20000|0|0|0|20000|250|NY|24||||||0|0|03/31/2026|0|0
H6NY25182|TRAYWICK, SHERITA MRS.|C|1|DEM|1905|0|3289.52|0|1063.16|-321.36|0|0|0|0|0|0|1745|NY|25||||||0|0|03/31/2026|0|0
H8NY25105|MORELLE, JOSEPH D|I|1|DEM|1322067.57|181700|1073182.25|0|380204.28|629089.6|0|0|0|0|0|0|466577.99|NY|25||||||663900|0|03/31/2026|1892.08|0
H8NY25113|WILT, ROBIN|C|1|DEM|22138|0|15465.66|0|0|6672.34|11250|0|0|0|0|0|10888|NY|25||||||0|0|03/31/2026|0|0
H2NY25082|SINGLETARY, LA'RON DESMOND|C|2|REP|0|0|0|0|88.93|88.93|0|0|0|0|0|107934.34|0|NY|25||||||0|0|03/31/2026|0|0
H4NY25054|SADWICK, GREGG ANTHONY MR|C|2|REP|0|0|44048.83|0|44048.83|0|0|0|0|41084.85|0|568915.15|0|NY|25||||||0|0|01/10/2025|0|0
H6NY25208|MCINTYRE, VIRGINIA|C|2|REP|19324.76|0|3000.84|0|0|16323.92|0|0|0|0|0|0|15324.76|NY|25||||||0|4000|03/31/2026|0|0
H6NY25216|WALTON, KLOUD|C|3|IND|1710.84|0|1472.22|0|175|413.62|0|0|0|0|0|0|1710.84|NY|25||||||0|0|03/31/2026|0|0
H4NY26078|KENNEDY, TIMOTHY|I|1|DEM|1854873.7|8500|1189938.87|0|339064.55|1003999.38|0|0|0|0|0|0|1386424.19|NY|26||||||448189|0|03/31/2026|30419.5|2685.25
H4NY26094|MCMURRAY, NATHAN DOUGLAS|O|1|DEM|0|0|0|0|0|0|0|0|0|0|0|2884.95|0|NY|26||||||0|0|08/31/2025|0|0
H8NY29032|COLLINS, CHRISTOPHER C|I|2|REP|910000|0|604436.5|0|0|305563.5|8000|902000|0|0|0|902000|0|NY|27||||||0|0|03/31/2026|0|0
H6NY29168|MASSA, ERIC JJ|I|1|DEM|0|0|140|0|42158.03|42018.03|0|0|0|0|0|0|0|NY|29||||||0|0|03/31/2026|0|0
H6NY36015|LAFALCE, JOHN J|C|1|DEM|824.53|0|115003.52|0|114178.99|0|0|0|0|0|0|0|0|NY|29||||||0|0|09/30/2025|0|0
H2OH01194|LANDSMAN, GREG|I|1|DEM|3645066.54|729454|885776.12|0|180114.91|2939405.33|0|0|0|0|0|2407.35|2175319.35|OH|01||||||726507.21|290.15|04/15/2026|7560.76|10165.65
H2OH02093|KUNDRATA, FREDERICK LOUIS III|C|1|DEM|0|0|0|0|794.67|794.67|0|0|0|0|0|237687.81|0|OH|01||||||0|0|03/31/2026|0|0
H6OH01187|LYNCH, DAMON IV|C|1|DEM|13630.28|0|9409.3|0|0|4220.98|0|0|0|0|0|0|13630.28|OH|01||||||0|0|04/22/2026|0|0
H6OH01138|CONROY, ERIC|C|2|REP|853604.02|112689.41|650198.9|0|0|203405.12|38641.88|287500|0|87500|0|300975.28|393009.1|OH|01||||||21763.63|0|04/15/2026|26919.05|0
H6OH01146|OGLESBY-HENRY, ROSEMARY|C|2|REP|44090.08|0|42463.4|0|0|185.78|2502.16|0|0|0|0|0|40687.92|OH|01||||||0|0|04/15/2026|0|0
H6OH01161|ERBECK, STEVEN|C|2|REP|619143.93|0|439508.54|0|0|179635.39|0|400000|0|0|0|400000|209143.93|OH|01||||||10000|0|04/15/2026|0|0
H6OH01195|ADAMS, HOLLY|C|2|REP|409744.39|0|255328.08|0|0|154416.31|2216.57|400000|0|140000|0|260000|6244.79|OH|01||||||0|0|04/15/2026|1|0
H6OH01179|HANCOCK, JOHN DAVID JR|C|3|LIB|1316.43|0|0|0|0|1316.43|1139.75|0|0|0|0|0|176.68|OH|01||||||0|0|03/31/2026|0|0
H4OH02222|WESSELS, HERMANN JOSEPH MR. JR|O|1|DEM|983|0|983|0|0|0|0|0|0|0|0|0|983|OH|02||||||0|0|02/08/2026|0|0
H6OH02318|WILSON, TODD ALAN MR.|C|1|DEM|680|0|608.42|0|0|71.58|0|0|0|0|0|0|680|OH|02||||||0|0|04/15/2026|0|0
H2OH08082|HEIMLICH, PHIL|O|2|REP|64|0|64|0|-3586.22|-3586.22|64|0|0|0|0|90414.09|0|OH|02||||||0|0|03/31/2026|0|0
H4OH02172|ANTANI, NIRAJ JAIMINI|O|2|REP|0|0|0|0|0|0|0|0|0|0|0|149016.62|0|OH|02||||||0|0|03/31/2026|0|0
H4OH02206|KIDD, LARRY|O|2|REP|8094.14|0|8265|0|870.86|700|350|0|0|6665|0|1522799.62|0|OH|02||||||0|0|03/31/2026|0|0
H4OH02214|O'HARA, TIM|O|2|REP|0|0|0|0|0|0|0|0|0|0|0|1266596.87|0|OH|02||||||0|0|03/31/2026|0|0
H4OH02248|TAYLOR, DAVID|I|2|REP|889488.34|8851.66|540061.98|0|127807.74|477234.1|0|0|0|0|0|1707300|496168.13|OH|02||||||382493.53|0|04/15/2026|13051.59|0
H4OH02271|HOOD, RON|O|2|REP|0|0|1994.36|0|2392.14|0|0|0|0|0|0|0|0|OH|02||||||0|0|10/27/2025|0|0
H8OH02058|HEIMLICH, PHILIP MURRAY|O|2|REP|64|0|64|0|-3586.22|-3586.22|64|0|0|0|0|90414.09|0|OH|02||||||0|0|03/31/2026|0|0
H2OH03125|BEATTY, JOYCE|I|1|DEM|944540.71|0|926537.63|0|2712573.5|2730576.58|0|0|0|0|0|2500|253217|OH|03||||||684016.66|1500|04/15/2026|0|0
H6OH04173|WILSON, TAMARA|C|1|DEM|22049.51|0|0|0|498770.42|520819.93|0|0|0|0|0|0|22049.51|OH|04||||||0|0|03/31/2025|0|0
H6OH04181|KOLASINSKI, JOSHUA|C|1|DEM|4832.01|0|1162.43|0|0|3669.58|100|0|0|0|0|1436.52|4632.01|OH|04||||||0|100|04/15/2026|0|0
H6OH04082|JORDAN, JAMES D.|I|2|REP|3692364.06|173032.56|5203298.05|458513.51|7486880.59|5975946.6|0|0|0|0|0|0|2455123.76|OH|04||||||393815.34|0|04/15/2026|20806.71|10000
H2OH04164|WILSON, TAMARA|C|3|IND|22049.51|0|0|0|498770.42|520819.93|0|0|0|0|0|0|22049.51|OH|04||||||0|0|03/31/2025|0|0
H6OH05113|BURKET, DANIEL|C|1|DEM|6042|0|2292.03|0|0|3749.97|900|35|0|0|0|5642.06|5107|OH|05||||||0|0|04/15/2026|0|0
H6OH16136|MUNDY, KEITH FRANCIS|C|1|DEM|4091.3|0|4191.64|0|-1504.55|-1604.89|504.8|0|0|0|0|2000|225|OH|05||||||3361.5|0|03/31/2026|0|0
H8OH05036|LATTA, ROBERT EDWARD|I|2|REP|1242570.99|29700|936271.75|0|596795.08|903094.32|0|0|0|0|0|0|519297.7|OH|05||||||683450|0|04/15/2026|1|2000
H4OH06231|KRIPCHAK, MICHAEL LAWRENCE|C|1|DEM|2000|0|4970.32|0|6111.17|3024.69|1375|0|0|0|0|0|625|OH|06||||||0|0|03/31/2026|0|0
H6OH06160|RITCHIE, MALCOLM|C|1|DEM|18252.58|0|15887.4|0|0|2365.18|10077.87|0|0|0|0|0|7908.75|OH|06||||||250|0|04/15/2026|0|0
H6OH06194|CONNOLLY, SEAN MICHAEL|C|1|DEM|4546|0|2427.29|0|0|2118.71|605|0|0|0|0|0|3941|OH|06||||||0|0|03/31/2026|0|0
H6OH06202|VITUS, ADRIAN J|C|1|DEM|27228.15|0|19776.81|0|0|7451.34|1401.05|0|0|0|0|0|25808.57|OH|06||||||0|0|04/15/2026|0|0
H6OH06210|HANNI, BRENT CHARLES|C|1|DEM|9299.12|0|7271.36|0|0|-1549.21|0|0|0|0|0|0|9299.12|OH|06||||||0|0|04/15/2026|0|0
H4OH06165|RULLI, MICHAEL|I|2|REP|889565.68|133774.33|620545.88|100000|70637.11|339656.91|0|0|0|0|0|0|201992.79|OH|06||||||543836.28|0|04/15/2026|10496.86|2000
H4OH06181|STOLTZFUS, REGGIE|O|2|REP|0|0|0|0|0|0|0|0|0|0|0|380803.24|0|OH|06||||||0|0|03/31/2026|0|0
H2OH07167|HEALY-ABRAMS, JOYCE|O|1|DEM|0|0|0|0|0|0|0|0|0|0|0|290500.13|0|OH|07||||||0|0|03/31/2026|0|0
H6OH07135|EISNER, MICHAEL|C|1|DEM|65629.59|0|59820.54|0|0|5809.05|1707.72|0|0|0|0|0|63821.87|OH|07||||||100|0|04/15/2026|0|0
H6OH07143|FITZGERALD, EDWARD O'DONNELL|C|1|DEM|250720.3|0|237600.08|0|0|-48514.87|0|24425.99|0|0|0|27225.99|226294.31|OH|07||||||0|0|04/15/2026|0|0
H6OH07150|SCHULZ, SCOTT|C|1|DEM|29507.31|0|26142.29|0|869|4234.02|0|0|0|0|0|3857.03|29507.31|OH|07||||||0|0|04/15/2026|0|0
H6OH07168|POINDEXTER, BRIAN|C|1|DEM|216924.28|0|125937.12|0|0|90987.16|1420.6|0|0|0|0|0|167219.04|OH|07||||||48283|0|04/15/2026|65|0
H6OH07176|RODRIGUEZ-CARBONE, LAURA D|C|1|DEM|12789.05|0|12142.82|0|0|646.23|7493.32|100|0|0|0|100|4517.54|OH|07||||||250|0|04/15/2026|0|0
H0OH18077|GIBBS, ROBERT|I|2|REP|4791.63|0|16226.63|0|203113.1|191678.1|0|0|0|0|0|0|0|OH|07||||||0|0|03/31/2026|0|0
H2OH16051|MILLER, MAX|I|2|REP|1727586.42|491454.23|725904.45|0|174529.39|1176211.36|0|0|0|20000|0|980000|710803.69|OH|07||||||523840.8|0|04/15/2026|6125|0
H2OH16069|SCHULZ, JONAH|C|2|REP|15510|0|15510|0|0|0|0|0|0|0|0|0|15510|OH|07||||||0|0|10/28/2025|0|0
H8OH07065|AUSTRIA, STEVE C|C|2|REP|0|0|0|0|275935.98|275935.98|0|0|0|0|0|0|0|OH|07||||||0|0|03/31/2026|0|0
H4OH07056|KUCINICH, DENNIS|C|3|UN|0|0|3952.79|0|3952.79|0|0|0|0|0|0|0|0|OH|07||||||0|0|01/13/2025|0|0
H6OH23033|KUCINICH, DENNIS J|C|3|UN|0|0|3952.79|0|3952.79|0|0|0|0|0|0|0|0|OH|07||||||0|0|01/13/2025|0|0
H6OH08364|GRANT, MADARIS|C|1|DEM|29941.88|0|32422.95|0|0|-2481.07|0|250|0|0|0|250|29691.88|OH|08||||||0|0|04/15/2026|0|0
H4OH08138|ROGERS, MARY C|C|2|REP|0|0|2094|2000|0|-2000|0|0|0|0|0|0|0|OH|08||||||0|0|12/31/2025|0|0
H6OH08315|DAVIDSON, WARREN|I|2|REP|505527.76|159154.77|451202.31|0|394701.11|449026.56|0|0|0|0|0|0|137993.61|OH|08||||||191950|0|04/15/2026|12.73|2000
H2OH09031|KAPTUR, MARCY HON. M.C.|I|1|DEM|3385266.44|791838.81|741277.12|0|448926.49|3092915.81|0|0|0|0|0|0|1733727.12|OH|09||||||854117.18|0|04/15/2026|28726.63|4000
H2OH09171|GAVARONE, THERESA|C|2|REP|0|0|875|0|2587.21|1712.21|0|0|0|0|0|50000|0|OH|09||||||0|0|03/31/2026|0|0
H2OH09189|RIEDEL, CRAIG|C|2|REP|0|0|998.99|0|1284.38|285.39|0|0|0|0|0|384196.95|0|OH|09||||||0|0|03/31/2026|0|0
H4OH09169|MERRIN, DEREK|C|2|REP|757425.43|83584.63|645143.69|54781.19|76651.15|188932.89|0|310000|0|260000|0|50000|354198.22|OH|09||||||7400|0|04/15/2026|3759.42|0
H6OH09115|NADEEM, ALEA|C|2|REP|690048.66|31984.46|581087.64|0|0|108961.02|0|0|0|0|0|0|628701.49|OH|09||||||29000|0|04/15/2026|0|0
H6OH09123|KINSEL, WAYNE CHARLES|C|2|REP|90564.72|0|57544.39|0|0|33020.33|52193.56|0|0|0|0|0|36371.16|OH|09||||||2000|0|09/30/2025|0|0
H6OH09131|WILLIAMS, JOSH|C|2|REP|851766.25|0|715980.41|0|0|135785.84|0|0|0|0|0|118724.32|837466.25|OH|09||||||14300|0|04/15/2026|22139.02|0
H6OH09149|CAMPBELL, ANTHONY BRUCE|C|2|REP|34319.09|0|27639.52|0|0|6679.57|0|27656.73|0|0|0|27656.73|6662.36|OH|09||||||0|0|04/15/2026|1|0
H6OH09172|SHEAHAN, MADISON|C|2|REP|157829.45|0|90335.16|0|0|67494.29|0|0|0|0|0|0|135180.71|OH|09||||||22000|0|04/15/2026|441.08|0
H6OH09180|MCKINSTRY, KATHY|C|3|W|0|0|0|0|0|0|0|0|0|0|0|0|0|OH|09||||||0|0|03/31/2026|0|0
H4OH10191|POMBO, TONY|C|1|DEM|162604.43|0|56539.56|0|1635.25|107700.12|0|125000|0|0|0|135000|37604.43|OH|10||||||0|0|04/15/2026|0|0
H6OH10121|KNICKERBOCKER, KRISTINA|C|1|DEM|146472.21|0|112084.08|0|0|34388.13|0|7000|0|0|0|59753.86|131972.21|OH|10||||||7500|0|04/15/2026|190|0
H6OH10139|BECKETT, JANICE|C|1|DEM|17476|0|11598.02|0|0|5877.98|3000|0|0|0|0|0|14476|OH|10||||||0|0|04/15/2026|0|0
H6OH10147|KINNER, JAN|C|1|DEM|11360.59|0|9851.42|0|0|1509.17|10815.33|0|0|0|0|0|545.26|OH|10||||||0|0|04/15/2026|0|0
H2OH03067|TURNER, MICHAEL R REP.|I|2|REP|755118.07|118739.04|627509.92|0|430424.96|558033.11|0|0|0|0|0|0|317821.04|OH|10||||||318000|0|04/15/2026|0|0
H2OH11169|BROWN, M SHONTEL|I|1|DEM|863501.2|0|692383.49|0|855814.06|1026931.77|0|0|0|0|0|0|339455.53|OH|11||||||514000|0|04/15/2026|398.67|7600
H8OH11141|FUDGE, MARCIA L.|I|1|DEM|12600|0|150311.35|0|137711.35|0|0|0|0|0|0|0|0|OH|11||||||0|0|09/22/2025|0|0
H0OH11072|MANDEL, JOSHUA A|C|2|REP|263.82|0|9258.2|0|-18329.24|-27323.62|0|0|0|0|0|122480.92|0|OH|11||||||0|0|03/31/2026|0|0
H0OH11106|SCHULZ, JONAH|C|2|REP|15510|0|15510|0|0|0|0|0|0|0|0|0|15510|OH|11||||||0|0|10/28/2025|0|0
H4OH12080|CHRISTIAN, JERRAD SHANE|C|1|DEM|54828.85|0|41319.36|0|3757.68|17267.17|0|0|0|0|0|0|53578.81|OH|12||||||250|1000|04/15/2026|422|0
H6OH12143|CRAWFORD, DANIEL H|C|1|DEM|178.69|0|374.01|0|277.33|82.01|153.69|0|0|0|0|0|25|OH|12||||||0|0|04/22/2026|0|0
H8OH15050|MILLER, ADAM CLAY|O|1|DEM|812512.26|0|513420.7|0|3613.63|302705.19|29040|146600|0|12250|0|202143.6|575371.72|OH|12||||||61000|500|04/15/2026|7712|0
H0OH12062|TIBERI, PATRICK J.|I|2|REP|283596.59|0|317527.23|0|4935238.45|4901307.81|0|0|0|0|0|0|0|OH|12||||||0|0|03/31/2026|0|0
H8OH12180|BALDERSON, WILLIAM TROY|I|2|REP|1400345.85|63221.62|660996.95|0|1006424.82|1745773.72|0|0|0|0|0|0|531093.68|OH|12||||||796300|0|04/15/2026|8200|3000
H2OH13264|SYKES, EMILIA|I|1|DEM|2596656.68|146381.55|1065271.87|0|122678.54|1654063.35|0|0|0|0|0|0|1606149.72|OH|13||||||824763.34|3598.44|04/15/2026|4117.5|2100
H2OH09163|GILBERT, MADISON GESIOTTO|C|2|REP|0|0|0|0|0|0|0|0|0|0|0|208759.21|0|OH|13||||||0|0|03/31/2026|0|0
H4OH13153|COUGHLIN, KEVIN|C|2|REP|0|0|4603.86|2578.86|4603.86|0|0|0|0|0|0|0|0|OH|13||||||0|0|03/31/2025|0|0
H6OH13265|BRIEM, MARGARET ELIZABETH|C|2|REP|7619.67|0|5491.88|0|0|2127.79|100|0|0|0|0|23518.76|7519.67|OH|13||||||0|0|04/15/2026|1|0
H6OH13281|KEVIN, SIEMBIDA|C|2|REP|12865.08|0|8657.86|0|0|4207.22|0|8000|0|0|0|8000|4865.08|OH|13||||||0|0|04/15/2026|1|0
H6OH13299|PATEL, NIRANJAN NEIL MR|C|2|REP|41993.36|0|32620.35|0|0|9373.01|0|0|14585.33|0|0|14585.33|26908.03|OH|13||||||500|0|04/15/2026|0|0
H6OH13307|COLEMAN, CAREY|C|2|REP|73715.43|0|9244.41|0|0|64471.02|0|51000|0|0|0|57777.83|22715.43|OH|13||||||0|0|04/15/2026|0|0
H8OH16108|HAGAN, CHRISTINA|C|2|REP|0|0|672.05|0|15182.9|14510.85|0|0|0|0|0|0|0|OH|13||||||0|0|09/30/2025|0|0
H6OH13273|DIXIT, SANDEEP S MR|C|3|IND|46430|0|47913.67|0|0|-7084.28|0|16000|0|0|0|12000|30430|OH|13||||||0|0|03/31/2026|0|0
H6OH14230|SETZER, CARL|C|1|DEM|12981|0|3723.67|0|0|9257.33|0|0|0|0|0|0|12981|OH|14||||||0|0|04/15/2026|1|0
H6OH14248|JUKIC, MARIA|C|1|DEM|21055.82|291.77|13979.43|0|0|7076.39|80.04|0|0|0|0|0|20684.01|OH|14||||||0|0|04/15/2026|0|0
H2OH14064|JOYCE, DAVID P.|I|2|REP|1098009.63|0|964621.21|0|2742875.45|2876263.87|0|0|0|0|0|0|308344.03|OH|14||||||738101|0|04/15/2026|2001|500
H4OH14128|CROSS, ELAYNE|C|2|REP|0|0|177.16|0|196.48|19.32|0|0|0|0|0|5555.74|0|OH|14||||||0|0|03/31/2026|0|0
H6OH14222|NICOLE, FRENCHKO MICHELE|C|2|REP|30600.05|0|15065.52|0|0|15534.53|51.03|20000|0|0|0|20000|10549.02|OH|14||||||0|0|04/15/2026|1|0
H2OH12118|O'CONNOR, DANIEL JAY JR.|C|1|DEM|6640.36|0|24377.42|0|242486.38|224749.32|0|0|0|0|0|0|0|OH|15||||||0|0|03/31/2026|0|0
H4OH15083|MILLER, ADAM CLAY|C|1|DEM|812512.26|0|513420.7|0|3613.63|302705.19|29040|146600|0|12250|0|202143.6|575371.72|OH|15||||||61000|500|04/15/2026|7712|0
H6OH15112|LEONARD, DON RALPH|C|1|DEM|286610.7|0|210809.45|0|0|75801.25|1919.63|10000|0|0|0|10000|268191.07|OH|15||||||6500|0|04/15/2026|0|1500
H2OH15137|STEWART, BRIAN|O|2|REP|0|0|0|0|0|0|0|0|0|0|0|0|0|OH|15||||||0|0|03/31/2026|0|0
H2OH15145|LARE, JEFF|C|2|REP|0|0|0|0|2550|2550|0|0|0|0|0|26473.75|0|OH|15||||||0|0|03/31/2026|0|0
H2OH15228|CAREY, MIKE|I|2|REP|2567314.01|541333.51|1206608.55|0|161294.31|1521999.77|0|0|0|0|0|0|665328.81|OH|15||||||1358150|500|04/15/2026|8564.65|4000
H8OH15076|STIVERS, STEVE MR.|I|2|REP|0|0|32500.17|0|76767.94|44267.77|0|0|0|0|0|0|0|OH|15||||||0|0|04/15/2026|-38900|-12000
H8OH16066|SCHURING, KIRK|O|2|REP|0|0|0|0|2592.01|2592.01|0|0|0|0|0|58178.28|0|OH|16||||||0|0|03/31/2026|0|0
H4OK01107|BAKER, DENNIS|C|1|DEM|7550|0|29767.52|0|153569.8|131352.28|0|0|2000|0|0|2000|0|OK|01||||||0|0|03/31/2026|0|0
H6OK01201|CROISANT, JOHN THOMAS|O|1|DEM|99541.17|0|63599.09|0|0|35942.08|1000|0|0|0|0|0|98541.17|OK|01||||||0|0|03/31/2026|150|0
H6OK01227|WATKINS, ERICA|O|1|DEM|12912.84|0|12472.52|0|0|440.32|995.84|0|0|0|0|0|11917|OK|01||||||0|0|03/31/2026|0|0
H6OK01235|TEDFORD, MARK|O|2|REP|746383.68|0|50805.1|0|0|695578.58|0|600368.68|0|0|0|600368.68|138515|OK|01||||||7500|0|03/31/2026|0|0
H6OK01250|DAVID, KIM|O|2|REP|132826.28|0|1382.75|0|0|131443.53|0|0|0|0|0|1064.52|125826.28|OK|01||||||7000|0|03/31/2026|0|0
H6OK01268|STALLINGS, JACKSON|O|2|REP|44474.07|0|1369.25|0|0|43104.82|0|0|0|0|0|0|44474.07|OK|01||||||0|0|03/31/2026|0|0
H6OK01276|BUTTERFIELD, NATHANIEL ALLEN|O|2|REP|4445.49|0|572.42|0|0|3873.07|0|0|0|0|0|0|4445.49|OK|01||||||0|0|03/31/2026|0|0
H8OK01157|HERN, KEVIN|I|2|REP|2514191.98|519546.75|3450084.79|2188190.73|1148665.98|206987.05|0|0|0|0|0|0|450476.94|OK|01||||||1515642.36|0|03/31/2026|12275|5000
H4OK01115|SANDERS, MARK DAVID GARCIA|C|3|IND|0|0|0|0|5.66|5.66|0|0|0|0|0|7794.69|0|OK|01||||||0|0|06/30/2025|0|0
H4OK02089|BOREN, DAVID DANIEL|C|1|DEM|99365.97|0|72224.11|0|359860.89|387002.75|0|0|0|0|0|0|0|OK|02||||||0|0|03/31/2026|0|0
H4OK02196|WADE, BRANDON|C|1|DEM|2680.26|0|1800.12|0|0|82.61|0|0|0|0|0|0|2680.26|OK|02||||||0|0|03/31/2026|0|0
H6OK02266|TERWEY, ERIK|C|1|DEM|9482|0|6020.74|0|0|3461.26|0|600|0|0|0|600|8882|OK|02||||||0|0|03/31/2026|0|0
H2OK02083|MULLIN, MARKWAYNE MR.|I|2|REP|3181183.59|1152806.63|1003117.36|0|183016.79|2361083.02|0|0|0|404850.79|0|25400.39|868061.07|OK|02||||||1098238.12|62000|03/31/2026|27400|6500
H2OK02190|SCHILLER, CHRIS|O|2|REP|0|0|0|0|2601.12|2601.12|0|0|0|0|0|450000|0|OK|02||||||0|0|03/31/2026|0|0
H2OK02257|FRIX, AVERY|O|2|REP|38150|0|38150|0|0|0|0|0|0|36508|0|300517|38150|OK|02||||||0|0|03/31/2026|0|0
H2OK02281|BARKER, GUY STUART|O|2|REP|0|0|0|0|690.04|690.04|0|0|0|0|0|886600|0|OK|02||||||0|0|03/31/2026|0|0
H2OK02315|BRECHEEN, JOSH|I|2|REP|160289.95|0|185677.35|0|70695.88|45308.48|0|0|0|0|0|0|83281.95|OK|02||||||77008|0|03/31/2026|0|2500
H6OK03249|ROBERSON, JULES|C|1|DEM|945|0|434.18|0|0|510.82|105|0|0|0|0|0|840|OK|03||||||0|0|12/31/2025|0|0
H4OK06056|LUCAS, FRANK D.|I|2|REP|559220.11|0|336436.49|0|618285.26|841068.88|0|0|0|0|0|0|86357.25|OK|03||||||459900|0|03/31/2026|30|0
H6OK04155|JACOB, MITCHELL LEIGH|C|1|DEM|53062.18|0|48950.41|0|0|4111.77|730.62|22500|0|0|0|22500|29819.82|OK|04||||||0|0|03/31/2026|0|0
H6OK04163|PIXLEY, JEFFREY|C|1|DEM|49886.64|0|17879.42|0|0|32007.22|1431.37|0|0|0|0|0|48455.27|OK|04||||||0|0|03/31/2026|0|0
H2OK04055|COLE, TOM|I|2|REP|3210606.69|149163.81|2195220.47|0|1780273.43|2795659.65|0|0|0|0|0|0|1748282.7|OK|04||||||1269579|0|03/31/2026|402|0
H2OK04113|NUTTLE, MARC|C|2|REP|100|0|95.95|0|31.66|35.71|0|100|0|0|0|222585.56|0|OK|04||||||0|0|12/31/2025|0|0
H4OK00026|BONDAR, PAUL L|C|2|REP|17702.31|0|214.3|0|88753.68|106241.69|0|0|0|0|0|5621690.26|100|OK|04||||||0|0|03/31/2026|0|0
H6OK05293|NELSON, JENA|C|1|DEM|350919.9|0|345216.01|0|0|5703.89|0|0|0|0|0|0|342260.36|OK|05||||||2500|0|03/31/2026|0|0
H0OK05114|LANKFORD, JAMES PAUL MR.|C|2|REP|788822.95|121971.93|458943.73|6630|2338038.26|2667917.48|0|0|0|0|0|0|290693.46|OK|05||||||267500|0|03/31/2026|200|0
H0OK05205|BICE, STEPHANIE|I|2|REP|1530776.74|410860.06|739751.48|0|1085948.9|1876974.16|0|0|0|0|0|0|343766.18|OK|05||||||763750|0|03/31/2026|8720.44|0
H6OK05301|HENRI, ROBERT PATRICK|C|3|IND|78|0|78|0|0|0|78|0|0|0|0|0|0|OK|05||||||0|0|03/31/2026|0|0
H2OR01133|BONAMICI, SUZANNE MS.|I|1|DEM|597348.96|0|615983.13|0|545964.12|527329.95|0|0|0|0|0|0|314204.81|OR|01||||||282000|0|03/31/2026|2250|0
H4OR01121|CHAUDHRY-AHMAD, JAMIL O|C|1|DEM|5376|0|510.25|0|607.31|5473.06|0|5000|0|0|0|15973.71|376|OR|01||||||0|0|03/31/2026|0|0
H4OR01154|CHRISTMAN, JOSEPH WILLIAM|C|3|LIB|0|0|936.1|0|936.1|0|0|0|0|0|0|0|0|OR|01||||||0|0|06/30/2025|0|0
H4OR02236|RUBY, DANIEL|C|1|DEM|0|0|1368.71|0|1368.71|0|0|0|0|0|0|0|0|OR|02||||||0|0|01/30/2025|0|0
H6OR02215|SNOW, PATTY|C|1|DEM|25383|0|16207.68|0|0|9175.32|0|0|0|0|0|0|25383|OR|02||||||0|0|03/31/2026|0|0
H6OR02231|RASMUSSEN, DAWN|C|1|DEM|55117.86|0|49356.17|0|0|5761.69|0|0|0|0|0|2518.71|52117.86|OR|02||||||500|2500|03/31/2026|200|0
H6OR02280|MUELLER, REBECCA MCKAY|C|1|DEM|15784.84|0|4953.65|0|0|10831.19|721.57|0|0|0|0|0|14755.73|OR|02||||||0|0|03/31/2026|0|0
H6OR02298|DOYLE, MARY|C|1|DEM|3614|0|1981.89|0|0|1632.11|0|0|0|0|0|2500|3614|OR|02||||||0|0|03/31/2026|0|0
H6OR02322|BECK, CHRIS|C|1|DEM|23391|0|3265.4|0|0|20125.6|0|0|0|0|0|5130.73|23389|OR|02||||||0|0|03/31/2026|0|0
H0OR02127|BENTZ, CLIFF|I|2|REP|764671.65|0|420541.79|0|1056344.8|1400474.66|0|0|0|48100|0|0|343731.77|OR|02||||||420791.68|0|03/31/2026|750|0
H6OR02306|LARSON, PETER JAMES|C|2|REP|7034.85|0|7034.85|0|0|0|0|0|0|0|0|0|7034.85|OR|02||||||0|0|03/31/2026|0|0
H4OR03150|JAYAPAL, SUSHEELA|O|1|DEM|1785|0|269.99|0|6232.81|7747.82|0|0|0|0|0|1125|0|OR|03||||||0|0|03/31/2026|0|0
H4OR03168|MORALES, EDUARDO|O|1|DEM|0|0|100|0|-1862.29|-1962.29|0|0|0|0|0|6780|0|OR|03||||||0|0|03/31/2026|0|0
H4OR03192|DEXTER, MAXINE|I|1|DEM|847662.96|0|696860.85|0|22486.37|173288.48|0|0|0|0|0|0|560304.95|OR|03||||||273471.79|0|03/31/2026|7077.16|0
H4OR03200|JONAS, MICHAEL|O|1|DEM|0|0|190.46|0|190.46|0|0|0|0|0|0|0|0|OR|03||||||0|0|01/28/2025|0|0
H6OR03189|SALAS, JESSICA|C|1|DEM|11680.76|0|11360.27|0|0|320.49|135|5274.5|0|100|0|5174.5|6271.26|OR|03||||||0|0|03/31/2026|0|0
H0OR03174|HARBOUR, JOANNA|O|2|REP|68.07|0|1437.24|0|1369.17|0|0|0|0|0|0|0|0|OR|03||||||0|0|03/31/2026|0|0
H4OR03218|HARBOUR, JOANNA|O|2|REP|68.07|0|1437.24|0|1369.17|0|0|0|0|0|0|0|0|OR|03||||||0|0|03/31/2026|0|0
H2OR04095|HOYLE, VALERIE|I|1|DEM|999706.9|0|586589.39|600|89389.6|502507.11|0|0|0|0|0|0|500600.91|OR|04||||||498126.86|0|03/31/2026|10511.17|4100
H6OR04245|BIRD, MELISSA|C|1|DEM|54309.28|0|51767.7|0|0|2541.58|0|0|0|0|0|197.4|54284.89|OR|04||||||0|0|03/31/2026|0|0
H6OR04252|WIEDENFELD-NEEDHAM, BORIS "BO"|C|1|DEM|3582|0|2957.63|0|0|624.37|10|0|0|0|0|0|3572|OR|04||||||0|0|03/31/2026|100|0
H0OR04107|SKARLATOS, ALEK|O|2|REP|72862.39|0|16254.4|0|44076.76|100686.75|0|0|0|0|0|0|0|OR|04||||||0|0|03/31/2026|0|0
H0OR05104|COURSER, AMY RYAN|C|2|REP|0|0|3.67|0|3.67|0|0|0|0|0|0|0|0|OR|04||||||0|0|05/07/2025|0|0
H4OR04125|DESPAIN, MONIQUE|C|2|REP|415.06|0|3679.71|0|3264.65|0|0|0|0|0|0|0|415.06|OR|04||||||0|0|03/31/2025|0|0
H6OR04260|DESPAIN, MONIQUE|C|2|REP|467374.4|239650.46|146278.89|0|0|321095.51|0|0|0|0|0|0|212473.94|OR|04||||||15250|0|03/31/2026|0|0
H4OR05304|BYNUM, JANELLE|I|1|DEM|3036463.96|391019.02|795801.46|0|45132.56|2285795.06|0|0|0|0|0|0|1725646.56|OR|05||||||908509.93|0|03/31/2026|4180.47|1000
H0OR02168|CRUMPACKER, JIMMY|C|2|REP|0|0|0|0|10973.87|10973.87|0|0|0|0|0|235100.36|0|OR|05||||||0|0|03/31/2026|0|0
H2OR05209|CHAVEZ-DEREMER, LORI|I|2|REP|9013.34|4377.98|335919.19|0|353333.94|26428.09|0|0|0|303477.56|0|0|-1224.31|OR|05||||||0|0|03/31/2026|0|0
H6OR04203|PERKINS, JO RAE|C|2|REP|5185.34|0|4509.77|0|380.53|1056.1|0|400|0|900|0|3540.41|4619.37|OR|05||||||0|0|03/31/2026|0|0
H6OR05242|ADAIR, PATTI|C|2|REP|277039.28|0|88009.13|0|0|189030.15|7143.56|0|0|0|0|51614|268600.21|OR|05||||||1000|0|03/31/2026|4500|0
H8OR05198|CALLAHAN, MARK ALLEN|C|2|REP|0|0|0|0|0|0|0|0|0|0|0|22800|0|OR|05||||||0|0|03/31/2026|0|0
H4OR05353|FEINTECH, SONJA|C|3|LIB|0|0|8.13|0|8.13|0|0|0|0|0|0|719.57|0|OR|05||||||0|0|06/30/2025|0|0
H2OR01216|REYNOLDS, STEVEN CODY|C|1|DEM|0|0|5919.46|0|5919.46|0|0|0|0|4029.46|0|0|0|OR|06||||||0|0|07/14/2025|0|0
H2OR06017|SMITH, LORETTA|O|1|DEM|0|0|0|0|689.5|689.5|0|0|0|0|0|55000|0|OR|06||||||0|0|03/31/2026|0|0
H2OR06066|SALINAS, ANDREA|I|1|DEM|1285426.21|5930.63|768631.96|50000|61474.64|578268.89|7|0|0|0|0|0|753562.93|OR|06||||||504100|0|03/31/2026|8207.08|1000
H2OR01240|RUSS, DAVID HONORABLE|C|2|REP|0|0|14123.6|0|14270|146.4|0|0|0|10070|0|0|0|OR|06||||||0|0|03/31/2026|0|0
H2OR06033|PLOWHEAD, ANGELA|O|2|REP|0|0|17.22|0|17.22|0|0|0|0|0|0|5179.26|0|OR|06||||||0|0|03/31/2026|0|0
H2OR06124|ERICKSON, MIKE|C|2|REP|52152|0|52210.21|0|69.82|11.61|0|51812|0|0|0|3584912|340|OR|06||||||0|0|03/31/2026|0|0
H4OR06013|BOLES, DENYC|C|2|REP|0|0|2395|0|25703.94|23308.94|0|0|0|0|0|0|0|OR|06||||||0|0|03/31/2026|0|0
H2PA00034|BURTON, DANIEL LEROY JR|C|2|REP|0|0|0|0|2170.83|2170.83|0|0|0|0|0|24512.17|0|PA|00||||||0|0|03/31/2026|0|0
H2PA01099|EHASZ, ASHLEY|C|1|DEM|3834.05|2083.92|8557.06|0|4723.01|0|0|0|0|0|0|0|0|PA|01||||||0|0|06/30/2025|0|0
H6PA01181|HARVIE, ROBERT J|C|1|DEM|1355867.35|37000|752104.89|0|0|603762.46|0|0|0|0|0|0|1244147.35|PA|01||||||69020|5450|03/31/2026|4672.55|0
H6PA01199|HUNT, TRACY|C|1|DEM|43552.46|0|39824.89|0|0|3727.57|0|6000|0|0|0|6000|37552.46|PA|01||||||0|0|03/31/2026|0|0
H6PA01207|STRICKLER, ROBERT J|C|1|DEM|25631.07|0|32207.36|0|0|-6576.29|0|10000|0|0|0|10000|15631.07|PA|01||||||0|0|03/31/2026|0|0
H6PA01223|SIMONELLI, LUCIA DORA|C|1|DEM|52110.69|0|22098.87|0|0|30011.82|3500|0|0|0|0|0|48610.69|PA|01||||||0|0|03/31/2026|0|0
H6PA01249|ZELTAKALNS, MICHAEL|C|1|DEM|6855|0|0|0|0|6855|0|0|0|0|0|0|6855|PA|01||||||0|0|03/31/2026|0|0
H4PA01111|HOUCK, MARK JUSTIN SR|C|2|REP|1400.91|0|101.9|0|-1299.01|0|0|0|0|98.68|0|1258.32|1400.91|PA|01||||||0|0|01/28/2026|0|0
H6PA08277|FITZPATRICK, BRIAN|I|2|REP|5456595.62|1942478.36|2223157.11|0|4422529.98|7655968.49|0|0|0|0|0|24750|1311898.91|PA|01||||||1938129.9|7100|03/31/2026|7041.74|5000
H4PA13199|BOYLE, BRENDAN F|I|1|DEM|1766180.35|156750|644406.88|305000|3838283.35|4960056.82|0|0|0|0|0|0|432559.96|PA|02||||||684285|0|03/31/2026|3672.1|0
H4PA02069|BASHIR, AARON|C|2|REP|0|0|1067.63|0|1067.63|0|0|0|0|0|0|1495|0|PA|02||||||0|0|06/27/2025|0|0
H6PA02171|EVANS, DWIGHT|I|1|DEM|233844.15|0|289786.88|0|76137.19|20194.46|0|0|0|0|0|0|126101.34|PA|03||||||107500|0|03/31/2026|7500|5000
H6PA03179|OXMAN, DAVID|O|1|DEM|512137.98|0|443902.01|0|0|68235.97|2379.06|175000|0|175000|0|0|334758|PA|03||||||0|0|03/31/2026|17275|0
H6PA03195|STREET, SHARIF|O|1|DEM|899446.48|0|688708.32|0|52558.52|263296.68|0|0|0|0|0|6002.5|806396.48|PA|03||||||93050|0|03/31/2026|1200|5000
H6PA03203|RABB, CHRISTOPHER M.|O|1|DEM|798877.48|0|561917.1|0|0|236960.38|0|0|0|0|0|42000|739696.13|PA|03||||||25500|0|03/31/2026|6341|0
H6PA03211|MORRIS, KARL|O|1|DEM|53491.96|0|36554.44|0|0|16937.52|33717.74|15000|0|0|0|15000|4772.22|PA|03||||||0|0|03/31/2026|100|0
H6PA03229|CEPHAS, MORGAN|O|1|DEM|313848.26|0|285887.97|0|0|27960.29|0|0|0|0|0|0|292148.26|PA|03||||||21700|0|03/31/2026|735|3500
H6PA03237|CARTER, COLE|O|1|DEM|95947|0|84730.86|0|0|11216.14|90000|0|0|0|0|0|5947|PA|03||||||0|0|12/31/2025|0|0
H6PA03245|STANFORD, ALA DR.|O|1|DEM|678312.03|0|228435.16|0|0|449876.87|190.8|250000|0|0|0|250000|401121.23|PA|03||||||27000|0|03/31/2026|0|10000
H6PA03252|MARTIN, ISAIAH T III|O|1|DEM|7084|0|5218.77|0|0|1865.23|1679|0|0|0|0|0|5405|PA|03||||||0|0|12/31/2025|0|0
H6PA03260|MCCONNIE-SAAD, PABLO IVAN|O|1|DEM|128613.53|0|113653.05|0|0|14960.48|0|0|0|0|0|0|128217.41|PA|03||||||0|0|03/31/2026|13240|0
H6PA03278|JACKSON, JAHMIEL|O|1|DEM|23897.82|0|22269.53|0|0|1628.29|6200|0|0|0|0|0|17697.82|PA|03||||||0|0|03/31/2026|0|0
H6PA03310|SCHNELL, ALEXANDER|O|2|REP|80.64|0|58.64|0|0|22|80.64|0|0|0|0|0|0|PA|03||||||0|0|03/31/2026|0|0
H6PA03286|ARMSTRONG, SHEILA E|O|3|UN|130|0|0|0|0|130|0|0|0|0|0|0|130|PA|03||||||0|0|03/31/2026|0|0
H8PA04116|DEAN, MADELEINE|I|1|DEM|1033467.09|0|867862.08|0|968741.15|1134346.16|0|0|0|0|0|0|428957.27|PA|04||||||579200|0|03/31/2026|9454|0
H6PA04144|AYOUAZ, ISMAINE MR|C|2|REP|0|0|99|0|0|-99|0|0|0|0|0|0|0|PA|04||||||0|0|03/31/2025|0|0
H8PA05246|WERTIME, DAVID|C|1|DEM|0|0|0|0|27844.16|27844.16|0|0|0|0|0|0|0|PA|05||||||0|0|03/31/2026|0|0
H8PA07200|SCANLON, MARY GAY|I|1|DEM|760357.32|0|687191.62|0|317745.77|390911.47|0|0|0|0|0|0|409839.96|PA|05||||||349700|779.17|03/31/2026|1575|2500
H2PA05074|GALLUCH, DAVID|C|2|REP|0|0|0|0|0|0|0|0|0|0|0|0|0|PA|05||||||0|0|12/31/2025|0|0
H2PA05116|DEVAUGHN-GOODWIN, ALFEIA|C|2|REP|0|0|5412.64|0|5412.64|0|0|0|0|0|0|100|0|PA|05||||||0|0|06/30/2025|0|0
H6PA05166|JOHNAKIN, MELVIN PRINCE|C|2|REP|0|0|0|0|0|0|0|0|0|0|0|0|0|PA|05||||||0|0|12/31/2025|0|0
H6PA05190|BROWN, JOSHUA|C|2|REP|4405|0|4405|0|0|0|4405|0|0|0|0|0|0|PA|05||||||0|0|03/31/2026|0|0
H8PA06087|HOULAHAN, CHRISSY|I|1|DEM|1319789.06|910.99|821341.55|0|3405613.23|3904060.74|0|0|0|0|0|0|920289.06|PA|06||||||353000|0|03/31/2026|9735|0
H4PA06060|YOUNG, NEIL CARLIN MR. JR.|C|2|REP|0|0|122.4|0|139.58|17.18|0|0|0|0|0|0|0|PA|06||||||0|0|03/31/2025|0|0
H6PA06156|YOUNG, MARTIN|C|2|REP|323183.49|0|146963.57|0|0|176219.92|75000|0|0|0|0|0|244385.67|PA|06||||||3297.82|0|03/31/2026|0|0
H6PA07147|MCCLURE, LAMONT|C|1|DEM|500781.99|0|215704.07|0|0|285077.92|24000|200000|0|0|0|200000|231681.79|PA|07||||||45100|0|03/31/2026|1125|350
H6PA07154|OBANDO-DERSTINE, CAROL|C|1|DEM|543203.33|10889.98|415266.36|0|0|127936.97|5295.01|32500|0|0|0|32500|442378.19|PA|07||||||50334.65|0|03/31/2026|5865.36|0
H6PA07162|CROSSWELL, RYAN|C|1|DEM|1631882.18|39477.61|916552.95|0|0|715329.23|0|0|0|0|0|0|1566414.91|PA|07||||||22150|0|03/31/2026|13937|0
H6PA07170|PINSLEY, MARK|C|1|DEM|179911.74|0|125387.79|0|0|54523.95|0|0|0|0|0|-1567.67|179411.74|PA|07||||||500|0|03/31/2026|0|0
H6PA07188|BROOKS, BOB|C|1|DEM|1046249.9|0|502266.12|0|0|543983.78|3500|0|0|0|0|15000|846785.23|PA|07||||||183500.01|0|03/31/2026|1869.25|0
H8PA15229|WILD, SUSAN|I|1|DEM|5612.86|2091.2|71320.92|0|68659|2950.94|0|0|0|0|0|0|0|PA|07||||||0|3207.88|03/31/2026|-202.42|-5000
H0PA07132|SCHELLER, LISA|C|2|REP|5000|0|1222.17|0|1733.91|5511.74|5000|0|0|0|0|3418000|0|PA|07||||||0|0|03/31/2026|0|0
H2PA07096|DELLICKER, KEVIN|C|2|REP|1270|0|3034.9|0|1767.8|2.9|0|1000|0|0|0|168081.54|270|PA|07||||||0|0|12/31/2025|2120|0
H4PA07100|MONTERO, MARIA|C|2|REP|1500|0|114.98|0|686.3|2071.32|0|1500|0|0|0|5500|0|PA|07||||||0|0|03/31/2026|-1700|0
H8PA15195|MACKENZIE, RYAN EDWARD|I|2|REP|3484745.55|1320808.94|1132165.93|0|103239.91|2455819.53|0|0|0|0|0|57874.38|1245132.66|PA|07||||||887719.8|5000|03/31/2026|34880.47|578.17
H2PA17079|CARTWRIGHT, MATTHEW A.|I|1|DEM|467.78|0|89241.29|0|88774.64|1.13|0|0|0|64861.35|0|177938.65|0|PA|08||||||0|0|03/31/2026|250|0
H6PA08293|COGNETTI, PAIGE|C|1|DEM|2607715.31|95000|682856.24|0|0|1924859.07|0|0|0|0|0|0|2270493.55|PA|08||||||241399|535.27|03/31/2026|5004.99|2000
H0PA08221|BOGNET, JIM|C|2|REP|501|0|19.76|0|74196.76|74678|0|0|0|0|0|0|501|PA|08||||||0|0|03/31/2026|0|0
H4PA08124|BRESNAHAN, ROB|I|2|REP|4204813.13|1483984.15|2043833.25|382.86|53152.37|2214132.25|24750|0|0|60000|0|897068.5|1560523.19|PA|08||||||1124177|5000|03/31/2026|11466.81|1000
H8PA17050|CHRIN, JOHN R|C|2|REP|0|0|0|0|1483.55|1483.55|0|0|0|0|0|468700|0|PA|08||||||0|0|03/31/2026|0|0
H2PA09126|WALDMAN, AMANDA|C|1|DEM|0|0|300|0|9044.38|8744.38|0|0|0|0|0|0|0|PA|09||||||0|0|03/31/2025|0|0
H6PA09119|BROTHERS, JENNIFER M|C|1|DEM|9090.14|0|7879.62|0|0|1210.52|0|0|0|0|0|2000|8424.75|PA|09||||||665.39|0|03/31/2026|25|0
H6PA09127|WALLACE, RACHEL|C|1|DEM|455994.42|0|173947.67|0|0|282046.75|0|0|0|0|0|0|445494.42|PA|09||||||9500|1000|03/31/2026|209|0
H8PA10147|MEUSER, DANIEL|I|2|REP|1627982.59|162928.37|1440393.94|0|33646.73|221235.38|0|0|0|0|0|250000|772538.73|PA|09||||||666500|0|03/31/2026|2191.75|300
H0PA10110|DEPASQUALE, EUGENE|C|1|DEM|0|0|0|0|0|0|0|0|0|0|0|0|0|PA|10||||||0|0|04/15/2025|0|0
H2PA10124|DANIELS, SHAMAINE MS|C|1|DEM|985.08|0|821.04|0|943.39|1107.43|200|0|0|0|0|91264.44|785|PA|10||||||0|0|03/31/2026|0|0
H4PA10088|O'BRIEN, MICHAEL|C|1|DEM|0|0|3364.2|0|3364.2|0|0|0|0|0|0|0|0|PA|10||||||0|0|03/06/2025|0|0
H4PA10104|STELSON, JANELLE|C|1|DEM|4370123.93|763536.74|1211172.55|0|15237.48|3174188.86|0|0|0|0|0|0|3318168.45|PA|10||||||284756.48|535.27|03/31/2026|22305.1|0
H6PA10182|DOUGLAS, JUSTIN|C|1|DEM|121880.17|0|110775.6|0|0|11104.57|0|0|0|0|0|0|121880.17|PA|10||||||0|0|03/31/2026|211|0
H6PA10190|LILLICH, WILLIAM EDWARD|C|1|DEM|0|0|0|0|0|28.07|0|0|0|0|0|0|0|PA|10||||||0|0|04/15/2026|0|0
H2PA04135|PERRY, SCOTT|I|2|REP|4016106.33|1119046.58|1802445.13|0|81918.98|2295580.18|0|0|0|0|0|283106.31|2334814.04|PA|10||||||551627|5000|03/31/2026|18818.92|0
H6PA10208|DALTON, KAREN LYNN MS.|C|2|REP|15514.45|0|10902.39|0|0|4612.06|67|6025|0|0|0|6025|9422.45|PA|10||||||0|0|03/31/2026|0|0
H6PA10174|HARMAN, ISABELLE A|C|3|IND|59448.95|0|45148.86|0|0|14300.09|2250|45195|1200|0|0|52525|10801|PA|10||||||0|0|03/31/2026|0|0
H4PA11094|ATKINSON, JAMES FREDRICK|C|1|DEM|0|0|1074.28|0|1074.28|0|0|0|0|0|0|0|0|PA|11||||||0|0|04/14/2025|0|0
H6PA11081|KLIMM, SARAH RENEE|C|1|DEM|5355.13|0|5445.42|0|200|209.71|1830.13|0|0|200|0|10831.05|3525|PA|11||||||0|0|03/31/2026|0|0
H6PA11099|MANNION, NANCY|C|1|DEM|138442.3|0|113176.87|0|0|25265.43|40971.94|0|0|0|0|0|95220.36|PA|11||||||250|0|03/31/2026|0|0
H6PA16320|SMUCKER, LLOYD K.|I|2|REP|1269522.79|413312.52|1052750.64|0|904091.93|1120864.08|0|0|0|0|0|0|182045.77|PA|11||||||648917.21|0|03/31/2026|500|0
H2PA18200|LEE, SUMMER|I|1|DEM|1305497.9|63500|506258.87|0|1011579.11|1810818.14|0|0|0|0|0|0|1031485.23|PA|12||||||174100|0|03/31/2026|15894.99|0
H2PA18259|PATEL, BHAVINI|C|1|DEM|0|0|13886.28|0|41081.33|27195.05|0|0|0|0|0|0|0|PA|12||||||0|0|03/31/2026|0|0
H4PA12076|MACDONALD, LAURIE|C|1|DEM|0|0|0|0|0|0|0|0|0|0|0|170874.97|0|PA|12||||||0|0|03/31/2026|0|0
H6PA12097|FORGIE, ADAM ROBERT|C|1|DEM|26850.6|0|14666.87|0|0|7279.52|450|0|0|0|0|0|26400.6|PA|12||||||0|0|12/31/2025|0|0
H6PA12121|PARKER, WILLIAM|C|1|DEM|20010|0|14448.51|0|0|5561.49|0|20000|0|0|0|20000|10|PA|12||||||0|0|03/31/2026|0|0
H4PA12068|HAYES, JAMES DR.|C|2|REP|24740|0|6884.26|0|685.51|18541.25|25|0|0|0|0|12253.08|19515|PA|12||||||4950|250|03/31/2026|0|0
H6PA12105|FECHTER, LEONARD BENSON|C|2|REP|17476.88|0|10671.68|0|0|6805.2|0|0|0|0|0|0|17380.59|PA|12||||||0|0|12/31/2025|0|0
H4PA13298|FARNHAM, ELIZABETH RHOADS|C|1|DEM|34603.62|0|18996.37|0|761.23|16368.48|167.94|0|0|0|0|0|32854.22|PA|13||||||1067|50|03/31/2026|0|0
H8PA13125|JOYCE, JOHN|I|2|REP|2043308.75|438941.73|1097649.73|0|2600138.09|3545797.11|0|0|0|302141|0|0|359966.48|PA|13||||||1135327.15|0|03/31/2026|1500|4000
H6PA14200|BRADSTOCK, DAVID ALAN|C|1|DEM|114272.61|0|67646.63|0|0|46625.98|2000|0|0|0|0|0|107022.61|PA|14||||||5250|0|03/31/2026|0|0
H8PA18199|RESCHENTHALER, GUY MR.|I|2|REP|3473821.6|501735.04|3114414.33|0|549080.16|908487.43|0|0|0|0|0|0|2037439.24|PA|14||||||924500|0|03/31/2026|6271.11|0
H4PA15152|WOMER, ZACHERAY MR.|C|1|DEM|12189.29|0|10653.55|0|8565.38|10101.12|0|0|0|0|0|0|12189.29|PA|15||||||0|0|03/31/2025|423|0
H6PA15181|BILGER, RAYMOND ALLEN|C|1|DEM|41320.36|0|14111.96|0|0|27208.4|0|0|0|0|0|0|41320.36|PA|15||||||0|0|03/31/2026|0|0
H8PA05071|THOMPSON, GLENN MR.|I|2|REP|1588234.35|62012.59|1567289.04|0|791793.9|812739.21|0|0|0|0|0|0|630773.56|PA|15||||||892568|0|03/31/2026|2870.97|3500
H4PA16093|NOURI, PRESTON|C|1|DEM|21108.97|0|34234.04|0|13125.07|0|14000|0|0|1887.24|0|0|4108.97|PA|16||||||0|0|07/15/2025|-2583.5|0
H6PA16379|WAGNER, JUSTIN|C|1|DEM|24455.46|0|10720|0|0|13735.46|620|0|0|0|0|0|23785.46|PA|16||||||0|50|03/31/2026|0|0
H0PA03271|KELLY, GEORGE J JR|I|2|REP|846093.93|0|717010.92|0|1042687.78|1171770.79|0|0|0|0|0|90000|234022.98|PA|16||||||608417.06|0|03/31/2026|583.65|0
H4PA16101|KRAMER, TIMOTHY D|C|2|REP|0|0|87.65|87.65|87.65|0|0|0|0|0|0|0|0|PA|16||||||0|0|01/01/2026|0|0
H2PA17103|DELUZIO, CHRISTOPHER|I|1|DEM|2169420.06|25417|1526757.25|0|353671.67|996334.48|0|0|0|0|0|0|1730420.94|PA|17||||||397850.01|0|03/31/2026|6805.03|0
H2PA17160|SHAFFER, JEREMY|O|2|REP|0|0|485.74|0|3503.57|3017.83|0|0|0|0|0|950000|0|PA|17||||||0|0|03/31/2026|0|0
H6PA17203|GUY, TONY|C|2|REP|7931.66|0|58.9|0|0|7872.76|0|0|0|0|0|1374.55|7931.66|PA|17||||||0|0|03/31/2026|0|0
H4PA17182|CUTERI, CLAYTON ALEXANDER|C|3|OTH|0|0|0|0|0|0|0|0|0|0|0|0|0|PA|17||||||0|0|03/31/2026|0|0
H0PR00051|HERNANDEZ-MAYORAL, JOSE A|C|1|DEM|0|0|0|0|143.26|143.26|0|0|0|0|0|849647.57|0|PR|00||||||0|0|03/31/2026|0|0
H4PR01010|HERNANDEZ RIVERA, PABLO JOSE|I|1|DEM|574030.18|0|266142.55|0|11966.23|319853.86|0|0|0|0|0|1140.8|504859.97|PR|00||||||68150|0|03/31/2026|170|0
H4PR01069|RIVERA-LASSEN, ANA IRMA|C|1|DEM|33.56|0|6353.33|0|15056.25|8736.48|0|0|0|0|0|0|33.56|PR|00||||||0|0|03/31/2026|315|0
H4PR01036|MELENDEZ, JOSE E|C|2|REP|0|0|2700|0|7753.33|5053.33|0|0|0|0|0|0|0|PR|00||||||0|0|12/31/2025|2700|0
H4PR00103|VILLAFANE RAMOS, WILLIAM ELY|C|3|NPP|3000|0|11171.48|0|8171.48|0|0|0|0|0|0|18000|3000|PR|00||||||0|0|03/31/2026|0|0
H4PR00095|VIVONI, MIGUEL HERNANDEZ|O|3|OTH|0|0|0|0|0|0|0|0|0|0|0|0|0|PR|00||||||0|0|03/31/2026|0|0
H6PR00082|GONZALEZ COLON, JENNIFFER|I|3|PNP|0|0|164.85|0|6931.77|6766.92|0|0|0|0|0|0|0|PR|00||||||0|0|03/31/2026|0|0
H0RI01073|CICILLINE, DAVID|I|1|DEM|3040.18|0|39472.24|0|493001.89|456569.83|0|0|0|0|0|0|0|RI|01||||||0|0|03/31/2026|0|0
H0RI01081|LYNCH, WILLIAM J|O|1|DEM|0|0|0|0|-1195.79|-1195.79|0|0|0|0|0|107500|0|RI|01||||||0|0|03/31/2026|0|0
H4RI01166|CANO, SANDRA C|O|1|DEM|0|0|0|0|10|10|0|0|0|0|0|72490.42|0|RI|01||||||0|0|03/31/2026|0|0
H4RI01174|MATOS, SABINA|O|1|DEM|20|0|894|0|1527.28|653.28|0|0|0|0|0|86660|0|RI|01||||||0|0|03/31/2026|0|0
H4RI01216|REGUNBERG, AARON|O|1|DEM|169.7|0|10339.88|0|13358.86|3188.68|0|0|0|0|0|58216.5|0|RI|01||||||0|0|03/31/2026|0|0
H4RI01232|CASEY, STEPHEN M|O|1|DEM|2.62|0|968.03|0|25980.95|25015.54|0|0|0|0|0|0|.53|RI|01||||||0|0|03/31/2026|0|0
H4RI01265|AMO, GABRIEL F|I|1|DEM|1158839.46|0|540891.99|0|934647.49|1552594.96|0|0|0|0|0|0|709269.37|RI|01||||||433550|0|03/31/2026|3500|1000
H4RI01281|ABNEY, MARVIN L.|O|1|DEM|14300|0|15500|0|1452.44|252.44|0|0|0|0|0|89032.99|14300|RI|01||||||0|0|09/30/2025|0|0
H2RI01202|WATERS, ALLEN|C|2|REP|0|0|345.26|0|1888.97|1543.71|0|0|0|0|0|0|0|RI|01||||||0|0|03/31/2025|0|0
H4RI01141|WATERS, ALLEN|C|2|REP|0|0|345.26|0|1888.97|1543.71|0|0|0|0|0|0|0|RI|01||||||0|0|03/31/2025|0|0
H0RI02139|LANGEVIN, JAMES R HONORABLE|I|1|DEM|19458.14|0|161157.47|0|401003.96|259304.63|0|0|0|0|0|0|0|RI|02||||||0|0|03/31/2026|0|0
H2RI02150|PACHECO, EDWIN|O|1|DEM|0|0|0|0|2823.73|2823.73|0|0|0|0|0|0|0|RI|02||||||0|0|03/31/2026|0|0
H2RI02184|MAGAZINER, SETH|I|1|DEM|1035480.08|20120.76|419690.89|0|876965.23|1492754.42|0|0|0|0|0|0|566328.03|RI|02||||||399000|0|03/31/2026|2192|0
H2RI02226|FUNG, ALLAN|O|2|REP|0|0|273.79|0|273.79|0|0|0|0|0|0|0|0|RI|02||||||0|0|04/07/2025|0|0
H4RI02115|CORVI, STEVEN J|C|2|REP|0|0|3456.04|678.91|3447.78|-8.26|0|0|0|0|0|0|0|RI|02||||||0|0|02/08/2025|0|0
H6RI02318|MELLOR, VICTOR G.|C|2|REP|606486|0|374065.34|0|0|232420.66|587376.6|0|0|0|0|28167|19109.4|RI|02||||||0|0|03/31/2026|0|0
H6RI02326|SKOLY, STEPHEN T|C|2|REP|107585|0|5236.43|0|0|102348.57|0|90000|0|0|0|90000|17585|RI|02||||||0|0|03/31/2026|0|0
H4SC01172|COLBERT BUSCH, ELIZABETH|O|1|DEM|7.08|0|13589.95|0|61562.88|47980.01|0|0|0|0|0|0|0|SC|01||||||0|0|03/31/2026|0|0
H4SC01297|MOORE, MICHAEL B|C|1|DEM|8524.22|0|9155.32|0|669.24|38.14|8524.22|0|0|0|0|67600|0|SC|01||||||0|0|03/31/2025|0|0
H6SC01201|RIVERA-VAZQUEZ, MAYRA|O|1|DEM|117676.42|0|87581.38|0|9545.34|31790.65|0|0|0|0|0|0|101676.42|SC|01||||||16000|0|03/31/2026|1200|0
H6SC01227|DEFORD, WILLIAM MAC|O|1|DEM|393994.14|0|253436.2|0|0|140557.94|0|0|0|0|0|1000|393494.14|SC|01||||||0|0|03/31/2026|0|0
H6SC01243|DIAZ, MAX ELIOT|O|1|DEM|5200.06|0|4748.24|0|0|366.09|0|0|0|0|0|0|5200.06|SC|01||||||0|0|03/31/2026|0|0
H6SC01300|FULMER, MATTHEW|O|1|DEM|8199.75|0|7037.21|0|10|1172.54|2400|0|0|0|0|0|5770|SC|01||||||0|0|03/31/2026|650|0
H6SC01359|LACORE, NANCY|O|1|DEM|1029274.58|0|451260.15|0|0|578014.43|0|0|0|0|0|4465|999774.58|SC|01||||||29500|0|03/31/2026|906.5|0
H6SC01367|ATWOOD, KJ|O|1|DEM|19482.96|0|17967.74|0|0|1515.22|0|6100|0|0|0|6100|13382.96|SC|01||||||0|0|03/31/2026|0|0
H0SC01378|CUNNINGHAM, LOGAN S|C|2|REP|27740.49|0|19027.38|0|0|8713.11|746.08|5000|0|0|0|5000|21994.41|SC|01||||||0|0|03/31/2026|0|0
H0SC01394|MACE, NANCY|I|2|REP|452863.38|268446.67|932642.94|0|664636.24|184856.68|0|0|0|0|0|100|171233.11|SC|01||||||11500|0|03/31/2026|27302.3|0
H4SC01073|SANFORD, MARSHALL C. HON.|O|2|REP|192047.58|0|22431.22|0|1323503.03|1493119.39|0|0|0|0|0|0|0|SC|01||||||0|0|03/31/2026|0|0
H6SC01250|SMITH, MARK|O|2|REP|726886.24|0|178912.61|0|0|547973.63|0|300000|0|0|0|339731.57|388360|SC|01||||||38500|0|03/31/2026|1500|0
H6SC01268|PELBATH, ALEX|O|2|REP|365832.69|22913.08|171876.12|0|0|193956.57|0|0|0|0|0|26348.15|322543.93|SC|01||||||19000|0|03/31/2026|0|0
H6SC01276|MCCOWN, SAM DR|O|2|REP|1526206.64|0|311295.55|0|0|1214911.09|0|1249100.09|0|0|0|1249100.09|266649.85|SC|01||||||10000|0|03/31/2026|0|0
H6SC01284|BYARS, JAMES LEX III|C|2|REP|213931|0|84675.71|0|0|129255.29|0|0|0|0|0|0|213931|SC|01||||||0|0|03/31/2026|0|0
H6SC01292|BROWN, DAN|O|2|REP|4022.43|0|6756.3|0|4032|1298.13|0|3480|0|0|0|3980|542.43|SC|01||||||0|0|03/31/2026|0|0
H6SC01318|DYKES, TYLER|O|2|REP|19150.56|0|13323.83|0|-6.07|5820.66|3|3524.64|3480|678.68|0|6325.96|5392.53|SC|01||||||2000|1270.39|03/31/2026|0|0
H6SC01326|CUNNINGHAM, LOGAN|O|2|REP|27740.49|0|19027.38|0|0|8713.11|746.08|5000|0|0|0|5000|21994.41|SC|01||||||0|0|03/31/2026|0|0
H6SC01334|HONEYCUTT, JENNY COSTA|O|2|REP|301227.67|1391.27|29663.31|0|0|271564.36|0|0|10000|0|0|10000|279836.4|SC|01||||||10000|0|03/31/2026|1600|0
H6SC01342|REESIDE, WILLIAM OLIVER JR.|O|3|LIB|111071.04|0|42923.27|0|0|68147.77|0|105500|0|0|0|105500|5570.74|SC|01||||||0|0|03/22/2026|0|0
H4SC02089|ROBINSON, ROGER DAVID JR|C|1|DEM|4348.98|0|5146|0|2591.72|1688.2|0|0|0|0|0|0|4348.98|SC|02||||||0|0|03/31/2026|0|0
H6SC02134|PRUITT, ROGER KEITH|C|1|DEM|24019.27|0|22830.32|0|0|1188.95|3004.43|2500|0|0|0|2500|18514.84|SC|02||||||0|0|03/31/2026|0|0
H2SC02059|WILSON, JOE THE HON.|I|2|REP|669269.2|20983.5|419825.79|0|44513.18|293956.59|0|200000|0|0|0|0|274511.45|SC|02||||||172000|0|03/31/2026|3000|0
H4SC02071|REDMOND, HAMPTON|C|2|REP|13549.57|0|11869.5|0|24.18|1704.25|0|8600|0|0|0|8600|4949.57|SC|02||||||0|0|03/31/2026|250|0
H6SC03090|LEHMACHER, EUNICE|C|1|DEM|19123.68|0|8537.11|0|0|10586.57|0|100|0|0|0|100|18689.12|SC|03||||||333.14|0|03/31/2026|0|0
H2SC04147|BURNS, MARK|O|2|REP|43704.52|0|44895.52|0|2556.59|1365.59|0|43700.02|0|11596.41|0|1017560.67|4.5|SC|03||||||0|0|03/31/2026|0|0
H4SC01313|BIGGS, SHERI|I|2|REP|400543.3|88408.97|293577.55|0|104085.26|211051.01|0|0|0|0|0|395000|72328.87|SC|03||||||233975.5|0|03/31/2026|780.63|3500
H4SC04101|HARVEY, KATHRYN|C|1|DEM|307.69|0|6838.69|0|6531|0|275.69|0|0|0|0|0|0|SC|04||||||0|0|03/31/2025|0|0
H6SC04171|MCCLAIN, COURTNEY|C|1|DEM|17509.53|0|20040.45|0|0|-2530.92|0|0|0|0|0|0|17509.53|SC|04||||||0|0|03/31/2026|0|0
H0SC04240|SMART, ANDREW THOMAS|C|2|REP|0|0|0|0|2556.51|2556.51|0|0|0|0|0|0|0|SC|04||||||0|0|03/31/2026|0|0
H4SC04093|MORGAN, ADAM|C|2|REP|0|0|2953.04|0|2953.04|0|0|0|0|1693.55|0|0|0|SC|04||||||0|0|01/31/2025|0|0
H6SC04189|ATCHLEY, DAVID MICHAEL|C|2|REP|139427.78|0|88729.84|0|0|50697.94|0|0|0|0|0|0|139425.72|SC|04||||||0|0|03/31/2026|6000|0
H6SC04205|LEE, ROBERT EUGENE|C|2|REP|6813.14|0|2061.64|0|0|4751.5|1038.12|2000|0|0|0|2000|3775|SC|04||||||0|0|03/31/2026|0|0
H8SC04250|TIMMONS, WILLIAM R IV|I|2|REP|829479|12991.46|559761.54|0|20115.02|289832.48|0|150000|0|76400|0|377572.02|200788.26|SC|04||||||464000|0|03/31/2026|5000|0
H2SC05102|HUNDLEY, EVANGELINE|C|1|DEM|0|0|520.95|0|520.95|0|0|0|0|520.95|0|0|0|SC|05||||||0|0|09/30/2025|0|0
H6SC05178|HARPER, ALEX|O|1|DEM|23136.74|0|22538.33|2000|0|598.41|0|575.76|0|575.76|0|0|22560.98|SC|05||||||0|0|03/31/2026|4120.17|0
H6SC05186|CLOUGH, ANDREW|O|1|DEM|6504.21|0|4660.88|0|0|1843.33|0|5000|0|0|0|5000|1504.21|SC|05||||||0|0|03/31/2026|0|0
H6SC05228|DITTMER, MALLORY|O|1|DEM|80511.47|2000|34860.11|0|0|45651.36|0|1208.66|150|1208.66|150|0|77043.99|SC|05||||||100|0|03/31/2026|180|0
H6SC05202|CLIMER, WES|O|2|REP|757622.57|0|237201.53|0|0|520421.04|1718.52|0|0|0|0|0|588404.05|SC|05||||||167500|0|03/31/2026|1000|0
H6SC05210|BLEDSOE, BILL|O|2|REP|50003.12|0|50000|0|0|8.11|0|50000|0|50000|0|0|0|SC|05||||||0|0|02/24/2026|0|0
H8SC05158|NORMAN, RALPH W. JR.|I|2|REP|83264.38|0|587584.94|0|594610.68|90290.12|7000|0|0|0|0|0|12611.68|SC|05||||||63500|0|03/31/2026|2.68|0
H2SC02042|CLYBURN, JAMES E|I|1|DEM|773366.6|0|1206725.54|0|1839127.23|1405768.29|0|0|0|0|0|0|293970.19|SC|06||||||458634.32|0|03/31/2026|1565|0
H2SC06019|TALLON, ROBIN|C|1|DEM|0|0|7285.5|0|96506.02|89220.52|0|0|0|0|0|11521.38|0|SC|06||||||0|0|03/31/2026|0|0
H2SC06142|BUCKNER, DUKE|C|2|REP|340|0|10289.28|0|9949.28|0|0|0|0|9903.13|0|21896.87|340|SC|06||||||0|0|12/10/2025|0|0
H2SC06134|DIXON, GREGG|C|3|OTH|0|0|1004.94|0|1676.83|671.89|0|0|0|0|0|0|0|SC|06||||||0|0|03/31/2025|0|0
H6SC07034|VINCENT, JOHN GREGORY|C|1|DEM|210642.59|0|157216.15|0|0|54333.44|549.86|10200|0|200|0|10000|195752.01|SC|07||||||3500|0|03/31/2026|260|3500
H2SC07280|FRY, RUSSELL|I|2|REP|1438660.95|234268.54|1011930.79|0|561182.69|987912.85|0|0|0|0|0|0|648138.6|SC|07||||||546163.82|250|03/31/2026|17375.56|0
H2SC07298|BARTON, GARRETT DR.|C|2|REP|0|0|367.91|0|367.91|0|0|0|0|0|0|156506.2|0|SC|07||||||0|0|03/31/2026|0|0
H4SD00064|JOHNSON, SHERYL|C|1|DEM|0|0|-1912.1|0|-1912.1|0|0|0|0|0|0|0|0|SD|00||||||0|0|03/31/2025|0|0
H6SD01133|MAWHINEY, BILLY|O|1|DEM|31138|0|31138|0|0|0|0|2000|0|2000|0|0|28038|SD|00||||||700|0|03/31/2026|0|0
H6SD01141|GRONLI, NICOLE|O|1|DEM|183316.11|0|84646.79|0|0|98669.32|1500|0|0|0|0|0|175995.72|SD|00||||||4750|400|03/31/2026|0|0
H4SD01047|MCNEAL, JUSTIN SHAD MR|C|2|REP|7000|0|47420.31|125|40420.31|0|0|0|0|34003.91|0|15996.09|7000|SD|00||||||0|0|01/31/2026|0|0
H4SD01054|MCNEAL, JUSTIN SHAD MR|C|2|REP|7000|0|47420.31|125|40420.31|0|0|0|0|34003.91|0|15996.09|7000|SD|00||||||0|0|01/31/2026|0|0
H6SD01109|JACKLEY, MARTY|O|2|REP|1257172.04|10290.32|211514.1|0|0|1045657.94|1000|0|0|0|0|0|1161120.41|SD|00||||||84750|0|03/31/2026|1000|0
H6SD01117|CRABTREE, CASEY|O|2|REP|253878.3|0|167318.16|0|0|86560.14|0|0|0|0|0|0|244289.3|SD|00||||||9500|0|03/31/2026|0|0
H8SD01055|JOHNSON, DUSTY|I|2|REP|1670460.58|305272|2292573.51|1800000|5245125|4623012.07|0|0|0|0|0|0|812819.98|SD|00||||||322400|0|03/31/2026|59650|10000
H0TN01092|WALSINGHAM, BLAIR NICOLE|O|1|DEM|0|0|0|0|0|0|0|0|0|0|0|0|0|TN|01||||||0|0|03/31/2026|0|0
H6TN01537|BURKE, KRISTI|C|1|DEM|53772.55|0|26239.9|0|0|27532.65|0|0|0|0|0|0|49999.58|TN|01||||||0|0|03/31/2026|0|0
H0TN01118|HARSHBARGER, DIANA|I|2|REP|945557.63|20669.09|591910.75|5000|1450769.13|1804416.01|0|0|0|0|0|1456793|340308.02|TN|01||||||531250|0|03/31/2026|10645.85|12500
H4TN02084|GEORGE, JANE ANNE|C|1|DEM|1930.59|0|8405.44|0|6845.43|370.58|0|0|0|0|0|0|188.88|TN|02||||||0|0|03/31/2026|0|0
H6TN02162|VELK, ADAM JAY|C|1|DEM|0|0|0|0|0|0|0|0|0|0|0|0|0|TN|02||||||0|0|09/16/2025|0|0
H6TN02170|BARNETT, MICHAELA|C|1|DEM|190931.35|0|159963.2|0|0|30968.15|0|6000|0|0|0|6000|180051.31|TN|02||||||250|0|03/31/2026|25|250
H8TN02069|DUNCAN, JOHN J REP. JR.|I|2|REP|26794.68|0|84465.91|35000|471315.36|413644.13|0|0|0|0|0|0|0|TN|02||||||0|0|03/31/2026|0|0
H8TN02119|BURCHETT, TIM|I|2|REP|1161955.43|19441.7|956392.9|0|728190.08|933752.61|0|0|0|0|0|2267.18|1035577.79|TN|02||||||94025.26|0|03/31/2026|0|0
H8TN02127|MATLOCK, JAMES LLOYD|O|2|REP|0|0|1130.8|0|1130.8|0|0|0|0|0|0|240000|0|TN|02||||||0|0|03/18/2026|0|0
H4TN03199|ALLEN, JACK BURKS MR JR|C|1|DEM|0|0|0|0|0|0|0|0|0|0|0|0|0|TN|03||||||0|0|03/31/2025|0|0
H6TN03202|HAWN, JOEL DEREK MR|C|1|DEM|140|0|69.75|0|0|70.25|30|0|0|0|0|0|110|TN|03||||||0|0|03/31/2025|0|0
H0TN03254|FLEISCHMANN, CHARLES J|I|2|REP|1849781.81|0|557641.64|0|3257052.08|4549192.25|0|0|0|0|0|0|1186598.7|TN|03||||||0|491500|03/31/2026|10500|0
H4TN04270|BRODERICK, VICTORIA|C|1|DEM|42165.2|0|45914.28|0|7692.45|3943.37|500|0|0|0|0|0|34603.71|TN|04||||||250|0|03/31/2026|550|0
H6TN04234|LARSON, PATRICK|C|1|DEM|0|0|0|0|0|0|0|0|0|0|0|0|0|TN|04||||||0|0|03/31/2026|0|0
H0TN04195|DESJARLAIS, SCOTT HON.|I|2|REP|380918.18|0|317022.51|0|366018.36|429914.03|0|0|0|0|0|0|151894.2|TN|04||||||228500|0|03/31/2026|0|0
H4TN04155|FAPARUSI, YOMI DR. SR.|C|2|REP|0|0|0|0|0|0|0|0|0|0|0|15000|0|TN|04||||||0|0|03/31/2026|0|0
H4TN04247|DAVIS, THOMAS EUGENE|C|2|REP|9741.1|0|8458.99|0|2139.64|3495.75|344.36|1700|0|0|0|3800|7396.74|TN|04||||||0|0|03/31/2026|0|0
H6TN05355|TORINO, JAMES PHD|C|1|DEM|117034.15|0|17349.03|0|0|99685.12|850|100000|0|0|0|100000|15709.6|TN|05||||||0|0|03/31/2026|0|0
H6TN05363|NEAL, JOYCE ELAINE ED.D.|C|1|DEM|6615|0|3217.21|0|0|1542.78|5000|0|0|0|0|0|1615|TN|05||||||0|0|03/31/2026|0|0
H6TN05371|CORTESE, MIKE|C|1|DEM|533689.47|0|383404.32|0|0|150285.15|.67|0|0|0|0|0|529810.8|TN|05||||||3500|0|03/31/2026|0|0
H6TN05397|MOLDER, CHAZ|C|1|DEM|1825648.12|0|551473.2|0|0|1274174.92|0|0|0|0|0|1146|1694554.36|TN|05||||||131050|0|03/31/2026|15584.61|0
H2TN05339|STARBUCK, ROBBY|O|2|REP|0|0|0|0|0|0|0|0|0|0|0|115787.79|0|TN|05||||||0|0|03/31/2026|0|0
H2TN05354|LEE, WILLIAM BAXTER|O|2|REP|0|0|750|0|9399.81|8649.81|0|0|0|0|0|317380|0|TN|05||||||0|0|03/31/2026|0|0
H2TN05362|ORTAGUS, MORGAN|O|2|REP|0|0|500|0|7187.84|6687.84|0|0|0|0|0|0|0|TN|05||||||0|0|03/31/2026|0|0
H2TN05370|WINSTEAD, KURT|O|2|REP|0|0|0|0|7718.59|7718.59|0|0|0|0|0|732966|0|TN|05||||||0|0|03/31/2026|0|0
H2TN05446|OGLES, ANDY|I|2|REP|447537.25|0|424396.95|0|61920.64|85060.94|0|0|0|0|0|70368.75|333763.79|TN|05||||||107000|0|03/31/2026|7275.79|2500
H2TN05479|BEIERLEIN, JEFF|O|2|REP|0|0|0|0|0|0|0|0|0|0|0|144516.71|0|TN|05||||||0|0|03/31/2026|0|0
H4TN05137|JOHNSTON, COURTNEY|C|2|REP|783.1|0|13770.2|0|12987.1|0|0|0|0|0|0|0|0|TN|05||||||0|0|09/30/2025|0|0
H6TN05405|HATCHER, CHARLIE|C|2|REP|545993.58|0|331991.16|0|0|214002.42|132804.39|0|0|0|0|0|412189.19|TN|05||||||1000|0|03/31/2026|2500|0
H4TN05152|FAPARUSI, YOMI FAPAS DR|C|3|IND|0|0|0|0|0|0|0|0|0|0|0|15000|0|TN|05||||||0|0|03/31/2026|0|0
H4TN05160|TITLEY, BOB R.|C|3|IND|9263.22|0|9263.22|0|-9263.22|-9263.22|9263.22|0|0|0|0|0|0|TN|05||||||0|0|04/15/2025|0|0
H2TN06162|COOPER, RANDAL DEAN|C|1|DEM|0|0|160.45|0|2655.64|2495.19|0|0|0|0|0|0|0|TN|06||||||0|0|03/31/2026|0|0
H4TN04015|GORDON, BART|I|1|DEM|49424.6|0|48171.62|0|189293.88|190546.86|0|0|0|0|0|0|0|TN|06||||||0|0|03/31/2026|0|0
H6TN06171|CROLEY, MIKE|O|1|DEM|14730|0|8462.43|0|60|6327.57|0|0|0|0|0|0|14690|TN|06||||||0|0|03/31/2026|50|0
H6TN06247|BALLIN, CRAIG|O|1|DEM|6210.22|0|6210.22|0|0|0|0|5000|0|4482.03|0|517.97|1210.22|TN|06||||||0|0|03/01/2026|0|0
H6TN06270|MOSLEY, CHANEY|O|1|DEM|52594.72|0|9870.22|0|0|42724.5|20|0|0|0|0|0|52574.72|TN|06||||||0|0|03/31/2026|0|0
H0TN06224|ZELENIK, LOU ANN|C|2|REP|0|0|0|0|128.32|128.32|0|0|0|0|0|228000|0|TN|06||||||0|0|03/31/2026|0|0
H6TN06205|HILLEARY, WILLIAM V.|O|2|REP|1181118.31|0|203344.21|0|0|977774.1|0|0|0|0|0|0|1145110.72|TN|06||||||36000|0|03/31/2026|8459.59|0
H6TN06213|GARRETT, JOHNNY|O|2|REP|1707664.57|0|278641.95|0|0|1429022.62|2291.57|900000|0|0|0|900000|772323|TN|06||||||33050|0|03/31/2026|2000|0
H6TN06221|GAINES, BRAD|O|2|REP|3525|0|1.3|0|0|3523.7|0|0|0|0|0|0|3525|TN|06||||||0|0|12/31/2025|0|0
H6TN06262|HENRY, JON|O|2|REP|67165.84|0|17826.72|0|50409.71|99748.83|0|0|0|0|0|0|0|TN|06||||||0|0|03/31/2026|0|0
H8TN06086|MATHENY, JUDD|O|2|REP|0|0|0|0|0|0|0|0|0|0|0|0|0|TN|06||||||0|0|03/31/2025|0|0
H8TN06094|ROSE, JOHN W.|I|2|REP|77993.26|12000|1003917.57|0|983754.33|57830.02|0|0|0|800000|0|150808.25|47993.26|TN|06||||||18000|0|03/31/2026|0|0
H6TN06197|BRADEN, RONNIE DALE|O|3|AIC|234.95|0|2083.21|0|0|-1848.26|0|0|0|0|0|0|234.95|TN|06||||||0|0|03/31/2026|0|0
H6TN06288|KOONTZ, ANDREW J.|O|3|IND|5100|0|129.77|0|0|4970.23|0|5100|0|0|0|5100|0|TN|06||||||0|0|03/31/2026|0|0
H6TN07229|DIXIE, VINCENT|C|1|DEM|178357.43|0|177162.4|0|0|1195.03|0|3500|0|0|0|11788.47|162132.28|TN|07||||||11000|0|03/31/2026|12270|0
H6TN07260|MITCHELL, JAMES BO|C|1|DEM|245852.74|0|245515.55|0|0|337.19|11000|0|0|0|0|1500|216513.25|TN|07||||||12000|0|03/31/2026|8000|0
H6TN07286|COPELAND, DARDEN HUNTER|C|1|DEM|587799.79|0|495603.05|0|0|92196.74|25335.83|100000|0|0|0|100000|459463.96|TN|07||||||3000|0|09/30/2025|0|0
H2TN06030|BLACKBURN, MARSHA MRS.|I|2|REP|2753251.3|1885997.26|2830269.25|0|5138614.78|5061596.83|0|0|0|0|0|0|240177.23|TN|07||||||123500|0|03/31/2026|0|0
H4TN07166|OGLES, BRANDON THOMAS|O|2|REP|0|0|0|0|0|0|0|0|0|0|0|0|0|TN|07||||||0|0|03/31/2026|0|0
H6TN07161|VAN EPPS, MATTHEW ROBERT|I|2|REP|1982057.18|0|1846901.87|0|0|135155.31|0|0|0|0|0|152737.23|1485062.12|TN|07||||||485600|7305|03/31/2026|1000|1000
H6TN07179|KNIGHT, JASON|O|2|REP|45369.45|0|45138.81|0|0|230.64|1000|20000|0|0|0|26954.63|24335.44|TN|07||||||0|0|03/31/2026|0|0
H6TN07187|REEVES, LEE BRIAN MR. JR.|C|2|REP|600369.7|0|600369.7|0|0|0|0|300000|0|349.17|0|0|300369.7|TN|07||||||0|0|12/31/2025|3552.05|0
H6TN07203|BARRETT, JOSEPH MICHAEL|C|2|REP|336392.06|0|336392.06|0|0|0|0|0|0|0|0|0|317906.42|TN|07||||||18485.64|0|01/25/2026|25930.83|2500
H6TN07211|FOLEY, MASON|C|2|REP|501553|0|501553|0|0|0|0|407000|0|0|0|0|75053|TN|07||||||5500|0|12/31/2025|0|0
H6TN07245|PARKS, STEWART THOMAS|C|2|REP|362619.68|0|362928.15|0|0|-308.47|231617.37|67167.31|0|100|0|0|63832|TN|07||||||0|0|02/04/2026|0|0
H6TN07278|COOPER, STUART|C|2|REP|35150.32|0|35150.32|2800|0|0|0|2445.06|0|0|0|2445.06|28656.58|TN|07||||||0|0|10/31/2025|1500|0
H6TN07294|BULSO, GINO|C|2|REP|833756.18|0|833756.18|0|0|0|18972.72|750000|0|3798.8|0|0|64783.46|TN|07||||||0|0|03/26/2026|0|0
H6TN07310|LEURS, JOSEPH H|C|2|REP|7505.08|0|22721.29|0|0|-15216.21|6600|0|0|0|0|21375.58|8.08|TN|07||||||0|0|03/31/2026|0|0
H8TN07076|GREEN, MARK DR.|I|2|REP|270074.75|69436.31|336779.9|0|66857.37|152.22|400|4000|0|0|0|4000|158926.48|TN|07||||||36500|0|03/31/2026|54900|5000
H4TN07174|GREENE, SHAUN JOSEPH|O|3|IDP|0|0|0|0|0|0|0|0|0|0|0|0|0|TN|07||||||0|0|04/15/2025|0|0
H6TN07153|THORP, JONATHAN|O|3|IND|20099.22|0|26337.33|0|0|-6238.11|1086.95|2000|0|0|0|58772.04|17012.27|TN|07||||||0|0|03/31/2026|0|0
H4TN08123|FREEMAN, SARAH|C|1|DEM|10|0|1427.91|0|1417.91|0|0|0|0|0|0|912.27|10|TN|08||||||0|0|09/30/2025|0|0
H6TN08250|STOTTS-PEARSON, ERIKA|C|1|DEM|0|0|0|0|3987.34|3987.34|0|0|0|0|0|5717.7|0|TN|08||||||0|0|03/31/2026|0|0
H0TN08246|FINCHER, STEVE MR.|I|2|REP|41094.5|0|25292.1|0|1274824.47|1290626.87|0|0|0|0|0|0|0|TN|08||||||0|0|03/31/2026|0|0
H2TN07103|KUSTOFF, DAVID|I|2|REP|1813310.79|80000|1041264.92|72000|2059460.81|2831506.68|0|0|0|75000|0|161500|865444.67|TN|08||||||820600|0|03/31/2026|5666.5|3000
H4TN08099|MILLS, JOHN JOHN|O|2|REP|14162|0|15191.09|0|2057.94|1028.85|0|12500|0|362.23|0|105175.76|1662|TN|08||||||0|0|03/31/2026|0|0
H6TN08177|LUTTRELL, MARK H JR|O|2|REP|0|0|798|0|867.05|39.05|0|0|0|0|0|0|0|TN|08||||||0|0|03/31/2026|0|0
H8TN07043|LEATHERWOOD, THOMAS F III|O|2|REP|0|0|0|0|0|0|0|0|0|0|0|46416.44|0|TN|08||||||0|0|03/31/2026|0|0
H6TN09068|COHEN, STEVE I MR.|I|1|DEM|658568.64|0|395281.05|0|1719832.69|1982620.28|0|0|0|0|0|0|271687.33|TN|09||||||281500|779.17|03/31/2026|0|0
H6TN09449|PEARSON, JUSTIN J.|C|1|DEM|1106297.39|0|718433.61|0|0|387863.78|278.38|0|0|0|0|0|1086787.66|TN|09||||||18500|0|03/31/2026|14026.17|0
H0TN09061|BERGMANN, CHARLOTTE|C|2|REP|11734.59|0|7445.79|0|3440.68|7729.48|0|0|0|0|0|51650.56|9234.59|TN|09||||||2500|0|03/31/2026|0|0
H0TN08287|FLINN, GEORGE S DR JR|C|3|IND|0|0|0|0|10444.96|10444.96|0|0|0|0|0|150000|0|TN|09||||||0|0|03/31/2026|0|0
H6TX01303|RAY, MASIKA AKILAH|C|1|DEM|18851.23|0|18837.51|0|0|13.72|0|13484.37|0|267|0|13217.37|4966.86|TX|01||||||0|0|03/31/2026|500|0
H6TX01337|ALEXANDER, DAX CORNELL|C|1|DEM|11711.68|0|9769.74|0|0|1941.94|5125|0|0|0|0|0|6586.68|TX|01||||||0|0|03/31/2026|0|0
H2TX01112|MORAN, NATHANIEL QUENTIN|I|2|REP|1385301.26|263031.94|1131996.71|0|380946.12|634250.67|0|0|0|0|0|0|507214.89|TX|01||||||613650|0|03/31/2026|-638.1|0
H2TX02383|FULFORD, ROBIN DAWN|C|1|DEM|0|0|165.95|0|5189.14|5023.19|0|0|0|0|0|14595.55|0|TX|02||||||0|0|03/31/2026|0|0
H6TX02095|TURNER, JIM|C|1|DEM|42909.6|0|26873.86|0|313227.57|329263.31|0|0|0|0|0|0|0|TX|02||||||0|0|03/31/2026|0|0
H6TX02251|FINNIE, SHAUN|C|1|DEM|2560873.39|0|1017792.86|0|0|1543080.53|0|1871000|0|0|0|1871000|688326.11|TX|02||||||0|0|03/31/2026|5385|0
H2TX08158|ELLIS, JAMESON|C|2|REP|6339.9|0|6388.09|0|48.19|0|0|0|0|0|0|0|6339.73|TX|02||||||0|0|03/31/2025|3405|0
H2TX08232|ETWOP, MARTIN|C|2|REP|13787.96|0|11397.56|0|-2391.99|-1.59|3000|0|0|0|0|0|9692.96|TX|02||||||0|0|04/30/2026|160|0
H6TX02236|PLUMB, NICHOLAS LEE MR.|C|2|REP|9244.85|0|6216.03|0|0|3028.82|3352.05|0|0|0|0|0|5892.8|TX|02||||||0|0|02/18/2026|0|0
H6TX08175|TOTH, STEVE|C|2|REP|698325.11|0|574006.78|0|0|124318.33|0|13000|0|0|0|13000|658628.4|TX|02||||||26000|0|03/31/2026|20745.5|1500
H8TX02166|CRENSHAW, DANIEL|I|2|REP|2671297.23|465358.94|3097368.05|5105.56|469307.75|43236.93|0|0|0|0|0|37080|1457153.88|TX|02||||||638410.1|0|03/31/2026|404490.41|54300
H2TX03274|SRIVASTAVA, SANDEEP KUMAR|C|1|DEM|619280.41|0|623966.87|0|4686.46|0|617709.41|0|0|570688.73|0|45|1571|TX|03||||||0|0|05/11/2025|0|0
H6TX03226|WHEATLEY, JORDAN DOUGLAS|C|1|DEM|20610.58|0|20610.58|0|0|0|439.58|0|0|0|0|0|20171|TX|03||||||0|0|01/30/2026|0|0
H6TX03234|HUNT, EVAN|C|1|DEM|336981.48|0|305935.33|0|0|31046.15|0|75000|0|0|0|78338.39|256481.48|TX|03||||||5500|0|03/31/2026|106|0
H8TX03099|BURCH, LORIE|C|1|DEM|0|0|0|0|0|0|0|0|0|0|0|20322.78|0|TX|03||||||0|0|03/31/2026|0|0
H2TX00064|SELF, KEITH ALAN|C|2|REP|504420.2|0|482949.58|0|109340.89|130811.51|1244.74|0|0|0|0|0|347916.78|TX|03||||||150873.45|0|03/31/2026|20944|1000
H2TX03316|IVANOVSKIS, JEREMY DANIEL|C|2|REP|1200|0|1200|0|0|0|1200|0|0|0|0|0|0|TX|03||||||0|0|12/02/2025|0|0
H4TX03122|PENNIE, DEMETRICK TRE DR.|C|2|REP|0|0|.2|0|1179.22|1179.02|0|0|0|0|0|4905.35|0|TX|03||||||0|0|03/31/2025|0|0
H6TX03259|NEWGENT, MARK|C|2|REP|169239.92|0|168318.04|0|0|921.88|10|0|109.43|109.43|0|3260|165572.89|TX|03||||||3000|0|03/31/2026|1510|0
H6TX04166|RUBELL, ANDREW LEE|C|1|DEM|4470|0|4302.64|0|0|167.36|0|0|0|0|0|0|1345|TX|04||||||3125|0|02/11/2026|0|0
H6TX04174|PEARCE, JASON|C|1|DEM|11783.19|0|10905.87|0|0|877.32|0|8710.83|0|0|0|8710.83|3072.36|TX|04||||||0|0|03/31/2026|0|0
H0TX04193|RANSOM, TRAVIS|C|2|REP|0|0|425|0|0|20005.48|0|0|0|0|0|0|0|TX|04||||||0|0|03/31/2026|0|0
H0TX04219|FALLON, PATRICK|I|2|REP|685489.02|231629.6|283211.67|6600|660078.27|1062355.62|0|0|0|0|0|25000|210978.87|TX|04||||||242580|0|03/31/2026|15250|4500
H0TX32079|MCLENDON, FLOYD JR.|C|2|REP|0|0|0|0|43858.23|43858.23|0|0|0|0|0|0|0|TX|04||||||0|0|03/31/2026|0|0
H2TX04132|THOMAS, DANIEL M.|C|2|REP|0|0|0|0|176.33|176.33|0|0|0|0|0|14551.21|0|TX|04||||||0|0|03/31/2026|0|0
H8TX04154|DANIELS, SHOLDON MR.|C|2|REP|353563.95|0|369866.68|0|0|-16302.73|1375.94|700|0|700|0|0|350200.05|TX|04||||||690.64|0|02/11/2026|0|0
H2TX05253|TORRES, RUTH MS.|C|1|DEM|10625|0|9387.83|0|362.97|1512.97|0|10000|0|0|0|28040.14|625|TX|05||||||0|0|02/11/2026|0|0
H6TX05189|HOCKETT, CHELSEY ALEXANDRA|C|1|DEM|10219.66|0|-9519.42|0|0|5463.23|0|0|0|0|0|0|10219.66|TX|05||||||0|0|03/31/2026|0|0
H6TX05197|HOCKETT, CHELSEY ALEXANDRA|C|1|DEM|10219.66|0|-9519.42|0|0|5463.23|0|0|0|0|0|0|10219.66|TX|05||||||0|0|03/31/2026|0|0
H6TX05171|EDWARDS, TRAVIS|C|2|REP|17628.25|0|17883.04|0|282.36|27.57|9600|0|0|0|0|0|8028.25|TX|05||||||0|0|12/31/2025|3700|0
H8TX05144|GOODEN, LANCE|I|2|REP|1170229.83|358009.35|554886.51|0|717356.96|1337500.28|0|0|0|0|0|0|332442.5|TX|05||||||447561.13|0|03/31/2026|0|0
H4TX06224|LOVE, JOHN BENARD III|C|1|DEM|110.64|0|7526.87|0|11958.15|4541.92|0|0|0|0|0|0|110.53|TX|06||||||0|0|03/31/2026|0|0
H6TX25203|MINTON, DANNY|C|1|DEM|25133.36|0|15751.88|0|0|9381.48|0|3125|0|0|0|3125|22008.36|TX|06||||||0|0|03/31/2026|0|0
H2TX06269|HARRISON, BRIAN E|O|2|REP|0|0|0|0|1.19|1.19|0|0|0|0|0|134000|0|TX|06||||||0|0|03/31/2026|0|0
H2TX06335|RODIMER, DAN|O|2|REP|0|0|0|0|1086.61|1086.61|0|0|0|0|0|0|0|TX|06||||||0|0|03/31/2026|0|0
H6TX06229|STAHL, BRIAN|C|2|REP|189021.21|0|158611.99|0|0|30409.22|100|0|0|0|0|0|183921.21|TX|06||||||5000|0|03/31/2026|312.3|0
H8TX06266|ELLZEY, JOHN KEVIN SR.|I|2|REP|3705546.41|1654602.78|2700451.77|0|1095447.64|2100542.28|0|0|0|0|0|0|1390771.21|TX|06||||||617634.86|0|03/31/2026|36959.44|0
H4TX07081|AGWAN, PERVEZ S|C|1|DEM|1255.48|0|1222.75|0|-32.73|0|0|0|0|0|0|105000|1255.48|TX|07||||||0|0|06/30/2025|0|0
H8TX07140|FLETCHER, ELIZABETH|I|1|DEM|1229656.69|489000|795424.58|0|1316661.79|1750893.9|0|0|0|0|0|0|240867.97|TX|07||||||476100|0|03/31/2026|8558.33|0
H0TX07196|NOTEWARE, JAMES|C|2|REP|0|0|0|0|1550.07|1550.07|0|0|0|0|0|43146|0|TX|07||||||0|0|12/31/2025|0|0
H2TX07119|COHEN, TINA|C|2|REP|25|0|54044.63|0|93883.69|39864.06|0|0|0|0|0|50000|25|TX|07||||||0|0|03/31/2026|0|0
H4TX07099|KANE, CAROLINE|C|2|REP|1688.31|0|577.18|0|-1111.13|0|1591.79|86.52|0|0|0|0|10|TX|07||||||0|0|04/14/2025|0|0
H4TX07149|OMORUYI, KENNETH EHIOSU|C|2|REP|700|0|907.16|0|253.35|46.19|0|200|0|0|0|139130|500|TX|07||||||0|0|03/31/2026|0|0
H6TX07151|HALE, ALEXANDER|C|2|REP|52686.5|0|50259.94|0|0|2426.56|5.21|3610.22|0|0|0|3610.22|46566.06|TX|07||||||2500|0|03/31/2026|0|0
H6TX07169|KALAI, ALEXANDER ZACHARY|C|2|REP|315097.86|0|315097.86|0|0|0|8827.09|243845.77|0|0|0|0|62425|TX|07||||||0|0|04/28/2026|1500|0
H6TX07177|NGABO, ESPOIR|C|3|GRE|3132.88|0|3125|0|0|7.88|1000|0|0|0|0|0|2132.88|TX|07||||||0|0|12/31/2025|0|0
H0TX08145|JONES, LAURA|O|1|DEM|13394.36|0|9681.93|0|2500.75|6213.18|0|0|0|280|0|2040|10769.36|TX|08||||||2625|0|03/31/2026|0|0
H6TX08225|COLEMAN, KEITH|O|1|DEM|11974.44|0|11564.53|0|0|409.91|414|0|0|0|0|0|11560.39|TX|08||||||0|0|03/31/2026|0|0
H2TX08182|LUTTRELL, MORGAN JOE|I|2|REP|333122.24|210.74|636769.03|0|700551.67|396904.88|0|0|0|0|0|0|239818.2|TX|08||||||85600|0|03/31/2026|15000|0
H6TX02228|TRAN, NICK B.|C|2|REP|281108.68|0|275257.59|0|0|5851.09|8026.03|1500|0|0|0|1500|270039.59|TX|08||||||0|0|03/31/2026|9597.22|0
H6TX08209|STEINMANN, JESSICA HART|O|2|REP|1824372.47|189377.88|1693236.14|0|0|131136.33|0|650000|0|125000|0|525000|745994.59|TX|08||||||239000|0|03/31/2026|0|0
H6TX08233|JENSEN, BRETT|O|2|REP|2860439.61|0|2860439.61|0|0|0|128411.77|2720734|0|0|0|2767669.01|11293.72|TX|08||||||0|0|03/31/2026|0|0
H6TX09090|WILMER, DEDDRICK T|C|2|REP|46032.19|0|38214.29|0|0|7817.9|42500|0|0|0|0|0|2682.22|TX|08||||||0|0|02/11/2026|0|0
H4TX02181|FILLER, PETER|C|1|DEM|4143.96|0|4200.53|0|56.57|0|0|0|0|0|0|0|4143.96|TX|09||||||0|0|03/05/2026|0|0
H4TX06232|BUFORD, JAMES|C|1|DEM|72951|0|72985.6|0|34.6|0|56300|0|0|0|0|0|16651|TX|09||||||0|0|04/01/2026|85.83|0
H6TX09207|VIRTS, TERRY|C|1|DEM|665422.59|0|421710.44|0|0|35440.85|0|53125|0|0|0|317479.29|582804.59|TX|09||||||5000|0|03/31/2026|175|0
H6TX09215|IVEY, R. TODD DR.|C|1|DEM|192629.5|0|176088.36|0|0|16541.14|4726.5|0|0|0|0|10179.74|171903|TX|09||||||16000|0|03/31/2026|26000|5000
H6TX09231|GUTIERREZ, LETICIA|C|1|DEM|40024.26|0|34062.03|0|0|5962.23|0|500|0|0|0|500|39524.26|TX|09||||||0|0|03/31/2026|0|0
H0TX09077|STOCKMAN, STEVE|C|2|REP|251742.29|0|193169|0|0|58573.29|0|204541.29|12000|0|0|216541.29|12025|TX|09||||||0|0|03/31/2026|0|0
H6TX09124|CAIN, BRISCOE ROWELL III|C|2|REP|521881.73|49481.02|394425.66|0|0|127456.07|5000|100000|0|0|0|100000|326400.71|TX|09||||||41000|0|03/31/2026|0|0
H6TX09140|MEALER, ALEXANDRA|C|2|REP|1586953.18|57412.57|1052817.37|0|0|534135.81|4850.44|0|0|0|0|15592.46|1420189.93|TX|09||||||104500|0|03/31/2026|7942.82|0
H6TX09157|STOVALL, DWAYNE BRADLEY|C|2|REP|27695.58|0|29295.3|0|1599.72|0|13500|0|0|0|0|0|13195.58|TX|09||||||0|0|04/14/2026|2488.02|0
H6TX09165|MIMS, DAN|C|2|REP|420385.29|0|418081.05|0|0|2304.24|10460.29|365000|0|0|0|365000|44925|TX|09||||||0|0|03/31/2026|0|0
H6TX09181|THAIN, TERRY LEE MR|C|2|REP|5250|0|3397.28|0|6.18|1858.9|0|5200|0|0|0|5200|50|TX|09||||||0|0|12/31/2025|0|0
H6TX09199|SARMIENTO, CRYSTAL|C|2|REP|79458.23|0|66582.93|0|0|12875.3|0|12000|0|12000|0|0|66456.13|TX|09||||||1000|0|03/31/2026|0|0
H8TX29110|BLANCO, JAIMY|C|2|REP|121905.95|0|122924.17|0|1018.22|0|0|0|0|0|0|0|109993.69|TX|09||||||12840|0|03/31/2026|0|0
H6TX09173|MORALES, ROY|C|3|IND|5008|0|1225.83|0|0|-218.82|0|5008|0|0|0|0|0|TX|09||||||0|0|03/31/2026|0|0
H4TX10226|BOISSEAU, THERESA|C|1|DEM|0|0|0|0|0|0|0|0|0|0|0|6579.86|0|TX|10||||||0|0|01/10/2025|0|0
H6TX10148|GALLAHER, SCOT B.|C|1|DEM|0|0|0|0|-92.5|-92.5|0|0|0|0|0|10250|0|TX|10||||||0|0|09/30/2026|0|0
H6TX10171|COLEMAN, TAYHLOR|O|1|DEM|70843.65|0|63095.54|0|0|7748.11|0|0|0|0|0|45757.92|70842.89|TX|10||||||0|0|03/31/2026|91|0
H6TX10205|MARSHALL, DAWN DR.|O|1|DEM|11566.55|0|10901.29|0|0|665.26|2050|0|0|0|0|0|9516.55|TX|10||||||0|0|03/31/2026|700|0
H6TX10254|ECKHARDT, SARAH|O|1|DEM|113352.55|0|110495.8|0|0|2856.75|0|0|0|0|0|0|112352.55|TX|10||||||1000|0|03/31/2026|2462|0
H6TX10262|ECKHARDT, SARAH|O|1|DEM|113352.55|0|110495.8|0|0|2856.75|0|0|0|0|0|0|112352.55|TX|10||||||1000|0|03/31/2026|2462|0
H6TX10296|REYNA, BERNARDO|O|1|DEM|3182.25|0|3239.5|0|0|-57.25|57.25|3125|0|0|0|3125|0|TX|10||||||0|0|12/31/2025|0|0
H6TX31102|ROURK, CAITLIN MCCLAY|C|1|DEM|243993.72|0|188133.75|0|0|55859.97|26435.29|0|0|0|0|0|217558.43|TX|10||||||0|0|03/31/2026|35|0
H8TX10110|SIEGEL, MICHAEL|C|1|DEM|0|0|449.25|0|4852.63|4403.38|0|0|0|0|0|95985.8|0|TX|10||||||0|0|03/31/2026|0|0
H0TX35064|SHARON, JENNIFER|O|2|REP|19272|0|11104.63|0|0|8167.37|0|17000|0|0|0|17000|2200|TX|10||||||0|0|03/31/2026|0|0
H4TX10093|MCCAUL, MICHAEL|I|2|REP|271697.2|126499.53|400945.82|0|131068.91|1820.29|0|25800|0|28500|0|0|43847.67|TX|10||||||67300|0|03/31/2026|43300|1500
H6TX10221|GOBER, CHRIS|O|2|REP|2271919.07|0|2009118.78|0|0|262800.29|24821.91|1500000|0|750000|0|750000|671992.66|TX|10||||||72645.5|0|03/31/2026|10000|0
H6TX10239|MACLEOD, SCOTT|O|2|REP|199957.68|14927.79|199057.68|0|0|900|12790.35|106000|0|65000|0|0|66239.54|TX|10||||||0|0|03/31/2026|8000|0
H6TX10247|KING, KARA|O|2|REP|231138.66|0|225413.63|0|0|5725.03|8546.32|100000|0|100000|0|0|122592.34|TX|10||||||0|0|03/31/2026|38446.48|0
H6TX10270|BIUS, WALTER BENJAMIN|O|2|REP|453885.86|0|113556.49|0|0|340329.37|0|428750.86|0|0|0|428750.86|25135|TX|10||||||0|0|03/31/2026|0|0
H6TX10288|ALTMAN, ROB|O|2|REP|193487.56|0|35004.43|0|0|158483.13|550|175000|0|0|0|75000|17937.56|TX|10||||||0|0|02/11/2026|0|0
H6TX10304|STORY, JEREMY|O|2|REP|48667.62|0|24339.05|0|0|8769.53|0|8214.93|0|0|0|2540.78|40452.69|TX|10||||||0|0|03/31/2026|0|0
H6TX17127|BROWN, ROBERT|O|2|REP|7853.74|0|7709.3|0|-144.44|0|7643.74|0|0|0|0|0|210|TX|10||||||0|0|04/15/2026|0|0
H6TX17135|BROWN, ROBERT|C|2|REP|7853.74|0|7709.3|0|-144.44|0|7643.74|0|0|0|0|0|210|TX|10||||||0|0|04/15/2026|0|0
H6TX21343|KARLSRUHER, JESSICA|C|2|REP|197880.24|0|196107.21|0|0|1773.03|0|9911.9|0|0|0|9911.9|156968.34|TX|10||||||31000|0|03/31/2026|7000|10000
H6TX11112|REYNOLDS, CLAIRE ANNE|C|1|DEM|42200.78|0|31164.86|0|0|11035.92|5|0|0|0|0|3317.1|42117.83|TX|11||||||0|0|03/31/2026|0|0
H0TX11230|PFLUGER, AUGUST LEE II|I|2|REP|2649050.19|1765091.55|2201576.92|50000|2324105.54|2771578.81|0|0|0|0|0|0|639605.83|TX|11||||||164500|0|03/31/2026|13031.66|3500
H0TX11263|BATCH, BRANDON|O|2|REP|0|0|167.04|0|167.04|0|0|0|0|0|0|0|0|TX|11||||||0|0|03/19/2025|0|0
H4TX19136|CONAWAY, MICHAEL HONORABLE|I|2|REP|3580.24|0|33730.31|0|53087.68|22937.61|0|0|0|0|0|0|0|TX|11||||||0|0|03/31/2026|0|0
H2TX12085|HUNT, TREY|O|1|DEM|0|0|0|0|1182.79|1182.79|0|0|0|0|0|9340|0|TX|12||||||0|0|02/15/2025|0|0
H8TX12108|MORGAN-AGUILERA, KENNETH|C|1|DEM|10350.42|0|10556.15|0|-236.05|0|6700|0|0|0|0|0|3650.42|TX|12||||||0|0|03/03/2026|0|0
H4TX12057|O'SHEA, JOHN|O|2|REP|24200|0|32024.04|0|9932.28|2108.24|11200|13000|0|0|0|122240.88|0|TX|12||||||0|0|03/31/2026|5100|0
H4TX12065|GOLDMAN, CRAIG|I|2|REP|1516551.54|684206.24|659713.2|0|535896.46|1392734.8|0|0|0|0|0|0|325534.08|TX|12||||||506800|0|03/31/2026|15000|0
H4TX12081|GARDNER, SHELLIE LUCILLE|O|2|REP|2798.5|0|3310.29|0|511.79|0|0|0|0|3310.29|0|0|0|TX|12||||||0|0|05/16/2025|0|0
H4TX12099|DORRIS, CLINT|O|2|REP|0|0|0|0|6242.9|6242.9|0|0|0|0|0|16329.36|0|TX|12||||||0|0|03/31/2026|0|0
H6TX12060|GRANGER, KAY|I|2|REP|925.55|0|57471.28|0|140929.66|84383.93|0|0|0|0|0|0|0|TX|12||||||0|0|03/31/2026|0|0
H6TX13159|NAIR, MARK|C|1|DEM|48604.08|0|44604.58|0|100|4099.5|1132.28|10000|0|500|0|9500|37096.8|TX|13||||||0|375|03/31/2026|2910.95|0
H0TX13137|EKSTROM, CHRIS|O|2|REP|0|0|0|0|1000|1000|0|0|0|0|0|268200|0|TX|13||||||0|0|03/31/2026|0|0
H0TX13228|JACKSON, RONNY LYNN|I|2|REP|2792675.46|464463.13|1515300.96|0|3401947.63|4679322.13|0|0|0|0|0|0|1965855.65|TX|13||||||223100|0|03/31/2026|113487.16|0
H6TX13167|WEDGEWORTH, CHASITY|C|2|REP|6769.02|0|6256.8|0|0|512.22|815.02|0|0|0|0|0|5954|TX|13||||||0|0|02/11/2026|0|0
H6TX14157|VOGIATZIS, KONSTANTINOS|C|1|DEM|12879.71|0|9052.73|0|-1731.98|2095|0|10784.71|0|0|0|10784.71|2095|TX|14||||||0|0|12/31/2025|0|0
H6TX14165|VOGIATZIS, KONSTANTINOS|C|1|DEM|12879.71|0|9052.73|0|-1731.98|2095|0|10784.71|0|0|0|10784.71|2095|TX|14||||||0|0|12/31/2025|0|0
H6TX14173|DAVIS, RICHARD HARVEY III|C|1|DEM|13821.45|0|10663.64|0|0|3157.81|12057.98|0|0|0|0|0|1763.47|TX|14||||||0|0|03/31/2026|0|0
H6TX14181|BARTIE, THURMAN BILL MR|C|1|DEM|10000|0|9750.95|0|-450|-200.95|0|0|0|0|0|0|8900|TX|14||||||0|1100|02/11/2026|0|0
H2TX14149|WEBER, RANDY|I|2|REP|824082.14|185086.26|576878.25|0|620572.21|867776.1|0|0|0|70031.18|0|0|211016.67|TX|14||||||361111.1|0|03/31/2026|1000|5000
H6TX14140|FORGY, JESSICA JEANINE|C|2|REP|3000|0|380.05|0|1000|3619.95|0|0|0|0|0|0|3000|TX|14||||||0|0|03/31/2025|0|0
H2TX15203|VALLEJO, MICHELLE|C|1|DEM|0|0|16392.78|0|17813.06|1420.28|0|0|0|0|0|100000|0|TX|15||||||0|0|03/31/2026|3325|0
H6TX15055|HINOJOSA, RUBEN E.|I|1|DEM|0|0|6866|0|52739.31|45873.31|0|0|0|0|0|0|0|TX|15||||||0|0|03/31/2026|0|0
H6TX15238|CUELLAR, ADA|C|1|DEM|1259386.76|0|1259300.94|0|0|85.82|100|1096400|0|0|0|1098562.5|152638.51|TX|15||||||10000|0|03/31/2026|341|0
H6TX15246|PULIDO, BOBBY|C|1|DEM|1620305.1|5500|1217311.47|0|0|402993.63|150300|0|0|0|0|0|1373263.3|TX|15||||||90550|0|03/31/2026|22203.91|1000
H0TX15124|DE LA CRUZ, MONICA|I|2|REP|4240747.08|1098849.6|2520270.55|0|613969.89|2334446.42|84|0|0|0|0|0|2592789.08|TX|15||||||541785.12|0|03/31/2026|17318.39|1500
H6TX15113|ZAMORA, EDDIE|C|2|REP|0|0|0|0|0|0|0|0|0|0|0|0|0|TX|15||||||0|0|03/31/2025|0|0
H6TX15196|SALINAS, XAVIER MR.|O|2|REP|0|0|0|0|0|0|0|0|0|0|0|0|0|TX|15||||||0|0|03/31/2026|0|0
H8TX16109|ESCOBAR, VERONICA|I|1|DEM|730212.61|0|557794.53|0|115844.62|288262.7|0|0|0|0|0|0|436314.18|TX|16||||||293868.43|0|03/31/2026|4193.12|1500
H2TX16250|MONTANEZ BERRIOS (DMB), DELIRIS|C|2|REP|7317.48|0|7689.68|0|500|851.44|95.25|2887.86|0|823.64|0|82677.19|4334.37|TX|16||||||0|0|03/31/2026|0|0
H6TX16160|CABILDO, HECTOR MIGUEL MR. JR|C|2|REP|10964.3|0|5702.53|0|20.75|5282.52|0|5581|0|0|0|5581|5383.3|TX|16||||||0|0|02/11/2026|0|0
H6TX16202|BARRAZA, MANUEL|C|2|REP|3000|0|2700|0|0|300|0|0|0|0|0|0|3000|TX|16||||||0|0|03/31/2026|0|0
H6TX17143|MITCHELL, JAMES GORDON|C|1|DEM|19378.06|0|19017.76|0|0|0|2308.4|9786.66|0|0|0|0|7283|TX|17||||||0|0|03/31/2026|0|0
H6TX17168|SHEPARD, CASEY|C|1|DEM|6013.93|0|5619.87|0|0|394.06|302.27|5000|0|0|0|5000|711.66|TX|17||||||0|0|03/31/2026|0|0
H2TX03126|SESSIONS, PETE|I|2|REP|901425.75|0|454306.1|0|440935.66|888055.31|10|0|0|0|0|0|452176.72|TX|17||||||421553.37|0|03/31/2026|0|0
H2TX08216|CARSON, PAULETTE|O|2|REP|0|0|10|0|55|60|0|0|0|0|0|4550|0|TX|17||||||0|0|03/31/2026|0|0
H6TX17119|PATTERSON, WILLIAM RALPH|C|2|REP|0|0|0|0|3156.55|3156.55|0|0|0|0|0|231225|0|TX|17||||||0|0|03/31/2026|0|0
H4TX09095|GREEN, ALEXANDER|I|1|DEM|1184699.4|0|1139214.04|0|219084.99|264570.35|0|200000|0|0|0|200000|915872.2|TX|18||||||66000|0|03/31/2026|61683.88|-2000
H4TX18054|LEE, SHEILA JACKSON|I|1|DEM|0|0|26072.18|0|12656.73|-13415.45|0|0|0|0|0|4896|0|TX|18||||||0|0|03/31/2026|0|4343.31
H4TX18138|EDWARDS, AMANDA|C|1|DEM|1895211.56|168.53|1893098.34|0|1213.94|3327.16|21885.3|0|0|0|0|0|1808553.01|TX|18||||||64350|0|02/28/2026|123852.53|0
H4TX18153|MARTIN, ISAIAH MR.|C|1|DEM|1223942.28|0|1353909.39|0|174634.56|44667.45|0|0|0|0|0|0|1221987.1|TX|18||||||1500|0|12/31/2025|2201|0
H4TX18237|TURNER, SYLVESTER|I|1|DEM|29184.03|0|236836.67|1035.25|208062.69|410.05|0|0|0|0|0|0|20075|TX|18||||||9000|0|10/31/2025|1000|0
H4TX18245|LEE CARTER, ERICA|C|1|DEM|50|0|15408.87|0|15358.87|0|0|0|0|0|0|0|50|TX|18||||||0|0|07/17/2025|50|0
H6TX18232|MENEFEE, CHRISTIAN|C|1|DEM|3262576.83|0|3006718.22|0|0|255858.61|100|0|0|0|0|0|3057359.02|TX|18||||||202117.67|0|03/31/2026|8492|0
H6TX18315|EATMON, EBONY RAIN|O|1|DEM|13546.5|0|10908.75|0|50|2687.75|0|0|0|0|0|0|13546.5|TX|18||||||0|0|06/30/2025|0|0
H6TX18364|JONES, JOLANDA|O|1|DEM|404152.42|0|404152.42|0|0|0|10|0|0|0|0|0|359884.77|TX|18||||||43250|0|11/21/2025|1270|0
H6TX18372|HUEY, STEPHEN|C|1|DEM|37856.57|0|26092.3|0|0|11764.27|0|0|0|0|0|0|37856.57|TX|18||||||0|0|09/30/2025|0|0
H6TX18380|PRESTWICH, LIZETTE|O|1|DEM|750|0|750|0|0|0|0|500|0|328.52|0|0|250|TX|18||||||0|0|09/12/2025|0|0
H6TX18471|BROWN, GRETCHEN|C|1|DEM|17587.88|0|1548.3|0|0|5501.7|10759.88|0|0|0|0|0|6828|TX|18||||||0|0|03/31/2026|0|0
H0TX14234|SAJNA, CYRUS MR|C|2|REP|0|0|0|0|608.91|608.91|0|0|0|0|0|1398000|0|TX|18||||||0|0|06/30/2025|0|0
H4TX18161|CENTONZE, LANA MRS.|C|2|REP|0|0|0|0|0|0|0|0|0|0|0|31460.24|0|TX|18||||||0|0|01/31/2025|0|0
H4TX18252|DUNN, MARIA MS.|C|2|REP|0|0|0|0|0|0|0|0|0|0|0|0|0|TX|18||||||0|0|01/31/2025|0|0
H6TX18323|BERRY, ALLEN D DR|C|2|REP|8512.13|0|8683.42|0|0|-171.29|2704.13|0|0|0|0|0|5261|TX|18||||||0|0|07/15/2026|500|0
H6TX18489|VENCES, ELIZABETH MRS|C|2|REP|0|0|8068.88|0|0|-658.76|0|0|0|0|0|0|0|TX|18||||||0|0|03/31/2026|0|0
H6TX18398|FOREMAN, GEORGE EDWARD IV|O|3|IDP|8453.6|0|758.62|0|0|7694.98|0|0|0|0|0|0|8453.6|TX|18||||||0|0|09/30/2025|0|0
H6TX18349|ANDERSON, REYNA|O|3|OTH|8225.37|0|3723.95|0|0|4501.42|0|0|0|0|0|0|6725.37|TX|18||||||1500|0|12/31/2025|0|0
H6TX19198|RABLE, KYLE|O|1|DEM|21086.36|0|12557.01|0|0|8529.35|200|0|0|0|0|0|19886.36|TX|19||||||1000|0|03/31/2026|0|0
H4TX19102|NEUGEBAUER, RANDY HONORABLE|I|2|REP|704.16|0|1509|0|181670.38|180865.54|0|0|0|0|0|0|0|TX|19||||||0|0|03/31/2026|0|0
H4TX19318|ZINK, RYAN|O|2|REP|53825.49|0|45874.87|0|4899.7|12850.32|0|0|0|0|0|3125|53825.49|TX|19||||||0|0|03/31/2026|0|0
H6TX19099|ARRINGTON, JODEY|I|2|REP|1680093.8|768000|1837094.25|0|1884196.33|1727195.88|0|0|0|0|0|0|242302.56|TX|19||||||622500|0|03/31/2026|256374|39500
H6TX19206|SELL, TOM|O|2|REP|1762637.12|0|1070389.24|0|0|692247.88|0|0|0|0|0|7000|1367626.02|TX|19||||||395011.1|0|03/31/2026|0|1000
H6TX19222|ENRIQUEZ, ABRAHAM|O|2|REP|530067.07|0|378778.95|0|0|151288.12|0|100000|0|0|0|100000|424747.58|TX|19||||||3500|0|03/31/2026|2000|2500
H6TX19230|MAY, DONALD R|O|2|REP|255679.45|0|237727.67|0|0|17951.78|0|250000|0|0|0|253311.07|5679.45|TX|19||||||0|0|03/31/2026|0|0
H6TX19248|BARBEE, JAMES BOB MR.|O|2|REP|16000|0|14156.3|0|0|1843.7|16000|0|0|0|0|0|0|TX|19||||||0|0|02/11/2026|0|0
H6TX19255|CORLEY, JASON|O|2|REP|41660.71|0|41660.71|0|0|0|4870.71|0|0|0|0|0|36690|TX|19||||||100|0|03/25/2026|0|0
H6TX19263|SMITH, MATTHEW|O|2|REP|376368.4|0|345461.79|0|0|30906.61|0|320000|0|0|0|320000|50368.4|TX|19||||||6000|0|03/31/2026|6541.02|0
H4TX19334|JOHNSON, BERNARD|C|3|LIB|170|0|110.27|0|-89.92|-30.19|45|0|0|0|0|0|125|TX|19||||||0|0|06/30/2025|0|0
H2TX35011|CASTRO, JOAQUIN|I|1|DEM|397397.23|0|365689.34|0|138657.52|170365.41|0|0|0|0|0|0|297894.23|TX|20||||||99500|0|03/31/2026|2432|0
H6TX20113|BAEZ, EDGARDO RAFAEL DR|C|2|REP|32503.09|0|27073.41|0|0|5429.68|1850|15135|0|0|0|15135|15018.09|TX|20||||||500|0|03/31/2026|0|0
H2TX27273|TRISTAN, ANTHONY JAMES|C|3|IND|0|0|0|0|0|0|0|0|0|0|0|0|0|TX|20||||||0|0|12/31/2025|0|0
H4TX21108|HOOK, KRISTIN A DR.|O|1|DEM|154022.87|0|106520.39|0|4357.16|51859.64|0|1417.77|0|0|0|0|149830.68|TX|21||||||200|0|03/31/2026|0|0
H6TX10197|ANDRADE, JAVI|O|1|DEM|742|0|0|0|0|742|0|0|0|0|0|0|742|TX|21||||||0|0|09/30/2025|0|0
H6TX21251|TAYLOR, GARY FRANK|O|1|DEM|16737|0|16645.94|0|0|91.06|7350|0|0|0|0|0|9387|TX|21||||||0|0|04/03/2026|3003.76|0
H6TX21269|VANBURG, REGINA DR.|O|1|DEM|13892.21|0|11860.53|0|0|1869.01|440|2750|0|0|0|2750|10702.21|TX|21||||||0|0|03/31/2026|0|0
H6TX21277|WEBER, DANIEL|O|1|DEM|2371.14|0|36.51|0|0|2334.63|30|0|0|0|0|0|2341.14|TX|21||||||0|0|09/30/2025|0|0
H6TX21285|BETTS, DANIEL|O|2|REP|177457.03|0|112319.13|0|0|65137.9|0|0|0|0|0|0|177132.03|TX|21||||||0|0|03/31/2026|0|0
H6TX21301|TEIXEIRA, MARK CHARLES|O|2|REP|3662595.95|0|3385261.43|0|0|277334.52|0|2750000|0|0|0|2750000|724310.95|TX|21||||||188285|0|03/31/2026|3500|0
H6TX21319|WHEELER, MIKE|O|2|REP|344226.47|0|344226.47|0|0|0|21.86|225836.8|0|0|0|0|118367.81|TX|21||||||0|0|04/15/2026|14500|0
H6TX21350|CAHILL, JASON|O|2|REP|382588.62|48246.32|346587.32|0|0|36001.3|0|260000|0|0|0|260000|74275|TX|21||||||0|0|03/31/2026|39800|0
H6TX21376|TRAINOR, JAMES E III|O|2|REP|151642.79|0|148868.75|0|0|2774.04|295.8|0|0|0|0|1500|143346.99|TX|21||||||8000|0|03/31/2026|0|3500
H6TX21384|ROJAS, PAUL|O|2|REP|165026|0|8164.5|0|0|156861.5|0|130000|0|0|0|130000|34026|TX|21||||||1000|0|02/11/2026|0|0
H6TX21426|MARTINEZ, WESTON CHARLES|O|2|REP|26383.77|0|26383.77|0|0|0|14094.23|0|0|0|0|0|7289.54|TX|21||||||5000|0|04/12/2026|0|0
H6TX23216|ENRIQUEZ, EZEKIEL|O|2|REP|104652.83|0|100594.8|0|-2171.43|-313.65|13258|36152.43|0|0|0|38765.33|55241.81|TX|21||||||0|0|02/11/2026|119.1|0
H8TX21224|NARVAIZ, SUSAN|O|2|REP|0|0|0|0|80.92|80.92|0|0|0|0|0|0|0|TX|21||||||0|0|03/31/2026|0|0
H8TX21307|ROY, CHIP|I|2|REP|782580.55|233500.75|2826893.56|0|2277316.63|233003.62|0|0|0|0|0|0|483868.85|TX|21||||||61000|0|03/31/2026|111425|2500
H0TX14184|THOMAS, ROBERT|O|1|DEM|5400|0|4800|0|0|600|5400|0|0|0|0|0|0|TX|22||||||0|0|03/31/2026|0|0
H0TX22161|MOORE, NYANZA DAVIS|O|1|DEM|0|0|0|0|831.18|831.18|0|0|0|0|0|21904.5|0|TX|22||||||0|0|03/31/2026|0|0
H4TX22197|GREENE-SCOTT, MARQUETTE|O|1|DEM|41012.15|0|40531.26|0|0|116.29|0|0|0|0|0|0|36012.15|TX|22||||||0|5000|03/31/2026|0|0
H6TX22291|VUORINEN, PEARL ANN|O|1|DEM|21500|0|14307.83|0|0|7192.17|16500|0|0|0|0|0|5000|TX|22||||||0|0|02/11/2026|0|0
H0TX22302|NEHLS, TROY|I|2|REP|425953.76|16584.76|528865.31|0|289078.7|186167.15|0|0|0|0|0|0|159108.08|TX|22||||||211650|0|03/31/2026|32415.65|30000
H2TX14123|HARRIS HOSS, FELICIA|O|2|REP|0|0|0|0|164398.94|164398.94|0|0|0|0|0|413890.09|0|TX|22||||||0|0|03/31/2026|0|0
H6TX22267|CLARK, REBECCA|O|2|REP|51639.12|0|51639.12|0|0|0|6125|15000|0|7171.55|0|0|29514.12|TX|22||||||0|0|04/15/2026|1000|0
H6TX22275|JETTON, JACEY|O|2|REP|0|0|0|0|0|0|0|0|0|0|0|0|0|TX|22||||||0|0|12/31/2025|0|0
H6TX22283|NEHLS, TREVER|O|2|REP|182538.02|0|146144.64|0|0|36393.38|0|0|0|0|0|0|115466.87|TX|22||||||66000|0|03/31/2026|0|0
H4TX23138|LIMON, SANTOS M.|O|1|DEM|356755|0|6815|0|0|349940|0|354400|0|0|0|354400|2355|TX|23||||||0|0|06/30/2025|0|0
H6TX23257|ENCK, GRETEL MARYSDATTER|O|1|DEM|98534.36|0|98534.36|0|0|0|27620|20000|0|20000|0|0|50914.36|TX|23||||||0|0|03/31/2026|15|0
H6TX23273|STOUT, KATY PADILLA|O|1|DEM|238440.98|0|92429.75|0|0|145758.45|10881.22|10751.22|0|10629.44|0|0|211270.87|TX|23||||||5000|0|03/31/2026|0|0
H8TX23121|JONES, GINA ORTIZ|O|1|DEM|5000|0|5916.31|0|916.31|0|0|0|0|0|0|0|0|TX|23||||||0|0|01/30/2025|0|0
H0TX35015|GONZALES, ERNEST ANTHONY TONY II|I|2|REP|2270926.15|834627.55|3402505.03|0|1458986.92|327408.04|0|0|0|0|0|48796.15|859466.6|TX|23||||||474550|0|03/31/2026|431507.5|70000
H4TX23120|HERRERA, BRANDON|O|2|REP|1522557.5|1038331.34|1225113.53|0|8040.96|305484.93|0|420000|0|0|0|570000|34270.2|TX|23||||||29500|0|03/31/2026|0|0
H4TX28046|CANSECO, FRANCISCO 'QUICO' RAUL|O|2|REP|80050|0|6250|0|127821.13|201621.13|32000|48050|0|0|0|171490.89|0|TX|23||||||0|0|12/31/2025|0|0
H6TX23232|RUBIO, SUSAN STOREY|O|2|REP|418518.66|0|418518.66|0|0|0|0|350000|0|265436.5|0|163470.79|68133.48|TX|23||||||0|0|10/24/2025|69123.48|0
H6TX23299|WILLIAMS, VERONICA|O|3|IND|11444.4|0|5264.65|0|0|3374.31|0|0|0|0|0|0|11444.4|TX|23||||||0|0|03/31/2026|0|0
H2TX24197|EPPLER, SAM|C|1|DEM|148|0|232.38|0|84.38|0|0|0|0|0|0|0|0|TX|24||||||0|0|03/31/2025|0|0
H6TX24172|BURGE, KEVIN BERYL|C|1|DEM|149621.61|0|127433.64|0|0|22187.97|3500|0|0|0|0|0|146121.61|TX|24||||||0|0|03/31/2026|0|0
H6TX24180|WARE, TIMOTHY JOE II|C|1|DEM|95181.45|0|88744.81|0|9107.54|831.74|0|57670.7|2500|0|0|27000|32766|TX|24||||||0|0|02/11/2026|1000|0
H6TX24198|BUCHWALD, JON|C|1|DEM|191410.17|0|186600.33|0|0|4809.84|20.24|172839|0|4154.06|0|168684.94|18550.93|TX|24||||||0|0|03/31/2026|0|0
H6TX24206|HAWKS, NATHAN THOMAS|C|1|DEM|19134.17|0|19134.17|0|0|0|1964|0|0|0|0|0|17170|TX|24||||||0|0|12/18/2025|0|0
H6TX24214|HENDLEY, AARON|C|1|DEM|6|0|28|0|0|0|6|0|0|0|0|0|0|TX|24||||||0|0|11/11/2025|28|0
H0TX24209|VAN DUYNE, ELIZABETH ANN|I|2|REP|2226053.52|720674.09|1360431.56|0|1960872.11|2826494.07|0|0|0|0|0|0|494416|TX|24||||||892561.1|0|03/31/2026|0|0
H6TX25211|MARKS, WILLIAM JAMES|C|1|DEM|78754.58|0|61323.49|0|0|17431.09|1000|30000|0|0|0|30000|47610.09|TX|25||||||0|0|03/31/2026|0|0
H6TX25229|OTOOLE, STEPHEN CHARLES|C|1|DEM|0|0|320.32|0|533.86|213.54|0|0|0|0|0|0|0|TX|25||||||0|0|06/30/2025|0|0
H2TX33040|WILLIAMS, ROGER|I|2|REP|1301335.29|831626.82|767016.44|0|571500.96|1105819.81|0|0|0|0|0|0|54110.93|TX|25||||||401478|0|03/31/2026|0|0
H4TX26172|LINEBERGER, ERNEST ROBINSON III|C|1|DEM|122134.63|0|122059.06|0|3492.69|3568.26|0|5000|0|0|0|36000|117134.63|TX|26||||||0|0|03/31/2026|424|0
H6TX26144|SHOOK, STEVEN JAMES|C|1|DEM|12220.34|0|11155.51|0|0|1239.27|0|0|0|0|0|0|12220.34|TX|26||||||0|0|03/31/2026|0|0
H2TX26093|BURGESS, MICHAEL C. DR.|I|2|REP|-26.03|0|13828.57|0|13854.6|0|0|0|0|0|0|0|-26.03|TX|26||||||0|0|07/15/2025|755.71|0
H4TX03114|THAKUR, ALBERT BURT|O|2|REP|0|0|0|0|749.61|749.61|0|0|0|0|0|6106|0|TX|26||||||0|0|03/31/2026|0|0
H4TX26149|GILL, BRANDON|I|2|REP|3099175.58|398589.37|2216085.18|6740.13|127823.4|1010913.8|0|0|0|505000|0|60882.25|2320839.2|TX|26||||||340311.1|2803.64|03/31/2026|4000|0
H4TX26180|HUFFMAN, JOHN|O|2|REP|0|0|0|0|117.18|117.18|0|0|0|0|0|95000|0|TX|26||||||0|0|03/31/2026|0|0
H8TX26090|BIRKENSTOCK, VERONICA|C|2|REP|0|0|0|0|249.38|249.38|0|0|0|0|0|98206.82|0|TX|26||||||0|0|03/31/2026|0|0
H4TX27089|LLOYD, TANYA W|C|1|DEM|122817.55|0|114770.46|0|187.33|8234.42|71.89|0|0|0|0|24277.08|122745.66|TX|27||||||0|0|03/31/2026|0|0
H6TX10163|HAWBAKER, BRANDON|C|2|REP|6702.75|0|6493.12|0|0|211.68|38|4587|0|0|0|4587|2077.31|TX|27||||||0|0|03/31/2026|0|0
H6TX27084|DEEB, GREGORY PATRICK|C|2|REP|0|0|0|0|108.76|108.76|0|0|0|0|0|77738.07|0|TX|27||||||0|0|03/31/2026|0|0
H6TX27126|HATLEY, CHRIS|C|2|REP|47114.97|0|390.23|0|0|46724.74|0|41067.79|0|0|0|41067.79|6047.18|TX|27||||||0|0|12/31/2025|0|0
H8TX27049|CLOUD, MICHAEL|I|2|REP|902570.25|19645.57|759610.9|0|136877.29|279836.64|0|0|0|0|0|5000|701925.68|TX|27||||||168250|1000|03/31/2026|17125.07|0
H0TX28077|CISNEROS, JESSICA|C|1|DEM|0|0|26841.67|0|26841.67|0|0|0|0|0|0|0|0|TX|28||||||0|0|01/28/2025|0|0
H2TX21185|VILLARREAL, RICARDO|C|1|DEM|67966.7|0|46437.21|0|0|21529.49|0|58830.74|0|0|0|58830.74|9135.96|TX|28||||||0|0|03/31/2026|0|0
H2TX23082|CUELLAR, HENRY R.|I|1|DEM|1620505.27|78707.32|904427.24|0|47958.91|764036.94|11250|238000|0|0|0|238000|784313.39|TX|28||||||492600|4584.15|03/31/2026|1033|0
H2TX28081|BENAVIDES, TANNYA|C|1|DEM|0|0|0|0|-901.47|-901.47|0|0|0|0|0|0|0|TX|28||||||0|0|03/31/2026|0|0
H6TX28082|ESPARZA, JUAN|C|2|REP|32403.99|0|32403.99|0|0|0|0|30453|0|0|0|0|1025|TX|28||||||0|0|08/13/2025|0|0
H6TX28124|TIJERINA, TANO|C|2|REP|937220.79|448858.68|360544.35|119676.76|0|576676.44|0|0|0|0|0|0|382361.99|TX|28||||||106000|0|04/15/2026|0|0
H4TX18179|SLATER, ROBERT|C|1|DEM|33892|0|17587.42|0|19323.71|15745.73|25000|0|0|0|0|0|8892|TX|29||||||0|0|03/31/2026|0|0
H6TX18406|JOHNSON, JARVIS|C|1|DEM|142143|0|47713.24|0|0|71009.3|0|100000|0|0|0|0|42143|TX|29||||||0|0|02/11/2026|0|0
H8TX29052|GARCIA, SYLVIA R|I|1|DEM|903166.11|0|1099257.73|0|371753.81|175662.19|0|0|0|0|0|0|325733.27|TX|29||||||576311.1|0|03/31/2026|1500|0
H6TX29122|FIERRO, MARTHA ELENA,|C|2|REP|0|0|0|0|0|0|0|0|0|0|0|0|0|TX|29||||||0|0|03/31/2026|0|0
H0TX30073|MALLORY CARAWAY, BARBARA|O|1|DEM|19126|0|16989.58|0|84.93|2221.35|0|3300|0|0|0|3300|15726|TX|30||||||0|0|03/31/2026|0|0
H0TX30099|BURTON, HASANI|C|1|DEM|0|0|0|0|0|0|0|0|0|0|0|0|0|TX|30||||||0|0|03/31/2026|0|0
H2TX30178|CROCKETT, JASMINE|I|1|DEM|7906948.49|10237.66|9445643.5|4907000|1611233.21|72538.2|0|0|0|0|0|0|7674211.34|TX|30||||||169050|0|03/31/2026|37127.77|2000
H6TX30153|LABRUCE, RODNEY|O|1|DEM|5520|0|4646.12|0|1443|3362.18|0|3125|0|0|0|3125|2395|TX|30||||||0|0|03/31/2026|0|0
H6TX30245|HAYNES, FREDERICK III|O|1|DEM|347440.94|0|222592.06|0|0|124848.88|0|0|0|0|0|0|314426.42|TX|30||||||33014.52|0|03/31/2026|63|0
H6TX30252|MALLORY CARAWAY, BARBARA|O|1|DEM|19126|0|16989.58|0|84.93|2221.35|0|3300|0|0|0|3300|15726|TX|30||||||0|0|03/31/2026|0|0
H4TX30109|DANIELS, SHOLDON|O|2|REP|353563.95|0|369866.68|0|0|-16302.73|1375.94|700|0|700|0|0|350200.05|TX|30||||||690.64|0|02/11/2026|0|0
H6TX30187|HEISE, GREGOR HEINRICH|O|2|REP|173647.36|0|165158.11|0|0|8489.25|100|40000|0|0|0|40000|133029.31|TX|30||||||0|0|03/31/2026|50|0
H6TX30203|REAZOR, STEPHANI|O|2|REP|1606|0|1606|0|0|0|0|0|0|0|0|0|1600|TX|30||||||0|0|02/23/2026|0|0
H6TX30211|JACKSON, EVERETT HONORABLE|O|2|REP|16260.25|0|11575.4|0|0|4684.85|0|200|0|200|0|0|16060.25|TX|30||||||0|0|03/31/2026|342.28|0
H2TX01146|JEFFERSON, JRMAR|C|3|LIB|0|0|0|0|-10512.74|-10512.74|0|0|0|0|0|0|0|TX|30||||||0|0|03/31/2026|0|0
H4TX31081|WHITLOW, STUART NORMAN MR.|C|1|DEM|203979.33|5000|207544.45|0|3650.51|85.39|0|183355.33|0|8270.35|0|377084.98|15624|TX|31||||||0|0|03/31/2026|0|0
H4TX31099|PFEIL, RICK|C|1|DEM|0|0|22060.49|0|22060.49|0|0|0|0|22060.49|0|102939.51|0|TX|31||||||0|0|03/31/2026|0|0
H4TX31107|WALBRIDGE, BRIAN|C|1|DEM|0|0|0|0|0|0|0|0|0|0|0|.15|0|TX|31||||||0|0|09/30/2025|0|0
H6TX31045|CLARK, MIKE|C|1|DEM|0|0|0|0|0|0|0|0|0|0|0|3237.83|0|TX|31||||||0|0|03/31/2026|0|0
H6TX31094|EARLY, JUSTIN|C|1|DEM|89298.36|0|81616.02|0|0|7682.34|9842.1|32800|0|0|0|56892.99|43906.26|TX|31||||||2750|0|03/31/2026|550|0
H8TX31033|MANN, CHRISTINE EADY|C|1|DEM|0|0|0|0|0|0|0|0|0|0|0|0|0|TX|31||||||0|0|03/31/2026|0|0
H8TX31058|HEGAR, MARY JENNINGS MJ|C|1|DEM|0|0|714.95|0|0|-197.7|0|0|0|0|0|0|0|TX|31||||||0|0|03/31/2026|0|0
H0TX31030|GARAPATI, ABHIRAM|C|2|REP|55000|0|16000|0|0|39000|0|55000|0|0|0|55000|0|TX|31||||||0|0|12/31/2025|0|0
H0TX31048|WILLIAMS, MICHAEL HOWARD MR.|C|2|REP|0|0|0|0|68407.53|68407.53|0|0|0|0|0|130172.58|0|TX|31||||||0|0|09/30/2025|0|0
H2TX31044|CARTER, JOHN R REP.|I|2|REP|1347562.26|529797.59|1142502.71|0|41438.95|246498.5|0|0|0|0|0|0|344453.57|TX|31||||||473311.1|0|03/31/2026|200|5000
H2TX31168|JOHNS, DERRICK|C|2|REP|2637.01|0|143.09|0|0|2493.92|2250|0|0|0|0|0|386.09|TX|31||||||0|0|03/31/2026|0|0
H6TX31078|GOMEZ NORIEGA, VALENTINA|C|2|REP|122957.13|0|122800.08|0|260|-28657.46|0|0|0|0|0|0|122957.13|TX|31||||||0|0|03/31/2026|50|0
H6TX31086|HAMDEN, RAYMOND H II|C|2|REP|145681.77|0|148220.92|0|0|-1926.85|0|110000|0|108241.54|0|-2741.54|35681.77|TX|31||||||0|0|03/31/2026|0|0
H6TX31128|DOWELL, STEVEN CLAY JR|C|2|REP|50485.77|0|50408.81|0|0|76.96|28480.61|0|0|0|0|0|21996.1|TX|31||||||0|0|03/31/2026|0|0
H6TX31136|ABEL, WILLIAM P|C|2|REP|7670.58|0|7550.2|0|0|120.18|6170.58|0|0|0|0|0|1500|TX|31||||||0|0|03/31/2026|0|0
H6TX31144|BERRY, DAVID LEE DR.|C|2|REP|36800|0|36800|0|0|0|700|25100|0|4492.79|0|0|11000|TX|31||||||0|0|02/11/2026|11000|0
H6TX31151|SHLOMI, OFFER VINCE|C|2|REP|326689.82|0|326458.31|0|0|231.51|22270.18|300700|0|0|0|300700|1384.64|TX|31||||||0|0|03/31/2026|0|0
H6TX31177|LOSSA, ELVIS ARTURO|C|2|REP|11382.91|0|7526.34|0|0|3856.57|676|5331.91|0|0|0|5331.91|2250|TX|31||||||0|0|02/11/2026|0|0
H6TX31169|STOKER, GREGORY JAMES|C|3|GRE|48041.74|0|33965.18|0|0|14076.56|0|0|0|0|0|0|48041.74|TX|31||||||0|0|03/31/2026|0|0
H4TX06216|CORNWALLIS, ALEX|C|1|DEM|58931.05|0|104350|0|45418.95|0|0|0|0|104350|0|0|58931.05|TX|32||||||0|0|03/29/2025|0|0
H4TX32071|MOORE, JUSTIN|O|1|DEM|0|0|0|0|-1343.25|-1343.25|0|0|0|0|0|32633.23|0|TX|32||||||0|0|03/31/2026|0|0
H6TX32217|BARRIOS, DAN F.|C|1|DEM|67435.74|0|62265.59|0|0|5170.15|0|0|0|0|0|0|62146.34|TX|32||||||0|0|03/31/2026|0|0
H2TX32182|DAY, DARRELL|C|2|REP|102105.07|0|57618.76|0|89334.52|133820.83|0|63000|0|0|0|214802.32|38928.07|TX|32||||||0|25|02/11/2026|0|0
H4TX32097|KHAN, GULREZ|O|2|REP|50|0|50|0|9067.64|9067.64|0|50|0|50|0|6000|0|TX|32||||||0|0|03/31/2025|0|0
H6TX32118|SHAITO, ZAIN|C|2|REP|8987.8|0|8987.8|0|0|0|0|0|0|0|0|0|8987.8|TX|32||||||0|0|10/21/2025|0|0
H6TX32126|MONTANEZ, MONTY|C|2|REP|41838.46|0|41992.51|0|0|-154.05|1017|21886.71|400|5400|0|16886.71|17434.75|TX|32||||||1100|0|02/11/2026|0|0
H6TX32134|CARRASCO, AIMEE|C|2|REP|34575|0|34575|0|0|0|0|33000|0|0|0|0|1575|TX|32||||||0|0|06/30/2026|0|0
H6TX32142|NIEHAUS, ERIC|C|2|REP|35269.47|0|35269.47|0|0|0|0|30000|0|0|0|30000|5269.47|TX|32||||||0|0|12/31/2025|0|0
H6TX32159|BINKLEY, RYAN|C|2|REP|3216172.7|0|3064187.31|0|0|151985.39|0|2754000|0|0|0|2754000|453172.7|TX|32||||||8500|0|03/31/2026|64248.81|0
H6TX32167|PEARSON, TOBEY MR|C|2|REP|0|0|0|0|0|0|0|0|0|0|0|0|0|TX|32||||||0|0|12/25/2025|0|0
H6TX32175|PEARSON, TOBEY MR|C|2|REP|0|0|0|0|0|0|0|0|0|0|0|0|0|TX|32||||||0|0|12/25/2025|0|0
H6TX32183|PEARSON, TOBEY MR|C|2|REP|0|0|0|0|0|0|0|0|0|0|0|0|0|TX|32||||||0|0|12/25/2025|0|0
H6TX32191|BONDAR, PAUL|C|2|REP|3202936.6|0|2919650.45|0|0|283286.15|0|3177663.77|0|0|0|3340417.96|6368.48|TX|32||||||10600|0|03/31/2026|2500|9600
H6TX32209|VAZIRI, ABTEEN|C|2|REP|120370.27|0|144266.79|0|0|-44708.93|0|3125|0|3125|0|0|70784.43|TX|32||||||46460.84|0|03/31/2026|236.84|143.56
H6TX32225|YARBROUGH, JACE|C|2|REP|612503.66|0|526446.46|0|0|86057.2|0|207000|0|0|0|207000|300003.66|TX|32||||||105500|0|03/31/2026|1000|0
H6TX32241|HESLOP, GORDON|C|2|REP|32627.85|0|29502.82|0|-2324.3|800.73|0|32127.85|0|0|0|32127.85|500|TX|32||||||0|0|03/31/2026|0|0
H2TX33073|VEASEY, MARC ALLISON|I|1|DEM|770175.39|0|1087606.79|21000|1009480.43|692049.03|0|0|0|0|0|0|228055.44|TX|33||||||542100|0|03/31/2026|33784.57|32500
H4TX32089|JOHNSON, JULIE|O|1|DEM|2075048.76|0|1818698.44|0|230903.4|487253.72|7000|50000|0|0|0|50000|1419240.48|TX|33||||||598302.1|0|03/31/2026|15539|0
H6TX33074|HAFEEZ, ZEESHAN|O|1|DEM|409934.65|0|324472.14|0|0|85462.51|0|0|0|0|0|0|409934.65|TX|33||||||0|0|02/11/2026|0|0
H8TX32098|ALLRED, COLIN||1|DEM|6433742.53|4237607.67|5754873.22|3112025|0|678869.31|0|0|0|0|0|0|2178134.86|TX|33||||||18000|0|03/31/2026|31032.5|0
H6TX33041|SCHWAB, KURT|O|2|REP|13215|0|12344.75|0|0|870.25|125|0|100|0|0|100|12990|TX|33||||||0|0|02/11/2026|84.8|0
H6TX15162|GONZALEZ, VICENTE|I|1|DEM|2907549.31|501393.81|1293622.86|0|282059.76|1895986.21|0|0|0|325000|0|0|1347105.49|TX|34||||||1052561.11|4771.93|03/31/2026|6600.33|2000
H6TX34064|ROSAS, ETIENNE PH.D.|C|1|DEM|105780.16|0|46832.06|0|0|56130.1|100|0|0|0|0|0|100245.21|TX|34||||||5000|0|02/11/2026|1000|0
H2TX34113|FLORES, MAYRA NOHEMI|C|2|REP|1409671.97|28991.2|1228999.77|0|2828.29|183500.49|0|0|0|0|0|0|1249093.19|TX|34||||||73500|0|03/31/2026|23714.98|0
H2TX34188|CISNEROS, LAURA DR.|C|2|REP|0|0|0|0|172.2|172.2|0|0|0|0|0|224800|0|TX|34||||||0|0|03/31/2026|0|0
H2TX34220|KUNKLE, GREGORY SCOTT JR.|C|2|REP|9155|0|7853.75|0|0|1301.25|0|0|0|0|0|0|1300|TX|34||||||7855|0|12/31/2025|0|0
H4TX27105|MANDEL, CHARLES|C|2|REP|1002821.43|0|758563.18|0|86471.47|330729.72|134.99|1000000|0|0|0|1000000|2686.44|TX|34||||||0|0|03/31/2026|1000|0
H6TX34049|ALLEN, KEITH|C|2|REP|156626.79|0|157571.33|0|944.54|0|2920|90363.9|0|26120.42|0|0|29950.4|TX|34||||||0|0|03/31/2026|2645.42|0
H6TX34056|MORALES, MARIO ALBERTO|C|2|REP|16335.21|0|16335.21|0|0|0|40|0|0|0|0|0|16295.21|TX|34||||||0|0|09/30/2025|0|0
H6TX34080|FLORES, ERIC|C|2|REP|2158799.06|439991.48|1711974.41|116673.78|0|446799.65|745.31|576500|0|0|0|627470.4|955012.27|TX|34||||||181550|5000|04/15/2026|24701.44|0
H6TX34098|HINOJOSA, ALFREDO JR.|C|2|REP|36057.71|0|36057.71|0|0|0|0|0|0|0|0|0|36057.71|TX|34||||||0|0|01/31/2026|3000|0
H6TX34114|BUENTELLO, LUIS F|C|2|REP|45004.29|0|46000.58|0|0|-1812.1|0|0|0|0|0|0|45004.29|TX|34||||||0|0|03/31/2026|0|0
H6TX34130|NAGY, JAY|C|2|REP|15459.24|0|15459.24|0|0|0|7337.95|0|0|0|0|0|8121.29|TX|34||||||0|0|02/04/2026|6964.56|0
H8TX21331|GARZA, MAURO EVERETT MR.|C|2|REP|12502.48|0|12659|0|156.52|0|0|11502.48|0|0|0|0|1000|TX|34||||||0|0|03/31/2026|0|0
H6TX35061|MASTERSON-MOYES, WHITNEY|C|1|DEM|62723.95|0|61367.69|0|0|1356.26|2828.95|30000|0|4609|0|25391|29390|TX|35||||||0|0|03/31/2026|1000|0
H6TX35079|LIRA, JOHN|C|1|DEM|144966.71|0|144966.71|0|0|0|41704.47|0|0|0|0|0|102262.24|TX|35||||||1000|0|03/31/2026|0|0
H6TX35095|GARCIA, JOHNNY|C|1|DEM|247432.92|0|205329.68|0|0|42103.24|0|0|0|0|0|8918.77|230412.82|TX|35||||||17000|8|03/31/2026|1320|0
H6TX35103|GALINDO, MAUREEN|C|1|DEM|9451.78|0|11389.56|0|0|2169.8|4107.28|0|0|0|0|0|5344.5|TX|35||||||0|0|03/31/2026|0|0
H2TX35029|NARVAIZ, SUSAN|C|2|REP|.28|0|0|0|392.25|392.53|0|0|0|0|0|146242.05|0|TX|35||||||0|0|03/31/2026|0|0
H4TX28129|FURMAN, JAY COMMANDER|C|2|REP|462556.38|24148|456327.45|0|4922.26|11151.19|70734.38|242300|0|53600|0|748692.2|118899.73|TX|35||||||3500|0|03/31/2026|17300|0
H4TX35025|WRIGHT, STEVEN WILLIAM|C|2|REP|25375|0|43024.14|0|17649.14|0|0|25375|0|20429.4|0|0|0|TX|35||||||0|0|04/15/2026|0|0
H6TX34072|CORTEZ, JOSHUA|C|2|REP|265463.27|0|260157.8|0|0|5305.47|0|12000|0|2000|0|10000|251963.27|TX|35||||||1500|0|03/31/2026|51151.97|0
H6TX35020|KRAUSE, RYAN P|C|2|REP|237646.11|0|230646.11|0|-2235.59|7000|0|185282|0|9000|0|45542.54|52364.11|TX|35||||||0|0|03/31/2026|0|0
H6TX35046|SCHUCHARDT, CHRISTOPHER THOMAS MR|C|2|REP|0|0|0|0|0|0|0|0|0|0|0|0|0|TX|35||||||0|0|09/05/2026|0|0
H6TX35053|LUJAN, JOHN|C|2|REP|527862.76|0|448490.29|0|0|79372.47|0|42000|0|0|0|114635.71|457862.32|TX|35||||||28000|0|03/31/2026|10239.87|0
H6TX35087|DE LA CRUZ, CARLOS JR.|C|2|REP|513096.39|6100|374998.24|0|0|138098.15|0|50000|0|0|0|108000|352996.39|TX|35||||||104000|0|03/31/2026|35|0
H6TX35111|ADAMS, RANDAL HASKEL|C|2|REP|24493|0|17267.69|0|0|7225.31|2327.38|20000|0|0|0|20000|2165.62|TX|35||||||0|0|03/31/2026|0|0
H6TX35137|HICKS-CALLAWAY, VANESSA F.|C|2|REP|6394.01|0|5114.23|0|0|-4206.27|6154.01|0|0|0|0|0|240|TX|35||||||0|0|04/15/2026|0|0
H4TX14111|HART, RHONDA J|C|1|DEM|6550|0|0|0|0|3937.2|3125|3425|0|0|0|4796.81|0|TX|36||||||0|0|03/31/2026|0|0
H6TX36028|ROGERS, DOUG|C|1|DEM|230985|0|201056.61|0|0|29928.39|105|200000|0|150000|0|50000|30880|TX|36||||||0|0|03/31/2026|0|0
H6TX02079|BABIN, BRIAN|I|2|REP|916867.91|279180.74|632558.52|0|646202.65|930512.04|0|0|0|0|0|0|214131.45|TX|36||||||390301.75|0|03/31/2026|19.82|0
H0TX31097|IMAM, DONNA|O|1|DEM|0|0|453.72|0|18113.6|17659.88|0|0|0|0|0|0|0|TX|37||||||0|0|03/31/2026|0|0
H2TX35144|CASAR, GREG|O|1|DEM|1057595.98|22550|705499.35|0|370838.96|722935.59|0|0|0|0|0|10000|797895.92|TX|37||||||227030|0|03/31/2026|1551.61|0
H4TX10028|DOGGETT, LLOYD|I|1|DEM|471289.18|0|235863.34|0|6227828.08|6463253.92|0|0|0|0|0|0|76473.34|TX|37||||||150228.75|0|03/31/2026|0|0
H6TX35038|PENA, LAUREN B.|O|2|REP|109489.99|0|109489.14|0|0|.85|0|0|0|0|0|0|109489.99|TX|37||||||0|0|03/31/2026|0|0
H6TX37026|GARY, GE'NELL|O|2|REP|4460.69|0|3708.46|0|0|752.23|350|250|0|0|0|6247.89|3860.69|TX|37||||||0|0|03/31/2026|0|0
H6TX37059|MALZAHN, JANET|O|2|REP|5332.18|0|2562.56|0|0|2769.62|0|2000|0|0|0|8480.54|3332.18|TX|37||||||0|0|03/31/2026|0|0
H4TX38011|MCDONOUGH, MELISSA A|O|1|DEM|47897.62|0|33294.59|0|22699.79|37302.82|18000.28|0|0|0|0|113239.86|29397.34|TX|38||||||500|0|03/31/2026|0|0
H6TX38016|COOK, CURTIS II|O|1|DEM|0|0|0|0|0|0|0|0|0|0|0|0|0|TX|38||||||0|0|10/01/2025|0|0
H6TX38024|HUNTER, MARVALETTE|O|1|DEM|135999.39|0|134273.87|0|0|1725.52|0|0|0|0|0|0|127241.09|TX|38||||||8750.01|0|03/31/2026|250|0
H6TX38040|COURTS, THERESA|O|1|DEM|4435|0|4299.22|0|0|38.88|3675|0|0|0|0|0|760|TX|38||||||0|0|03/31/2026|0|0
H0TX07170|HUNT, WESLEY|I|2|REP|2071561.67|439168.28|4526166.01|0|2487176.16|32571.82|0|0|0|0|0|96496.9|1376471.65|TX|38||||||166500|0|03/31/2026|76452.37|15500
H2TX18207|MONTIEL, CARMEN|C|2|REP|147355.21|0|142376|0|442.49|5421.7|15500|0|0|0|0|11554.55|130372.3|TX|38||||||500|0|03/31/2026|1062.21|0
H4TX38045|AYERS, AVERY LAMARR|O|2|REP|0|0|0|0|210|210|0|0|0|0|0|0|0|TX|38||||||0|0|10/31/2025|0|0
H6TX02244|BONCK, JON|O|2|REP|1476325.09|1359|1037936.55|0|0|438388.54|21231.4|330000|100000|0|0|492330|895769.37|TX|38||||||123834.2|0|03/31/2026|0|0
H6TX08217|YUNA, JEFFREY MICHAEL MR|O|2|REP|52264.11|0|53140.59|0|0|-876.48|825|38536.9|0|0|0|42205.6|12902.21|TX|38||||||0|0|03/31/2026|0|0
H6TX38065|DEZEVALLOS, SHELLY|O|2|REP|930212.3|0|769220.09|0|0|160992.21|10615.15|375000|0|0|0|382500|492495.55|TX|38||||||45500|0|03/31/2026|0|0
H6TX38073|GORALSKI, CRAIG|O|2|REP|6462.48|0|6087.4|0|0|0|1000|0|0|0|0|0|5462.48|TX|38||||||0|0|11/03/2026|0|0
H6TX38081|PRATT, MICHAEL|O|2|REP|374707.44|0|279445.9|0|0|95261.54|0|280000|0|132000|0|148000|94707.44|TX|38||||||0|0|03/31/2026|9379.28|0
H6TX38115|RUBIN, LARRY DAVID|O|2|REP|523201.28|0|512771.4|0|0|10429.88|86622.86|329000|0|12000|0|317000|102578.42|TX|38||||||5000|0|03/31/2026|0|0
H6TX38123|MCMENEMY, ALEX|O|3|GRE|9887.9|0|8312.34|0|0|1575.56|4107.34|0|0|0|0|0|5780.56|TX|38||||||0|0|03/31/2026|0|0
H6TX38099|TAGGART, WILLIAM MISKEY MR. IV|O|3|IND|7345.08|0|3560.18|0|0|3784.9|5000|0|0|0|0|0|2345.08|TX|38||||||0|0|03/31/2026|0|0
H6TX38107|TAGGART, WILLIAM M IV|O|3|IND|7345.08|0|3560.18|0|0|3784.9|5000|0|0|0|0|0|2345.08|TX|38||||||0|0|03/31/2026|0|0
H4UT02304|RIEBE, KATHLEEN|C|1|DEM|87241.32|0|83398.45|0|0|3842.87|0|0|0|0|0|26585.67|87241.32|UT|01||||||0|0|04/05/2026|0|0
H6UT01152|TOMKINS, ANTHONY|C|1|DEM|119.52|0|119.52|0|0|0|119.52|0|0|0|0|0|0|UT|01||||||0|0|09/30/2025|0|0
H6UT01178|BLOUIN, NATE|C|1|DEM|525699.65|0|293905.35|0|0|231794.3|0|0|7000|0|0|7000|478224.27|UT|01||||||40450|0|04/05/2026|991.75|1950
H6UT01194|KITCHEN, DEREK|C|1|DEM|59241.67|0|59241.67|0|0|0|25|0|0|0|0|0|59216.67|UT|01||||||0|0|04/09/2026|1750|0
H6UT01210|LOPEZ CHAVEZ, EVA|C|1|DEM|49777|0|40846.14|0|0|8930.86|0|0|0|0|0|0|49777|UT|01||||||0|0|04/05/2026|0|0
H6UT01228|MOHAMED, LIBAN|C|1|DEM|121231.16|0|96447.63|0|0|24783.53|46066.16|0|0|0|0|0|75165|UT|01||||||0|0|04/05/2026|0|0
H6UT01236|FARRELL, MICHAEL|C|1|DEM|245168.43|0|200354.25|0|43595.76|88409.94|0|200000|0|0|0|200000|25015|UT|01||||||0|0|04/05/2026|0|0
H8UT04053|MCADAMS, BEN|C|1|DEM|1547980.98|0|699677.28|4050|15003.33|863307.03|0|0|0|0|0|0|1449684.46|UT|01||||||96500|0|04/05/2026|3500|0
H0UT01205|MOORE, BLAKE|I|2|REP|2020031.73|44981.39|1154409.61|0|1534022.94|2399645.06|0|0|0|0|0|0|798050.34|UT|01||||||1177000|0|04/05/2026|9013.85|0
H4UT01140|MILLER, PAUL|C|2|REP|0|0|0|0|0|0|0|0|0|0|0|0|0|UT|01||||||0|0|04/15/2025|0|0
H6UT01244|OWEN, RILEY MONTGOMERY|C|2|REP|98334|0|84658.2|0|0|13675.8|0|30000|0|0|0|30000|68334|UT|01||||||0|0|04/05/2026|0|0
H0UT02286|JOLIN, ASHLEY|C|1|DEM|0|0|0|0|1526.41|1526.41|0|0|0|0|0|0|0|UT|02||||||0|0|03/31/2026|0|0
H6UT01160|CROSBY, PETER|C|1|DEM|20737.45|0|11308.6|0|0|3896.12|350.96|0|0|0|0|0|20386.49|UT|02||||||0|0|04/05/2026|0|0
H6UT02432|FARNSWORTH, TYLER SCOTT|C|1|DEM|3412.68|0|1449.74|0|553.01|2515.95|827.68|1125|0|0|0|1225|460|UT|02||||||1000|0|04/05/2026|0|0
H6UT02457|GILLINS, JAROM|C|1|DEM|1596|0|1104.81|0|0|491.19|100|0|0|0|0|16186.05|1496|UT|02||||||0|0|03/31/2026|0|0
H6UT02473|MERRILL, STEVEN|C|1|DEM|21088|0|20327.33|0|0|760.67|0|14000|0|360|0|13640|6083|UT|02||||||1000|0|04/05/2026|0|0
H2UT02324|STEWART, CHRIS|I|2|REP|.46|0|43543.29|0|43542.83|0|0|0|0|0|0|0|0|UT|02||||||0|0|02/25/2026|0|0
H4UT02387|JENKINS, COLBY C|C|2|REP|0|0|1.58|0|1.58|0|0|0|0|0|0|0|0|UT|02||||||0|0|03/31/2025|0|0
H4UT02395|MURSET, TYLER WILLIAM|C|2|REP|0|0|717.5|0|120.29|3113.06|0|0|0|0|0|5000|0|UT|02||||||0|0|04/05/2026|0|0
H6UT02523|LISONBEE, KARIANNE|C|2|REP|153667.06|0|5454.77|0|0|148212.29|0|4000|0|0|0|4000|145625.08|UT|02||||||4041.98|0|04/05/2026|260.73|1041.98
H2UT02472|MCFARLAND, JAY JAYMAC|C|3|OTH|0|0|0|0|-3940.26|-3940.26|0|0|0|0|0|154112.11|0|UT|02||||||0|0|09/30/2025|0|0
H0UT03219|ANDERSON, JARED LYLE|C|1|DEM|0|0|0|0|0|0|0|0|0|0|0|0|0|UT|03||||||0|0|06/30/2025|0|0
H6UT02465|MERRILL, STEVEN|C|1|DEM|21088|0|20327.33|0|0|760.67|0|14000|0|360|0|13640|6083|UT|03||||||1000|0|04/05/2026|0|0
H6UT03182|UDELL, KENT DR.|C|1|DEM|14010|0|3379.8|0|0|10630.2|0|0|0|0|0|0|14010|UT|03||||||0|0|03/31/2026|0|0
H4UT02296|MALOY, CELESTE|I|2|REP|869236.76|35792.56|514381.3|0|107021.43|461876.89|0|0|0|0|0|0|413175.25|UT|03||||||419923|0|04/05/2026|104.05|0
H4UT03252|PEAY, STEWART|O|2|REP|0|0|27451.65|0|27451.65|0|0|0|0|0|0|0|0|UT|03||||||0|0|03/29/2025|0|0
H4UT03260|KENNEDY, MIKE|I|2|REP|802218.94|46500|556573.87|0|125201.81|370846.88|0|0|0|0|0|225000|383623.94|UT|03||||||372000|0|04/05/2026|83.75|3000
H4UT03286|DOUGALL, JOHN|O|2|REP|104|0|4544.18|0|4440.18|0|0|0|0|0|0|268975.1|26.03|UT|03||||||0|0|03/31/2026|0|0
H4UT03328|DAHLIN, KATHRYN W|O|2|REP|0|0|12066.58|0|12066.58|0|0|0|0|0|0|25001|0|UT|03||||||0|0|12/31/2025|0|0
H6UT03190|HARRIS, DAVID|C|2|REP|42995.08|0|42995.08|0|0|0|0|14000|0|3183.08|0|10816.92|28995.08|UT|03||||||0|0|04/07/2026|0|0
H8UT03238|CURTIS, JOHN|I|2|REP|622121.94|0|748290|0|788682.66|662514.6|0|0|0|0|0|0|295579.81|UT|03||||||326500|0|03/31/2026|0|2500
H6UT03174|HOOSLYN, ADONIS|C|3|UN|78.4|0|6086.92|0|-29.92|-6038.44|3.48|0|0|0|0|0|74.92|UT|03||||||0|0|03/31/2026|0|0
H0UT02096|MATHESON, JAMES DAVID|C|1|DEM|51.91|0|4662.77|0|425726.67|421115.81|0|0|0|0|0|0|0|UT|04||||||0|0|03/31/2026|0|0
H4UT04060|FALLICK-WANG, KATRINA|C|1|DEM|0|0|242.77|0|242.77|0|0|0|0|0|0|0|0|UT|04||||||0|0|01/31/2026|0|0
H6UT02424|LARSEN, JONATHAN|O|1|DEM|32783.28|0|29807.88|0|0|2975.4|0|23679.69|0|933.83|0|22845.86|8653.59|UT|04||||||250|200|04/05/2026|0|0
H0UT04076|OWENS, BURGESS|I|2|REP|735568.29|69804.37|867517.04|0|133428.85|1480.1|0|0|0|0|0|0|511921.68|UT|04||||||152500|0|03/31/2026|39815|16000
H2UT04072|HUNSAKER, JAKE|C|2|REP|0|0|0|0|9.28|9.28|0|0|0|0|0|85000|0|UT|04||||||0|0|03/31/2026|0|0
H6UT04024|BURT, STEVEN|O|3|IND|26904|0|24385.36|0|0|2518.64|5639|0|0|0|0|0|21265|UT|04||||||0|0|03/31/2026|0|0
H4VA07234|VINDMAN, YEVGENY 'EUGENE'|I|1|DEM|9673622.49|177701.5|4541406.43|150|134933.74|5267149.8|715.67|0|0|0|0|0|8787032.98|VA|01||||||647300|2023.4|03/31/2026|80118.91|1000
H6VA01182|POHL, AMANDA|C|1|DEM|51417.71|0|51417.71|0|0|0|0|0|0|0|0|0|51299.71|VA|01||||||0|100|02/27/2026|0|0
H6VA01190|KHANNA, LISA VEDERNIKOVA|C|1|DEM|277648.13|0|277648.13|0|0|0|0|0|0|0|0|0|277528.82|VA|01||||||0|0|01/30/2026|21474|0
H6VA01208|TULL, MELVIN|C|1|DEM|179991.97|0|132996.67|0|0|46995.3|0|0|0|0|0|0|179958.08|VA|01||||||0|0|03/31/2026|5|0
H6VA01216|LUCCHETTI, ANDREW|C|1|DEM|57728.39|0|57728.39|0|0|0|26391.39|0|0|0|0|0|31337|VA|01||||||0|0|08/22/2025|7000|0
H6VA01224|SHEA, JAMES MICHAEL|C|1|DEM|2660|0|2660|0|0|0|0|0|0|700|0|0|1410|VA|01||||||0|0|03/31/2026|0|0
H6VA01232|BHATTI, ATA-UL-SALAAM|C|1|DEM|184834.09|0|159371.47|0|0|25462.62|109.93|0|0|0|0|0|184723.97|VA|01||||||0|0|03/31/2026|25|0
H6VA01240|KOPP, ERICKA|C|1|DEM|13867.32|0|3329.06|0|0|10538.26|351.27|0|0|0|0|0|13516.05|VA|01||||||0|0|03/31/2026|0|0
H6VA01257|SUBLETTE, SEAN|C|1|DEM|66110.85|0|66110.85|0|0|0|0|0|0|0|0|0|65971.85|VA|01||||||0|0|12/08/2025|10|0
H6VA01273|CYWINSKI, TIMOTHY STEPHEN|C|1|DEM|8113|0|719.88|0|5456.69|12849.81|0|0|0|0|0|0|8113|VA|01||||||0|0|03/31/2026|0|0
H8VA01147|WITTMAN, ROBERT J. MR.|I|2|REP|3398633.75|1176328.13|914724.08|0|1375880.13|3859789.8|0|0|0|0|0|0|1191625.06|VA|01||||||965350|0|03/31/2026|17034.35|0
H2VA02098|SLEISTER, NICOLAUS|C|1|DEM|5426.49|0|5426.49|0|0|0|3292.49|0|0|0|0|0|2134|VA|02||||||0|0|02/20/2026|0|0
H4VA02060|COTTER SMASAL, MISSY|C|1|DEM|1123.53|0|14070.38|0|12946.85|0|0|0|0|0|0|0|0|VA|02||||||0|0|04/14/2025|0|0
H6VA02115|BROWN, SHAUN DENISE|C|1|DEM|0|0|0|0|65|65|0|0|0|0|0|5380|0|VA|02||||||0|0|03/31/2026|0|0
H6VA02149|OSYF, JAMES|C|1|DEM|410811.62|0|326226.64|0|0|84584.98|7000|0|0|0|0|22500|373655.01|VA|02||||||29500|0|03/31/2026|18920.25|20000
H6VA02156|WILLIAMSON, MICHAEL|C|1|DEM|346203.13|0|323368.18|0|0|22834.95|2902.66|0|0|0|0|0|342800.47|VA|02||||||500|0|03/31/2026|1903|0
H6VA02164|MOSOLF, PATRICK MR.|C|1|DEM|44121.37|0|42070.84|0|0|2051.23|0|37847.04|0|300|0|37547.74|5433|VA|02||||||0|0|03/31/2026|0|0
H6VA02172|DEVANATH, NILA|C|1|DEM|230406|0|164720.46|0|0|65685.54|7000|0|0|0|0|0|220051.5|VA|02||||||2500|0|03/31/2026|250|0
H6VA02180|STRICKLER, MATT|C|1|DEM|305964.52|0|138605.16|0|0|167359.36|7377.4|0|0|0|0|0|297587.12|VA|02||||||1000|0|03/31/2026|0|0
H6VA02198|LURIA, ELAINE|C|1|DEM|2868163.1|689048.75|576428.73|0|0|2291734.37|8010.13|0|0|0|0|0|1955308.68|VA|02||||||215600|0|03/31/2026|8432.62|2000
H8VA02111|LURIA, ELAINE|I|1|DEM|590.89|0|8473.01|0|7882.12|0|0|0|0|0|0|0|0|VA|02||||||561.89|0|07/15/2025|0|0
H2VA02064|KIGGANS, JENNIFER|I|2|REP|4746033.32|1436247.86|1760599.89|0|45477.4|3030910.83|0|0|0|0|0|61710.27|2218577.66|VA|02||||||1073600.68|5000|03/31/2026|18883.56|1000
H6VA01117|SCOTT, ROBERT C|I|1|DEM|415325.06|0|420083.5|0|162863.29|158104.85|0|0|0|0|0|3191.43|232984.15|VA|03||||||182340.91|0|03/31/2026|0|0
H2VA03070|NAMKUNG, TERRY TOLBERT MR.|C|2|REP|0|0|551.03|0|551.03|0|0|0|0|0|0|0|0|VA|03||||||0|0|04/11/2025|0|0
H4VA03100|SITKA, JOHN DR. III|C|2|REP|0|0|94.85|0|94.85|0|0|0|0|0|0|0|0|VA|03||||||0|0|02/14/2025|0|0
H6VA03097|VASQUEZ, DAWN E|C|3|IND|23924.56|0|23924.56|0|0|0|0|23924.56|0|1180.45|0|0|0|VA|03||||||0|0|08/28/2025|0|0
H4VA04066|MCCLELLAN, JENNIFER|I|1|DEM|891048.16|0|817336.26|0|54101.21|127813.11|0|0|0|0|0|0|444344.24|VA|04||||||445300.03|0|03/31/2026|1429|0
H4VA07192|MOHER, WILLIAM|O|2|REP|1|0|1|0|0|0|0|0|0|0|0|0|1|VA|04||||||0|0|01/07/2025|0|0
H6VA04095|BROWN, JASON II|C|3|IND|1481.5|0|1474.6|0|0|6.9|702.49|0|0|0|0|0|779.01|VA|04||||||0|0|03/31/2026|0|0
H0VA05145|WEBB, BRYANT CAMERON DR.|C|1|DEM|0|0|10235.5|0|21253.21|11017.71|0|0|0|0|0|0|0|VA|05||||||0|0|03/31/2026|0|0
H4VA05063|RILEY, PAUL|C|1|DEM|3245|0|19812.26|0|21734.27|-3853.33|0|0|0|0|0|0|3245|VA|05||||||0|0|03/31/2026|0|0
H4VA05089|WITT, GLORIA TINSLEY|C|1|DEM|0|0|9358.75|0|9366.44|7.69|0|0|0|0|0|0|0|VA|05||||||0|0|03/31/2025|0|0
H6VA01299|TAYLOR, SHANNON LEIGH|C|1|DEM|1300040.04|37000|477784.52|0|0|822255.52|0|0|0|0|0|0|1079969.99|VA|05||||||182894.69|0|03/31/2026|6977.31|0
H6VA05167|PRUITT, MIKE|C|1|DEM|432665.52|0|340427.08|0|0|92238.44|320|0|0|0|0|0|432345.52|VA|05||||||0|0|03/31/2026|15209.04|0
H6VA05175|ZABRISKIE, KATHRYN (KATE) MS.|C|1|DEM|47155.84|0|47155.84|0|0|0|2148.98|31440.88|0|0|0|0|13560.7|VA|05||||||0|0|12/31/2025|0|0
H6VA05183|STICHEL, ADELE|C|1|DEM|105237.9|0|105237.9|0|0|0|0|0|0|0|0|0|105237.9|VA|05||||||0|0|01/31/2026|26000|0
H6VA05191|KRZYZANOWSKI, SUZANNE K|C|1|DEM|15577|0|2870.43|0|0|12706.57|5100|0|0|0|0|0|10477|VA|05||||||0|0|03/31/2026|0|0
H6VA05209|TRACINSKI, ROBERT WILLIAM|C|1|DEM|44131.61|0|20146.85|0|15655.43|39640.19|0|253.96|0|253.96|0|0|43877.65|VA|05||||||0|0|03/31/2026|0|0
H6VA05217|PERRIELLO, THOMAS|C|1|DEM|1402031.93|0|282394.84|0|0|1119637.09|2461.36|0|0|0|0|0|1330625.8|VA|05||||||61300|0|03/31/2026|1770|0
H0VA05095|HURT, ROBERT|I|2|REP|4.95|0|22455|0|36476.76|14026.71|0|0|0|0|0|0|0|VA|05||||||0|0|03/31/2026|0|0
H0VA05160|GOOD, ROBERT G. HON.|C|2|REP|44601.62|3083.05|35456.53|0|4371.38|13516.47|0|10000|0|0|0|34023.42|9964.21|VA|05||||||18800|0|03/31/2026|200|12000
H0VA07133|MCGUIRE, JOHN|C|2|REP|1262973.6|226269.93|855297.83|0|34218.51|441894.28|0|0|0|0|0|99286.7|752316.41|VA|05||||||282387.26|0|03/31/2026|9119.34|28864.65
H6VA05233|LUCERO, MELANIE VIRGINIA|C|2|REP|64422.73|0|30085.32|0|0|34337.41|0|50000|0|0|0|50000|14188.73|VA|05||||||0|0|03/31/2026|0|0
H4VA06061|MITCHELL, KEN|C|1|DEM|125915.16|0|117467.8|0|53772.55|62219.91|110|0|30000|0|0|31000|92409.31|VA|06||||||270|0|03/31/2026|502|0
H6VA06165|BARLOW, PETE HAMILTON|C|1|DEM|114848.5|0|100276.14|0|0|14572.36|250|0|0|0|0|0|114543.16|VA|06||||||0|0|03/31/2026|0|0
H6VA06173|MACY, BETH|C|1|DEM|1098902.02|0|379596.46|0|0|719305.56|0|0|0|0|0|0|1083902.02|VA|06||||||15000|0|03/31/2026|0|0
H6VA06181|GOODITIS, WENDY|C|1|DEM|52710|0|52710|0|0|0|0|0|0|0|0|0|51710|VA|06||||||1000|0|04/15/2026|3500|0
H8VA06138|LEWIS, JENNIFER|C|1|DEM|0|0|0|0|0|0|0|0|0|0|0|0|0|VA|06||||||0|0|10/03/2025|0|0
H8VA06096|DUNBAR, CYNTHIA|O|2|REP|0|0|0|0|0|0|0|0|0|0|0|47565.42|0|VA|06||||||0|0|09/30/2025|0|0
H8VA06104|CLINE, BENJAMIN LEE|I|2|REP|1025397.33|94700|697896.05|0|328322.03|655823.31|0|0|0|0|0|0|487291.72|VA|06||||||443395.09|0|03/31/2026|-500|0
H4VA07242|FRANKLIN, MARGARET|O|1|DEM|0|0|387.22|0|387.22|0|0|0|0|387.22|0|0|0|VA|07||||||0|0|04/13/2025|0|0
H4VA07267|HEINZER, CLIFFORD|O|1|DEM|28.67|0|37.26|0|30.99|0|0|0|0|0|0|0|28.67|VA|07||||||0|0|06/06/2025|0|0
H6VA00028|COONEY, JOSEPH PATRICK|C|1|DEM|543533.02|0|42682.02|0|0|500851|0|0|0|0|0|0|543533.01|VA|07||||||0|0|03/31/2026|46|0
H6VA07247|HELMER, DAN|C|1|DEM|642313.79|0|69111.74|0|0|573202.05|0|0|0|0|0|46109.77|601813.79|VA|07||||||40500|0|03/31/2026|10|0
H6VA07254|MCAULIFFE, DOROTHY|C|1|DEM|1106775.02|0|41793.88|0|0|1064981.14|7000|0|0|0|0|0|1091775.02|VA|07||||||8000|0|03/31/2026|0|0
H6VA08328|DUNIGAN, ADAM MICHAEL|C|1|DEM|144676.68|0|125686.47|0|0|18990.21|31744.68|20000|0|0|0|0|92932|VA|07||||||0|0|03/31/2026|0|0
H2VA07154|CASTORANI, JOHN|C|2|REP|0|0|0|0|10649.65|10649.65|0|0|0|0|0|26167.96|0|VA|07||||||0|0|03/31/2026|0|0
H2VA07170|ANDERSON, DERRICK|O|2|REP|-314.25|1044.31|56029.38|0|56343.63|0|0|0|0|0|0|0|-1064.04|VA|07||||||0|0|06/12/2025|0|0
H2VA07261|VEGA, YESLI|C|2|REP|0|0|0|0|4000.25|4000.25|0|0|0|0|0|328500.66|0|VA|07||||||0|0|03/31/2026|0|0
H4VA07143|BRAT, DAVID ALAN|C|2|REP|0|0|13021.63|0|64238.66|51217.03|0|0|0|0|0|0|0|VA|07||||||0|0|03/31/2026|0|0
H4VA07200|HAMILTON, CAMERON|O|2|REP|2125|0|3182.27|0|1065.33|8.06|0|0|0|0|0|3055.12|2125|VA|07||||||0|0|03/31/2026|0|0
H4VA07226|TODD, TERRIS EUGENE|O|2|REP|0|0|13135.11|0|13135.11|0|0|0|0|10635.11|0|0|0|VA|07||||||0|0|04/15/2026|0|0
H4VA07291|PRABHUDOSS, JOHN|O|2|REP|0|0|10522.43|0|10522.43|0|0|0|0|10372.43|0|0|0|VA|07||||||0|0|12/31/2025|0|0
H4VA07333|MARTIN, MARIA|O|2|REP|0|0|0|0|0|0|0|0|0|0|0|0|0|VA|07||||||0|0|02/14/2025|0|0
H6VA07171|MAYFIELD, DARIUS|C|2|REP|34760|0|34096.78|0|0|663.22|0|12500|0|3500|0|26987|17260|VA|07||||||5000|0|03/31/2026|0|0
H6VA07189|GRAY, JOHN|C|2|REP|228951.17|0|122913.68|0|0|106037.49|0|100200|0|0|0|100200|128751.17|VA|07||||||0|0|03/31/2026|0|0
H6VA07197|DURANT, TARA ANNE|C|2|REP|388511.11|22672.49|194635.84|250|0|193875.27|0|0|0|0|0|0|356677.85|VA|07||||||7000|0|03/31/2026|1041.02|0
H6VA07205|OLLIVANT, DOUGLAS|C|2|REP|175860.25|0|89595.22|0|0|86265.03|0|0|0|0|0|0|169860.25|VA|07||||||6000|0|03/31/2026|0|0
H6VA07239|WASHINGTON, WAVERLY E. MR.|C|2|REP|50322.37|0|25711.39|0|0|24610.98|11400|0|0|0|0|0|31922.37|VA|07||||||7000|0|03/31/2026|77.06|0
H4VA08216|HOPE, PATRICK ALAN|C|1|DEM|0|0|0|0|2923|2923|0|0|0|0|0|18463|0|VA|08||||||0|0|03/31/2026|0|0
H4VA08224|BEYER, DONALD STERNOFF JR.|I|1|DEM|1628106.55|0|1429766.06|0|557062.68|755403.17|0|0|0|0|0|0|1205220|VA|08||||||421250|0|03/31/2026|9332|0
H4VA08281|LEVINE, MARK HERBERT|O|1|DEM|0|0|0|0|0|0|0|0|0|0|0|0|0|VA|08||||||0|0|03/31/2026|0|0
H6VA01307|KNAPP, JASON|C|1|DEM|501287.62|0|236653.24|0|0|264634.38|8775.62|200000|0|0|0|200000|292512|VA|08||||||0|0|03/31/2026|7094|0
H6VA01315|BEGGS, ELIZABETH DEMPSEY|C|1|DEM|64494.92|0|60265.28|0|0|4229.64|5446.02|1000|0|1000|0|0|58018.9|VA|08||||||0|25|03/31/2026|10|0
H6VA08278|SEIFELDEIN, MO|C|1|DEM|136368.2|0|108078.73|0|0|28289.47|0|0|0|0|0|4117.57|135368.2|VA|08||||||1000|0|03/31/2026|134|0
H6VA08286|DUFFIN, MICHAEL CHRISTIAN MR.|C|1|DEM|28975|0|24493.32|0|0|4481.68|40|0|0|0|0|40|28535|VA|08||||||0|0|03/31/2026|50|0
H6VA08294|GRAY, DANIEL|C|1|DEM|14091.84|0|11861.41|0|0|2230.43|3847.89|0|0|0|0|0|10025|VA|08||||||0|0|03/31/2026|0|0
H0VA08172|KIM, HEERAK CHRISTIAN DR.|C|2|REP|2700|0|1734.91|0|279.37|1244.46|2000|0|0|0|0|0|700|VA|08||||||0|0|03/31/2026|0|0
H6VA08252|SABIO, TONY|C|2|REP|4017.92|0|168.22|0|0|3849.7|152.4|0|0|0|0|0|3865.52|VA|08||||||0|0|03/31/2026|0|0
H6VA08229|WEBB, MAJOR MIKE|C|3|IND|0|0|0|0|0|0|0|0|0|0|0|0|0|VA|08||||||0|0|06/30/2025|0|0
H4VA09057|BAKER, KAREN G.H. MS.|C|1|DEM|8222.01|0|1689.72|0|0|6559.01|7072.01|0|0|0|0|0|0|VA|09||||||0|0|06/01/2025|0|0
H6VA09102|MURPHY, ADAM|C|1|DEM|32750.96|0|23409.43|0|0|9341.53|2303|0|0|0|0|0|27347.96|VA|09||||||3100|0|03/31/2026|0|0
H6VA09136|POWERS, JOY|C|1|DEM|41702.48|0|28446.45|0|0|13256.03|351.39|0|0|0|0|0|41351.09|VA|09||||||0|0|03/31/2026|0|0
H0VA09055|GRIFFITH, H MORGAN|I|2|REP|1462404.58|0|1001098.41|500|463888.7|925194.87|0|0|0|0|0|0|411785.65|VA|09||||||1032177|0|03/31/2026|2.68|0
H4VA10238|BOYSKO, JENNIFER|O|1|DEM|0|0|841.47|0|841.47|0|0|0|0|0|0|0|0|VA|10||||||0|0|04/13/2025|0|0
H4VA10279|SUBRAMANYAM, SUHAS|I|1|DEM|991879.02|50413.32|476146.5|150|90833.44|606565.96|2170.56|0|0|0|0|0|658302.72|VA|10||||||270485|0|03/31/2026|5611|0
H4VA10303|DEVOE, MARION SR.|O|1|DEM|0|0|0|0|10395|0|0|0|0|0|0|0|0|VA|10||||||0|0|03/02/2026|0|0
H4VA10345|MALDONADO, MICHELLE ANN ELIZABETH|O|1|DEM|0|0|240|0|371.76|131.76|0|0|0|0|0|0|0|VA|10||||||0|0|03/31/2026|0|0
H8VA10080|HELMER, DANIEL|O|1|DEM|933.93|0|4163.62|0|3229.69|0|0|0|0|2399.77|0|281413.97|0|VA|10||||||0|0|06/26/2025|0|0
H8VA10106|WEXTON, JENNIFER|I|1|DEM|29.42|0|1574.15|0|1544.73|0|0|0|0|0|0|0|0|VA|10||||||0|0|03/31/2025|125|0
H0VA10186|ANDREWS, ALISCIA|O|2|REP|2890.5|0|4233.73|0|434.54|-908.69|0|0|0|0|0|0|914.69|VA|10||||||0|0|11/10/2025|174.53|0
H0VA11127|ANANTATMULA, MANGA|O|2|REP|15|0|386.2|0|476.2|105|0|0|0|0|0|1000|15|VA|10||||||0|0|04/16/2025|0|0
H2VA10224|MAX, CALEB J MR|C|2|REP|0|0|105|0|340.19|235.19|0|0|0|0|0|142875.59|0|VA|10||||||0|0|03/31/2026|0|0
H2VA10240|CAO, HUNG|C|2|REP|9935.86|0|194157.15|0|407805.63|223584.34|654.04|0|0|0|0|0|-75.85|VA|10||||||0|0|03/31/2026|554.4|-200
H2VA10265|TAYLOR, BROOKE|O|2|REP|0|0|2104.23|0|12607.24|10503.01|0|0|0|0|0|0|0|VA|10||||||0|0|03/31/2026|0|0
H2VA10273|BECKWITH, DAVID|C|2|REP|25665.43|0|4984.43|0|0|20681|0|0|0|0|0|0|25665.43|VA|10||||||0|0|03/31/2026|0|0
H2VA11206|CLANCY, MIKE|O|2|REP|0|0|1122.24|0|1122.24|0|0|0|0|1076.91|0|0|0|VA|10||||||0|0|03/05/2025|.7|0
H4VA10113|WASINGER, ROBERT K|O|2|REP|0|0|0|0|5|5|0|0|0|0|0|15092.63|0|VA|10||||||0|0|03/31/2026|0|0
H6VA10225|PERRY, JULIE|C|2|REP|8146.84|0|6967.84|0|0|1179|0|0|0|0|0|0|8146.84|VA|10||||||0|0|03/31/2026|0|0
H6VA10233|WONG, M. SAM|C|2|REP|176204.93|0|147006.73|0|0|29198.2|0|175000|0|0|0|175000|283.53|VA|10||||||0|0|03/31/2026|0|0
H6VA11066|WALKINSHAW, JAMES|I|1|DEM|2279096.13|0|1482860.32|0|0|796235.81|0|0|0|0|0|0|1515950.92|VA|11||||||753469.42|5000|03/31/2026|4419.5|2000
H6VA11074|PEKARSKY, STELLA|C|1|DEM|398266.11|0|395327.35|0|0|2938.76|0|250000|0|0|0|250000|128866.11|VA|11||||||19000|0|03/31/2026|0|5015
H6VA11082|BENNETT, CANDICE|O|1|DEM|37519.54|0|37325.46|0|1371.67|1565.75|8662.91|0|0|0|0|0|28856.63|VA|11||||||0|0|07/27/2025|0|0
H6VA11116|AISEN, JOSHUA|O|1|DEM|6495|0|6495|0|0|0|0|0|0|0|0|0|6495|VA|11||||||0|0|06/30/2025|100|0
H6VA11132|MARTINEZ NUCETE, LEO|O|1|DEM|220250|0|220250|0|0|0|38317|0|0|0|0|0|177783|VA|11||||||4150|0|08/25/2025|7050|150
H6VA11140|ROMA, AMY|C|1|DEM|1285227.09|0|1285227.09|0|0|0|355361.59|400000|0|400000|0|0|523865.5|VA|11||||||6000|0|03/31/2026|129510|0
H6VA11157|SHIN, IRENE|O|1|DEM|145935.2|0|145935.2|0|0|0|0|0|0|0|0|0|126935.2|VA|11||||||19000|0|07/31/2025|10006|3500
H6VA11165|LEE, DANIEL|O|1|DEM|137140.53|0|137140.53|0|0|0|100|58322|0|726.32|0|0|78221|VA|11||||||0|0|08/21/2025|8000|0
H6VA11199|PAPANU, AMY|O|1|DEM|96534.94|0|96534.94|0|0|0|80249.94|0|0|0|0|0|16285|VA|11||||||0|0|07/03/2025|0|0
H6VA11207|PUNNOOSE, PRIYA DR.|O|1|DEM|62295|0|62295|0|0|0|0|20000|0|4553.02|0|0|36295|VA|11||||||6000|0|10/28/2025|525|0
H6VA11231|FRAM, BREE|O|1|DEM|250630.51|0|114857.19|0|0|135773.32|0|0|0|0|0|0|250630.51|VA|11||||||0|0|03/31/2026|210|0
H8VA11062|CONNOLLY, GERALD EDWARD|I|1|DEM|718795.56|139700.3|2582507.83|100000|3500260.83|1636548.56|0|0|0|0|0|0|335912.14|VA|11||||||163550|0|03/31/2026|11266|5000
H2VA08152|LIPSMAN, KARINA|O|2|REP|22189.35|0|24759.46|0|2866.48|296.37|0|0|0|0|0|0|22180|VA|11||||||0|0|03/31/2026|900|0
H4VA11129|VAN METER, MICHAEL LEWIS|C|2|REP|4579.41|0|7678.05|0|3098.64|0|0|0|0|0|0|0|4579.41|VA|11||||||0|0|08/04/2025|0|0
H6VA11108|HEADRICK, NATHAN|C|2|REP|252394.7|0|252394.7|0|0|0|250000|0|0|0|0|0|2394.7|VA|11||||||0|0|09/18/2025|0|149267.41
H6VA11173|RAND, LUCAS|O|2|REP|50229.5|0|50229.5|0|0|0|3480|15200|0|0|0|0|31549.5|VA|11||||||0|0|09/30/2025|0|0
H6VA11215|WHITSON, STEWART|O|2|REP|268076.89|79453.48|268076.89|0|0|0|0|6426.55|0|6426.55|0|0|168268.38|VA|11||||||8250|5000|09/30/2025|125|0
H8VA11088|PORTER, STEVAN MICHAEL MR.|C|3|LIB|0|0|130.14|0|130.14|0|0|0|0|130.14|0|0|0|VA|11||||||0|0|06/30/2026|0|0
H2VI00082|PLASKETT, STACEY|I|1|DEM|628709.58|0|513640.61|0|11246.37|126315.34|0|0|0|0|0|24733.1|363758.97|VI|00||||||264500|0|03/31/2026|2612|0
H6VI01057|HELENESE, NICOLE TERI ANN|C|1|DEM|7900|0|7230.26|0|0|669.74|0|0|0|0|0|0|5400|VI|00||||||2500|0|03/31/2026|0|0
H6VI01065|SARAUW, JANELLE KAREN|C|3|IND|6913|0|2556.08|0|0|4356.92|0|0|0|0|0|0|6913|VI|00||||||0|0|03/31/2026|0|0
H2VT01076|BALINT, REBECCA 'BECCA'|I|1|DEM|738567.23|0|367647.04|0|145761.49|516681.68|0|0|0|0|0|1958.26|511283.3|VT|00||||||223700.01|779.16|03/31/2026|3033.5|8000
H4VT01056|COESTER, C. MARK MR|C|2|REP|32687.92|0|14066.95|0|-9070.44|9550.53|20896.54|0|0|0|0|114000|11791.38|VT|00||||||0|0|03/31/2026|0|0
H0WA08046|DELBENE, SUZAN K|I|1|DEM|2738775.86|259617|2427787.77|0|1063720.61|1374708.7|0|0|0|0|0|495000|1324767.79|WA|01||||||1137300|37.68|03/31/2026|17324|0
H6WA01212|GORDON, HUNTER|C|1|DEM|68971.6|0|51291.23|0|0|17680.37|0|44250|0|0|0|44250|23471.6|WA|01||||||0|0|03/31/2026|137|0
H2WA01252|CAVALERI, VINCENT|C|2|REP|0|0|3122|0|3122|0|0|0|0|0|0|0|0|WA|01||||||0|0|12/31/2025|0|0
H4WA01266|BREWER, JAMES E.|C|2|REP|0|0|1230.91|0|1230.91|0|0|0|0|0|0|0|0|WA|01||||||0|0|03/31/2025|0|0
H4WA01282|SILVA, MARY|C|2|REP|93.75|0|339.88|0|246.13|10|1.75|0|0|0|0|0|92|WA|01||||||0|0|03/31/2026|0|0
H8WA01077|BEELER, JEFFREY ALLEN SR.|C|2|REP|0|0|94.63|0|94.63|0|0|0|0|0|0|0|0|WA|01||||||0|0|06/30/2025|0|0
H6WA01220|ETZKORN, JAMES|C|3|IND|2656.06|0|754.84|0|0|1901.22|1000|0|0|0|0|0|1656.06|WA|01||||||0|0|03/31/2026|0|0
H0WA02080|LARSEN, RICK|I|1|DEM|1602896.76|0|1101991.6|0|247436.47|748341.63|0|0|0|0|0|0|641334.53|WA|02||||||920000|0|03/31/2026|1015|4000
H4WA02173|BINDA, JOSHUA|C|1|DEM|0|0|0|0|0|0|0|0|0|0|0|0|0|WA|02||||||0|0|03/31/2025|0|0
H2WA03134|HENNRICH, BRENT WILLIAM|C|1|DEM|167096.69|0|128579.1|0|39|39129.93|450|0|0|0|0|0|166646.69|WA|03||||||0|0|03/31/2026|0|0
H2WA03217|GLUESENKAMP PEREZ, MARIE|I|1|DEM|4548761.32|1872673.53|1119396.21|0|26460.37|3455825.48|0|0|0|0|0|0|1904067.19|WA|03||||||672810.91|1333.43|03/31/2026|16365.26|9550.01
H0WA03187|HERRERA BEUTLER, JAIME|I|2|REP|0|0|6202|0|6202|0|0|0|0|0|0|0|0|WA|03||||||0|0|03/31/2026|0|0
H2WA03100|KENT, JOSEPH|C|2|REP|84998.41|66983.79|84655.14|231|-1031.99|-688.72|0|0|0|40000|0|80000|2404|WA|03||||||2593|0|03/31/2026|560.8|5300
H2WA03118|YAKHOUR, WADI|C|2|REP|630.1|0|1061.39|0|480|48.71|630.1|0|0|0|0|0|0|WA|03||||||0|0|04/21/2026|0|0
H2WA03183|FRENCH, LESLIE LEIGH|C|2|REP|234.99|0|185.13|0|-6748.07|-6698.21|132|0|0|0|0|40053.78|55|WA|03||||||0|0|03/31/2026|0|0
H6WA03267|BARRAN, ANTONY|C|2|REP|44300.92|0|39156.24|0|0|5144.68|0|0|0|0|0|0|44300.92|WA|03||||||0|0|03/31/2026|0|0
H6WA03275|BRAUN, JOHN|C|2|REP|1196446.07|0|278506.53|0|0|917939.54|10735.79|600|0|0|0|600|1107540.27|WA|03||||||77570.01|0|03/31/2026|2847.92|0
H4WA04211|BOYD, CHERISSA BROOKS|C|1|DEM|0|0|354.58|0|674.64|320.06|0|0|0|0|0|4950|0|WA|04||||||0|0|02/04/2025|0|0
H6WA04190|DURESKY, JOHN|O|1|DEM|63754.05|0|21691.26|0|0|42062.79|850|0|0|0|0|0|60904.05|WA|04||||||500|1500|03/31/2026|0|0
H2WA04165|SESSLER, JERROD|O|2|REP|402499.36|5000|351125.57|0|75003.04|126376.83|8786.47|200681.35|0|143800|0|480235.54|187031.54|WA|04||||||0|1000|03/31/2026|0|0
H4WA04104|NEWHOUSE, DAN|I|2|REP|718855.67|6318.71|648908.06|0|104807.45|174755.06|0|0|0|0|0|1593.25|245232.04|WA|04||||||380954|0|03/31/2026|37085|41000
H4WA04179|SMILEY, TIFFANY|C|2|REP|0|0|22062.32|0|22062.32|0|0|0|0|0|0|0|0|WA|04||||||0|0|03/31/2025|0|0
H6WA04216|MCKINNEY, AMANDA|O|2|REP|523892.3|4730.32|72794.44|0|0|451097.86|13791.8|50000|0|0|0|120677.85|384862.18|WA|04||||||70500|0|03/31/2026|0|0
H6WA04224|BOEHNKE, MATTHEW|O|2|REP|58239.46|0|17818.05|0|0|40421.41|0|0|0|0|0|0|54702.39|WA|04||||||3500|0|03/31/2026|0|0
H6WA04232|HUGHS, JOHN C|O|2|REP|1305.39|0|1205.39|0|0|100|0|0|0|0|0|0|1305.39|WA|04||||||0|0|03/31/2026|0|0
H4WA05168|CONROY, CARMELA|C|1|DEM|300713.82|0|164611.05|0|13141.59|149244.36|7306.07|0|0|0|0|14599.29|282301.05|WA|05||||||1100|0|03/31/2026|266|0
H6WA05023|FOLEY, THOMAS S|C|1|DEM|917.4|0|250|0|19117.42|19909.82|0|0|0|0|0|0|0|WA|05||||||0|0|03/31/2026|0|0
H6WA05213|WOMACK, DAVID|C|1|DEM|56952.55|0|35845.31|0|0|21107.24|2979.21|0|0|0|0|0|53973.34|WA|05||||||0|0|03/31/2026|0|0
H6WA05221|MAVALWALLA, BAJUN|C|1|DEM|44903.38|0|26313.23|0|0|18590.15|1935.66|0|0|0|0|0|42967.72|WA|05||||||0|0|03/31/2026|0|0
H6WA05247|FAGAN, KEVIN|C|1|DEM|7417.34|0|2364.83|0|0|5052.51|0|0|0|0|0|0|7417.34|WA|05||||||0|0|03/31/2026|0|0
H4WA05192|MAYCUMBER, JACQUELIN|C|2|REP|0|0|0|0|0|0|0|0|0|0|0|0|0|WA|05||||||0|0|08/18/2025|0|0
H4WA05200|DANSEL, BRIAN|C|2|REP|0|0|3042.3|0|1521.15|0|0|0|0|0|0|0|0|WA|05||||||0|0|12/31/2025|0|0
H4WA05218|DANSEL, BRIAN|C|2|REP|0|0|3042.3|0|1521.15|0|0|0|0|0|0|0|0|WA|05||||||0|0|12/31/2025|0|0
H4WA05234|BAUMGARTNER, MICHAEL JAMES|I|2|REP|1413236.89|41126.01|632015.22|0|191564.67|972786.34|0|0|0|90100|0|0|1077979.01|WA|05||||||292550|0|03/31/2026|5878.14|0
H4WA05242|BINGLE, JONATHAN|C|2|REP|4640.17|0|4715.74|0|75.57|0|4640.17|0|0|0|0|0|0|WA|05||||||0|0|01/30/2026|0|0
H4WA05259|COOPER, TERRI KAY|C|2|REP|0|0|11000.39|0|11000.39|0|0|0|0|0|0|0|0|WA|05||||||0|0|05/05/2025|0|0
H2WA05097|DANIMUS, ANN MARIE|C|3|IND|11585.59|0|11117.6|0|22.94|490.93|0|1792.82|0|231.95|0|13854.57|9763.99|WA|05||||||0|0|03/31/2026|0|0
H6WA05197|CROFT, AARON MATTHEW|C|3|IND|6710|0|6698.92|0|-11.08|0|0|0|0|0|0|0|6710|WA|05||||||0|0|04/21/2026|3947.02|0
H6WA05239|POWELL, NATE|C|3|IND|133476.19|0|75280.47|0|0|58195.72|0|0|0|0|0|10017.85|130287.71|WA|05||||||3188.48|0|03/31/2026|0|0
H2WA06129|KILMER, DEREK|I|1|DEM|3742.71|0|121024.57|0|638922.94|521641.08|0|0|0|0|0|0|0|WA|06||||||0|0|03/31/2026|0|0
H4WA06109|FRANZ, HILARY|O|1|DEM|0|0|0|0|0|0|0|0|0|0|0|0|0|WA|06||||||0|0|01/31/2025|0|0
H4WA06117|RANDALL, EMILY|I|1|DEM|948185.15|1594.29|772856.86|0|27871.68|203199.97|0|0|0|0|0|0|685743.01|WA|06||||||257031.07|0|03/31/2026|2000.59|2500
H0WA06081|KREISELMAIER, ELIZABETH|O|2|REP|0|0|1365.39|0|1365.39|0|0|0|0|1365.39|0|0|0|WA|06||||||0|0|09/30/2025|0|0
H6WA07458|JAYAPAL, PRAMILA|I|1|DEM|2014217.73|61450|2053008.72|0|2012724.77|1973933.78|0|0|0|0|0|0|1716318.07|WA|07||||||234500|0|03/31/2026|42295.45|1750
H2WA07127|MOON, CLIFFORD E|C|2|REP|0|0|193.9|0|-19120.97|-19314.87|0|0|0|0|0|1500|0|WA|07||||||0|0|03/31/2026|0|0
H8WA08189|SCHRIER, KIM DR.|I|1|DEM|2449112.81|12407.53|982947.87|0|1821622.67|3287787.61|0|0|0|0|0|0|1674759.55|WA|08||||||725500|0|03/31/2026|5797.11|7500
H2WA08182|LARKIN, MATT MR|C|2|REP|0|0|0|0|2667.9|2667.9|0|0|0|0|0|1158500|0|WA|08||||||0|0|03/31/2026|0|0
H4WA08139|CARMEN, GOERS|C|2|REP|20540|0|20789.23|0|249.23|0|20500|0|0|0|0|0|40|WA|08||||||0|0|07/30/2025|0|0
H6WA08126|HAGGLUND, BOB|C|2|REP|1126.23|0|19.94|0|0|1106.29|0|0|0|0|0|0|1126.23|WA|08||||||0|0|03/31/2026|0|0
H6WA08142|VALLEZA, ANDRES R MR.|C|2|REP|18105.03|0|17776.77|0|78.35|406.61|591.94|0|0|0|0|0|17513.09|WA|08||||||0|0|03/31/2026|0|0
H6WA08159|HA, TRINH DR.|C|2|REP|102951.05|0|19753.97|0|0|83197.08|13478.55|15000|0|0|0|51054.52|73972.5|WA|08||||||0|0|03/31/2026|0|0
H6WA08167|MELINE, SPENCER HARRISON|C|2|REP|34145|0|914.24|0|0|33230.76|0|15000|0|0|0|15000|19145|WA|08||||||0|0|03/31/2026|0|0
H4WA09095|CHAUDHRY, MELISSA|C|1|DEM|3507.38|0|27926.43|0|118743.21|117363.28|0|0|0|0|0|0|1504.92|WA|09||||||0|0|03/31/2026|0|0
H6WA09025|SMITH, D. ADAM|I|1|DEM|1128649.66|0|852274.96|0|570752.82|847127.52|0|0|0|0|0|0|707736.64|WA|09||||||420250|75.2|03/31/2026|22390.42|0
H4WA09061|BASLER, DOUGLAS MICHAEL|C|2|REP|0|0|0|0|-2516.33|-2516.33|0|0|0|0|0|0|0|WA|09||||||0|0|03/31/2026|0|0
H6WA09082|SAWANT, KSHAMA|C|3|IND|449222.16|0|440109.78|0|0|9112.38|0|0|0|0|0|0|449222.16|WA|09||||||0|0|03/31/2026|862.28|0
H0WA10034|STRICKLAND, MARILYN|I|1|DEM|1161277.62|0|939436.27|0|580587.75|802429.1|0|0|0|0|0|50000|687008.05|WA|10||||||469452|0|03/31/2026|1470.69|0
H0WI01104|RANDAZZA-PADE, JOSHUA JERRY|C|1|DEM|0|0|0|0|0|0|0|0|0|0|0|123.68|0|WI|01||||||0|0|12/31/2025|0|0
H2WI01100|ROE, ANN|C|1|DEM|0|0|9900|0|11475.17|1575.17|0|0|0|0|0|0|0|WI|01||||||0|0|03/31/2026|0|0
H4WI01056|BARCA, PETER WILLIAM|C|1|DEM|3749|0|20658.49|0|16909.49|0|0|0|0|11571.2|0|18304.22|1250|WI|01||||||1499|1000|02/27/2025|0|0
H4WI01163|SANTOS, LORENZO JUAN|C|1|DEM|0|0|373.6|373.6|373.6|0|0|0|0|0|0|0|0|WI|01||||||0|0|03/31/2026|0|0
H4WI01197|BARCA, PETER|C|1|DEM|3749|0|20658.49|0|16909.49|0|0|0|0|11571.2|0|18304.22|1250|WI|01||||||1499|1000|02/27/2025|0|0
H6WI01267|FOLLMER, ADAM|C|1|DEM|5131.38|0|31.38|0|0|5100|131.38|5000|0|0|0|5000|0|WI|01||||||0|0|03/31/2026|0|0
H6WI01275|STILLS, GAGE JAMES|C|1|DEM|1649.91|0|962.2|0|0|687.71|0|0|0|0|0|0|1649.91|WI|01||||||0|0|09/30/2025|0|0
H6WI01283|BERMAN, MITCHELL|C|1|DEM|426671.72|0|286071.2|0|0|140600.52|0|0|0|0|0|0|419171.72|WI|01||||||7500|0|03/31/2026|3010|0
H6WI01291|ARANDA, MIGUEL|C|1|DEM|7722.62|0|1270.94|0|6380|12831.68|0|0|0|0|0|0|7706|WI|01||||||16.62|0|03/31/2026|0|0
H8WI01123|BRYCE, RANDY|C|1|DEM|45618.73|0|36854.72|0|0|8764.01|0|0|0|0|0|0|45618.73|WI|01||||||0|0|03/31/2026|0|0
H8WI01149|POLCE, NICK|O|2|REP|0|0|0|0|0|0|0|0|0|0|0|0|0|WI|01||||||0|0|09/17/2025|0|0
H8WI01156|STEIL, BRYAN GEORGE|I|2|REP|4376364.75|1779950.18|1031407.81|0|2219170.37|5564127.31|0|0|0|0|0|0|1138299.31|WI|01||||||1351052|0|03/31/2026|4485.87|4500
H4WI01205|TODD, CHESTER|C|3|GRE|140|0|5197.27|0|27.99|1770.02|0|0|0|0|0|0|140|WI|01||||||0|0|10/16/2025|0|0
H2WI02124|POCAN, MARK|I|1|DEM|643149.09|0|672984.03|0|1002216.96|972382.02|0|0|0|0|0|0|302466.66|WI|02||||||303610|0|03/31/2026|484|0
H2WI02173|BARRY, CHARITY|C|2|REP|3825.84|0|3986.07|0|167.11|6.88|2019.43|0|0|0|0|0|679.41|WI|02||||||0|0|03/31/2026|0|0
H2WI02181|OLSEN, ERIK|C|2|REP|2840|0|3414.6|0|617|0|2790|0|0|0|0|0|50|WI|02||||||0|0|09/12/2025|0|0
H8WI02121|THERON, DANIEL PETER|C|2|REP|0|0|0|0|4708.19|4708.19|0|0|0|0|0|9000|0|WI|02||||||0|0|03/31/2026|0|0
H2WI03130|COOKE, REBECCA|C|1|DEM|6491571.36|701509.39|2077081.69|0|10139.52|4424629.19|0|0|0|0|0|0|5442450.2|WI|03||||||347125.01|0|03/31/2026|32841.05|7000
H4WI03169|COOKE, REBECCA|C|1|DEM|6491571.36|701509.39|2077081.69|0|10139.52|4424629.19|0|0|0|0|0|0|5442450.2|WI|03||||||347125.01|0|03/31/2026|32841.05|7000
H4WI03201|SHANKLAND, KATRINA|C|1|DEM|2388|0|3814.6|0|2353.07|926.47|0|0|0|0|0|3750.73|0|WI|03||||||0|0|03/31/2026|0|0
H4WI03219|WILSON, ERIC|C|1|DEM|20753.35|0|21073.22|0|319.87|0|20753.13|0|0|7000|0|0|0|WI|03||||||0|0|03/31/2026|6.09|0
H6WI03099|KIND, RONALD JAMES|I|1|DEM|15872.52|0|94672.17|0|554507.6|475707.95|0|0|0|0|0|0|0|WI|03||||||0|0|03/31/2026|0|0
H6WI03172|BERGE, EMILY|C|1|DEM|565651.05|0|468773.01|0|0|96878.04|1053.04|0|0|0|0|0|563697.99|WI|03||||||900|0|03/31/2026|931.11|0
H6WI03180|BENJAMIN, LAURA S|C|1|DEM|32065.67|0|25372.65|0|0|6693.02|0|10000|0|0|0|10000|21917.73|WI|03||||||0|0|09/30/2025|400|0
H0WI03175|VAN ORDEN, DERRICK F. MR.|I|2|REP|5677514.78|1627232.39|2385497.22|0|516806.06|3808823.62|0|0|0|0|0|193779.68|3209197.86|WI|03||||||808241.95|10000|03/31/2026|111476.3|500
H4WI04183|MOORE, GWEN S|I|1|DEM|844348.91|0|795038.2|0|22247.45|71558.16|668|0|0|0|0|4880|327378.28|WI|04||||||512050|32.67|03/31/2026|321|0
H6WI04071|DONAHUE, AMY|C|1|DEM|5672.52|0|2544.06|1252|0|3128.46|3600|0|0|0|0|0|2072.52|WI|04||||||0|0|03/31/2026|0|0
H4WI04282|NATH, PURNIMA|C|2|REP|0|0|1441.78|0|6610.35|5168.57|0|0|0|0|0|0|0|WI|04||||||0|0|03/31/2026|0|0
H4WI05115|STEINHOFF, BEN|C|1|DEM|2556.72|0|7527.13|0|7391.43|-7578.21|0|0|0|0|0|1000|2556.72|WI|05||||||0|0|03/31/2026|0|0
H6WI05136|BECK, ANDREW|C|1|DEM|6320.26|0|5158.86|0|176.16|1297.56|1200|0|0|0|0|0|5120.26|WI|05||||||0|0|03/31/2026|0|0
H0WI05113|FITZGERALD, SCOTT|I|2|REP|1058656.74|13777.28|432835.64|0|837605.8|1463426.9|0|0|0|0|0|0|383905.31|WI|05||||||660000|500|03/31/2026|30.15|0
H4WI06139|ZARBANO, JOHN|C|1|DEM|0|0|91.34|0|91.34|0|0|0|0|0|0|0|0|WI|06||||||0|0|01/01/2025|0|0
H6WI06142|WOJCIECHOWSKI, AARON MICHAEL|C|1|DEM|44015.37|169.84|44015.37|0|0|0|50.01|22000|0|2857.16|0|19142.84|20545.52|WI|06||||||1250|0|06/30/2026|0|0
H6WI06167|MARSCHALL, JOEY|C|1|DEM|201|0|9.7|0|0|191.3|1|0|0|0|0|0|200|WI|06||||||0|0|06/30/2025|0|0
H6WI06175|HEIDENREICH, MICHAEL|C|1|DEM|3286.34|0|2459.94|0|0|826.4|116.34|0|0|0|0|0|3170|WI|06||||||0|0|03/31/2026|0|0
H6WI06191|SMITH, BRADLEY|C|1|DEM|81312.17|0|28124.36|0|0|53187.81|10984.81|0|0|0|0|0|69644.45|WI|06||||||0|0|03/31/2026|0|0
H6WI06217|BELL, AMANDA H|C|1|DEM|14526.82|0|11517.88|0|0|3008.94|548.28|0|0|0|0|0|13854.38|WI|06||||||0|0|03/31/2026|0|0
H6WI06225|BELL, AMANDA H|C|1|DEM|14526.82|0|11517.88|0|0|3008.94|548.28|0|0|0|0|0|13854.38|WI|06||||||0|0|03/31/2026|0|0
H2WI06067|MULLENIX, DOUGLAS|C|2|REP|0|0|0|0|15092.21|15092.21|0|0|0|0|0|43613|0|WI|06||||||0|0|03/31/2026|0|0
H4WI06048|GROTHMAN, GLENN S.|I|2|REP|634544.95|0|456744.35|0|522489.71|700290.31|0|0|0|0|0|139110|437825.77|WI|06||||||196000|0|03/31/2026|25|0
H6WI06233|THUROW, MICHAEL|C|3|IND|50676.25|0|26187.63|0|0|24488.62|0|0|0|0|0|0|50426.25|WI|06||||||250|0|03/31/2026|0|0
H6WI07199|ARMSTRONG, CHRISTOPHER CAMPBELL|O|1|DEM|31323|0|27938.22|0|0|3384.78|0|0|0|0|0|0|31073|WI|07||||||250|0|03/31/2026|20|0
H6WI07207|CLARK, FREDERIC|O|1|DEM|275258.27|0|118042.32|0|0|157215.95|0|5000|0|0|0|5000|262866.26|WI|07||||||5500|0|03/31/2026|0|0
H6WI07231|MURRAY, GINGER L|O|1|DEM|115003.19|0|30590.33|0|0|84412.86|0|100000|0|0|0|102563.26|15003.19|WI|07||||||0|0|03/31/2026|0|0
H0WI03159|EBBEN, JESSI|O|2|REP|447127.17|0|147986.52|0|1602.32|300742.97|41500|50000|0|0|41500|50000|331819.34|WI|07||||||23797.95|0|03/31/2026|282.41|0
H0WI07051|DUFFY, SEAN|I|2|REP|224130.76|0|1073405.18|0|2078242.75|1228968.33|0|0|0|0|0|0|0|WI|07||||||0|0|03/31/2026|0|0
H0WI07101|TIFFANY, TOM|I|2|REP|170882.01|0|318499.39|0|175940.38|28323|0|0|0|0|0|0|118513.01|WI|07||||||52328|0|03/31/2026|22750|6000
H6WI07215|WASSGREN, PAUL|O|2|REP|3403893.8|0|1682753.51|0|0|1721140.29|40365.96|3200000|0|1200000|0|2000000|103960.22|WI|07||||||0|0|03/31/2026|0|0
H6WI07223|ALFONSO, MICHAEL|O|2|REP|914360.74|0|182541.82|0|0|731818.92|0|0|0|0|0|0|750860.74|WI|07||||||163500|0|03/31/2026|11310.58|0
H6WI07249|HERMENING, KEVIN|O|2|REP|1092039.78|0|223695.08|0|0|868344.7|34184.92|1000126.97|0|0|0|1000126.97|22907.83|WI|07||||||0|0|03/31/2026|0|0
H6WI07256|THRELFALL-BAUM, NIINA|O|2|REP|6076|0|5847.45|0|0|228.55|3600|0|0|0|0|1337.53|2476|WI|07||||||0|0|03/31/2026|0|0
H0WI08125|STUCK, AMANDA|C|1|DEM|0|0|0|0|36.31|36.31|0|0|0|0|0|0|0|WI|08||||||0|0|03/31/2026|0|0
H4WI08101|LYERLY, KRISTIN|O|1|DEM|5409.02|0|27516.04|0|25609.43|3502.41|0|0|0|0|0|0|0|WI|08||||||0|0|09/30/2025|0|0
H4WI08127|EISENHEIM, ERIK BRIAN MR.|O|1|DEM|7785.98|0|7708.28|0|35|112.7|0|7298.09|0|0|0|18824.93|70|WI|08||||||0|0|03/31/2026|0|0
H6WI08197|SCHEFFLER, MARK CHRISTOPHER|C|1|DEM|91546|0|73626.59|417.15|0|17919.41|15100|15000|0|0|0|15000|61446|WI|08||||||0|0|03/31/2026|0|0
H6WI08205|CROSSON, RICK|C|1|DEM|23772.57|0|10981.49|0|5097.92|15588.89|1500|0|0|0|0|0|22272.57|WI|08||||||0|0|03/31/2026|0|0
H4WI08093|JACQUE, ANDRE|O|2|REP|0|0|0|0|0|0|0|0|0|0|0|0|0|WI|08||||||0|0|03/31/2026|0|0
H4WI08119|WIED, TONY|I|2|REP|831540.14|16048.4|449391.49|0|45230.5|427379.15|0|0|0|0|0|631910.58|362979.01|WI|08||||||451500|0|03/31/2026|0|2000
H6WV01137|AGUIRRE, BRITTA|C|1|DEM|164893|0|157426.19|0|0|7466.81|0|0|0|0|0|0|162672.55|WV|01||||||2220.45|0|04/22/2026|2086|0
H6WV01160|GEORGE, VINCENT RAYMOND MR.|C|1|DEM|256235|0|0|0|0|256235|0|240000|0|0|0|240000|16235|WV|01||||||0|0|04/22/2026|0|0
H4WV01058|EVANS, JONATHAN DERRICK|C|2|REP|1215521.63|0|1171561.84|0|60930.78|104890.57|0|0|0|0|0|0|1184917.44|WV|01||||||0|0|04/22/2026|1969.45|0
H6WV01111|JACKSON, LARRY|C|2|REP|102109.5|0|72174.71|0|1000|30934.79|0|94000|0|0|0|100000|8109.5|WV|01||||||0|0|03/31/2026|0|0
H8WV03097|MILLER, CAROL DEVINE|I|2|REP|1431576.28|0|941654.18|0|239541.98|729464.08|0|0|0|0|0|417992.72|421286.53|WV|01||||||1008388.58|0|04/22/2026|0|250
H4WV01074|HOLDEN, WES|C|3|IND|0|0|431.75|0|416.54|-15.21|0|0|0|0|0|10213|0|WV|01||||||0|0|04/15/2025|0|0
H4WV02247|WENDELIN, STEVEN COMMANDER USN, (RET)|C|1|DEM|17642.8|1000|13152.95|0|260|4749.85|4538.5|0|0|0|0|0|12086.18|WV|02||||||0|0|04/22/2026|0|0
H6WV02150|PARSI, AHSAN|C|1|DEM|76263.63|0|53200.2|0|0|23063.43|40|0|0|0|0|0|76223.63|WV|02||||||0|0|04/22/2026|0|0
H6WV02184|TOMANA, STEPHANIE|C|1|DEM|15836.56|0|11756.63|0|0|4079.93|6171.57|0|0|0|0|0|9664.99|WV|02||||||0|0|04/22/2026|0|0
H8WV02073|UNGER, JOHN R II|C|1|DEM|66.9|0|0|0|47996.35|48063.25|0|0|0|0|0|0|0|WV|02||||||0|0|03/31/2026|0|0
H4WV02197|GAASERUD, ALEXANDER|O|2|REP|0|0|0|0|20.86|20.86|0|0|0|0|0|0|0|WV|02||||||0|0|03/31/2026|0|0
H4WV02205|MOORE, RILEY|I|2|REP|1133936.61|281530.39|571785.15|0|122962.83|685114.29|0|0|0|0|0|60882.19|428641.97|WV|02||||||423750|0|04/22/2026|1360|0
H4WV02213|EARLEY, JOSEPH FREDERICK|O|2|REP|0|0|0|0|0|0|0|0|0|0|0|0|0|WV|02||||||0|0|02/01/2025|0|0
H4WV02254|WALKER, CHRISTOPHER|O|2|REP|1693.75|0|1419.22|0|230.21|504.74|1600|0|0|0|0|87000|93.75|WV|02||||||0|0|03/31/2026|60|0
H4WV03070|JENKINS, EVAN H|I|2|REP|0|0|0|0|10.26|10.26|0|0|0|0|0|600|0|WV|03||||||0|0|03/31/2026|0|0
H0WY01036|GREYBULL, LYNNETTE|C|1|DEM|0|0|360|0|584.93|224.93|0|0|0|0|0|1460|0|WY|00||||||0|0|03/31/2026|0|0
H4WY00196|CAMERON, KYLE G.|C|1|DEM|0|0|0|0|0|0|0|0|0|0|0|0|0|WY|00||||||0|0|06/30/2025|0|0
H2WY00166|HAGEMAN, HARRIET|I|2|REP|1555542.88|181288.13|1278925.42|0|882963.04|1159580.5|0|0|0|0|0|0|996770.72|WY|00||||||277000|62000|03/31/2026|3900|0
H6WY00217|GRAY, CHUCK|O|2|REP|921132|0|127373.58|0|0|793758.42|0|737000|0|0|0|737000|180726|WY|00||||||0|2500|03/31/2026|0|0
H6WY00225|BALOW, JILLIAN|O|2|REP|155689.17|0|2623.23|0|0|153065.94|125000|0|0|0|0|125000|30689.17|WY|00||||||0|0|03/31/2026|0|0
H6WY00233|GIRALT, DAVID|O|2|REP|116542.67|0|10854.7|0|0|105687.97|0|30247.45|0|0|0|32589.2|68295.22|WY|00||||||18000|0|03/31/2026|0|0
H6WY00241|BITEMAN, DENNIS BO DEAN II|O|2|REP|29585.14|0|3277.72|0|0|26307.42|0|0|0|0|0|7690|29585.14|WY|00||||||0|0|03/31/2026|0|0
H6WY01116|RASNER, REID|O|2|REP|1263932.2|0|1118452.1|0|12453|157933.1|9072.52|1208500|0|9177.43|0|1249322.57|45792.81|WY|00||||||0|0|03/31/2026|615.38|0
H6WY01157|CHAPMAN, FRANK|O|2|REP|561783.31|0|54250.2|0|0|507533.11|0|560000|0|0|0|560000|1782.37|WY|00||||||0|0|03/31/2026|0|0
H8WY00148|LUMMIS, CYNTHIA MARIE|I|2|REP|1493103.64|331332.77|561688.66|0|677339.73|1608754.71|0|0|0|0|0|0|402561.34|WY|00||||||697132.24|62000|03/31/2026|2464.01|0
P00006213|DELANEY, JOHN K.|C|1|DEM|1500|0|1620|0|547.43|427.43|1500|0|0|0|0|1493250|0|00|00||||||0|0|03/31/2026|0|0
P00009225|SENEY, RAYMOND J|C|1|DEM|0|0|0|0|214.75|214.75|0|0|0|0|0|1800|0|00|00||||||0|0|03/31/2026|0|0
P00009621|WARREN, ELIZABETH|C|1|DEM|6314.29|0|5826.26|0|1647.12|2135.15|0|0|0|0|0|0|0|00|00||||||0|0|03/31/2026|0|0
P00009910|WILLIAMSON, MARIANNE|C|1|DEM|2024.14|0|5476.07|0|3451.93|0|992.36|0|0|0|0|3151.9|0|00|00||||||0|0|04/03/2025|-5454.27|0
P00012054|DE BLASIO, BILL|C|1|DEM|0|0|2431.83|0|2431.83|0|0|0|0|0|0|0|0|00|00||||||0|0|12/05/2025|-58.56|0
P00013045|POPE SR, WAYNE ANTHONY||1|DEM|18459|0|18459|0|0|0|18459|0|0|0|0|0|18459|00|00||||||0|0|10/15/2025|18459|0
P00014530|BLOOMBERG, MICHAEL R.|C|1|DEM|20712.81|0|0|0|3214938.93|3235651.74|0|0|0|0|0|0|0|00|00||||||0|0|03/31/2026|0|0
P40002347|EDWARDS, JOHN|O|1|DEM|0|0|0|0|0|0|0|0|0|0|0|331586.46|0|00|00||||||0|0|03/31/2026|0|0
P40007676|SMYTH, HERBERT EZEKIEL ZEKE|C|1|DEM|0|0|0|0|0|0|0|0|0|0|0|0|0|00|00||||||0|0|09/11/2025|0|0
P40010514|PEREZ-SERRATO, ARMANDO|C|1|DEM|32400|0|11200|0|-18700|2500|32400|0|0|4500|0|0|0|00|00||||||0|0|12/31/2025|6700|0
P40013716|BUKOVINAC, TERRISA LIN|C|1|DEM|0|0|0|0|-461.69|-461.69|0|0|0|0|0|573.81|0|00|00||||||0|0|03/31/2026|0|0
P40016024|PALMER, JASON MICHAEL MR.|C|1|DEM|0|0|0|0|0|0|0|0|0|0|0|688710|0|00|00||||||0|0|03/31/2026|0|0
P40016131|PHILLIPS, DEAN|C|1|DEM|36.79|0|1102.3|0|4681.65|3616.14|0|0|0|0|0|5535000|0|00|00||||||0|0|03/31/2026|0|0
P60007168|SANDERS, BERNARD|C|1|DEM|71372.47|0|-39651.83|0|65637.97|176662.27|0|0|0|0|0|0|0|00|00||||||0|0|03/31/2026|270|0
P60007176|FAAS, SOURAYA|C|1|DEM|0|0|0|0|0|0|0|0|0|0|0|9300|0|00|00||||||0|0|03/31/2026|0|0
P80000268|CARTER, WILLIE FELIX||1|DEM|4176|0|3923.43|0|62.14|99.94|4176|0|0|0|0|1250|0|00|00||||||0|0|03/31/2026|0|0
P00010033|VILLARI, TIMOTHY||2|REP|8227.92|0|68297.32|0|60069.4|0|0|8227.92|0|68297.32|0|0|0|00|00||||||0|0|09/30/2025|0|0
P00011239|WELD, WILLIAM FLOYD (BILL)|C|2|REP|0|0|0|0|15.7|15.7|0|0|0|0|0|386367.3|0|00|00||||||0|0|03/31/2026|0|0
P00013649|SANFORD, MARSHALL HON|C|2|REP|192047.58|0|22431.22|0|1323503.03|1493119.39|0|0|0|0|0|0|0|00|00||||||0|0|03/31/2026|0|0
P00014357|BUCHSER-LOCHOCKI, SUSAN|C|2|REP|103|0|184.22|0|11803.84|11722.62|100|0|0|0|0|7000|3|00|00||||||0|0|03/31/2026|0|0
P20002721|SANTORUM, RICHARD J.|O|2|REP|2|0|0|0|1721.35|1723.35|0|0|0|0|0|983606.46|2|00|00||||||0|0|03/31/2026|0|0
P20002978|BACHMANN, MICHELE|C|2|REP|185.89|0|77125.01|0|1156412.6|1079473.48|0|0|0|0|0|1914.4|0|00|00||||||0|0|03/31/2026|0|0
P40003824|FRAYER, DONALD ROBERT|C|2|REP|0|0|0|0|-1076.41|-1076.41|0|0|0|0|0|0|0|00|00||||||0|0|03/31/2026|0|0
P40007650|RUOHO, MICHAEL JEFFREY|C|2|REP|0|0|550|0|413.65|-136.35|0|0|0|0|0|0|0|00|00||||||0|0|03/31/2025|0|0
P40010415|NORRIS, JIM ALEXANDER SR||2|REP|0|0|775779979|0|775779979|-775779979|0|0|0|0|0|0|0|00|00||||||0|0|09/30/2025|0|0
P40011868|BINKLEY, RYAN|C|2|REP|15500|0|15515.93|0|1491.02|1475.09|0|15500|0|0|0|11073000|0|00|00||||||0|0|03/31/2026|0|0
P40012155|SCOTT, TIMOTHY E.|C|2|REP|4407149.25|394101.06|5156351.59|0|5717522.55|4968320.21|0|0|0|0|0|0|3681412.15|00|00||||||153300|0|03/31/2026|12861.68|0
P40012593|ELDER, LARRY|C|2|REP|0|0|635|0|772.01|137.01|0|0|0|0|0|149395.5|0|00|00||||||0|0|03/31/2026|0|0
P40013435|PENCE, MIKE|C|2|REP|35477.46|0|177946.44|0|229211.83|86742.85|0|0|0|0|0|126763.6|0|00|00||||||0|0|03/31/2026|0|0
P40013518|BURGUM, DOUG|C|2|REP|-103.4|0|886.46|0|989.86|0|0|0|0|695.77|0|0|-513|00|00||||||0|0|03/31/2025|0|0
P40015992|STUCKENBERG, DAVID JAMES|C|2|REP|0|0|0|0|41102|41102|0|0|0|0|0|154090.05|0|00|00||||||0|0|11/30/2025|0|0
P40016412|CLEMENT, CHRISTINA LOREN REV DR LLC|C|2|REP|50250930|0|2234.41|0|0|50248695.59|0|50250000|0|0|0|50250000|930|00|00||||||0|0|03/31/2026|0|0
P60003654|GINGRICH, NEWT|C|2|REP|5.43|0|50|0|118.43|73.86|0|0|0|0|0|4639534.55|0|00|00||||||0|0|03/31/2026|0|0
P60006111|CRUZ, RAFAEL EDWARD "TED"|O|2|REP|0|0|0|0|32048.27|32048.27|0|0|0|0|0|0|0|00|00||||||0|0|03/31/2026|0|0
P60006723|RUBIO, MARCO|O|2|REP|0|0|0|0|3609.89|3609.89|0|0|0|0|0|827657.12|0|00|00||||||0|0|03/31/2026|0|0
P60007572|PATAKI, GEORGE E|O|2|REP|0|0|270|0|3124.87|2854.87|0|0|0|0|0|20000|0|00|00||||||0|0|03/31/2026|0|0
P60008521|CHRISTIE, CHRIS|C|2|REP|0|0|12014.38|0|32731.57|20717.19|0|0|0|0|0|0|0|00|00||||||0|0|03/31/2026|0|0
P80006497|CHEADER, ROBERT||2|REP|0|0|0|0|0|0|0|0|0|0|0|0|0|00|00||||||0|0|07/01/2025|0|0
P80007255|MAXWELL, STEPHEN CORTNEY MR.||2|REP|1825.3|0|0|0|0|662.74|1244.02|581.28|0|0|0|0|0|00|00||||||0|0|03/31/2026|0|0
P80007982|LE, JIMMY T MR SR||2|REP|0|0|0|0|-5227.21|-5227.21|0|0|0|0|0|7658.9|0|00|00||||||0|0|12/31/2025|0|0
P80008808|SHIMP, FOGEL G||2|REP|0|0|0|0|0|0|0|0|0|0|0|0|0|00|00||||||0|0|03/31/2026|0|0
P40021420|UCHE, MAUREEN ALLAH|C|3|AMP|0|0|0|0|0|0|0|0|0|0|0|0|0|00|00||||||0|0|04/14/2025|0|0
P40021446|UCHE, MAUREEN ALLAH|C|3|AMP|0|0|0|0|0|0|0|0|0|0|0|0|0|00|00||||||0|0|04/14/2025|0|0
P00016741|WEST, KANYE|C|3|BDY|0|0|0|0|0|0|0|0|0|0|0|0|0|00|00||||||0|0|06/30/2025|-41000|0
P20003984|STEIN, JILL|C|3|GRE|5001|0|43994.05|5000|45636.55|6643.5|0|0|0|0|0|0|5001|00|00||||||0|0|03/31/2026|0|0
P00003962|SCHRINER, JOSEPH CHARLES|C|3|IND|0|0|0|0|15|15|0|0|0|0|0|0|0|00|00||||||0|0|03/31/2026|0|0
P00007823|LEE, HUHNKIE||3|IND|2720|0|2820|0|8290|8190|0|0|0|0|0|0|2720|00|00||||||0|0|03/31/2026|0|0
P00010660|MCCRAY, VALERIE LIN DR.|C|3|IND|5203.07|0|6189.82|0|990.75|4979.56|0|4500.07|0|0|0|671.07|703|00|00||||||0|0|12/31/2025|0|0
P00012039|CHARLES, MARK R.|C|3|IND|0|0|1580.51|0|1580.51|0|0|0|0|0|0|0|0|00|00||||||0|0|01/24/2025|0|0
P00015297|AVOURIS, AARON PATRICK||3|IND|1.98|0|0|0|0|6.98|1.98|0|0|0|0|0|0|00|00||||||0|0|03/31/2026|0|0
P40004459|PULLIAM, ALANDER LEE JR|C|3|IND|0|0|2000000|0|2432784|432784|0|0|0|0|0|1852000|0|00|00||||||0|0|08/28/2025|0|2000000
P40006520|CORDOVA, VINCENT DEAN MR. JR.|C|3|IND|5000|0|0|0|0|5000|5000|0|0|0|0|0|0|00|00||||||0|0|03/31/2026|0|0
P40008963|GLASS, ANGELA||3|IND|0|0|0|0|0|0|0|0|0|0|0|0|0|00|00||||||0|0|07/20/2025|0|0
P40011793|KENNEDY, ROBERT F JR|C|3|IND|2580815.73|75589.27|3319993.64|0|739177.91|0|0|0|0|0|0|0|1085505.69|00|00||||||0|0|03/31/2026|39486.31|0
P40012015|AYYADURAI, SHIVA DR.||3|IND|22241.7|0|32360.44|0|22622.79|12504.05|19259.98|0|0|0|0|0|2981.72|00|00||||||0|0|03/31/2026|0|0
P40013708|WEST, CORNEL|C|3|IND|27796.43|0|30296.6|0|2238.03|-262.14|0|0|0|0|0|72604.55|27658.33|00|00||||||0|0|03/31/2026|1228.45|0
P40015281|OSORNIO, ANGEL|C|3|IND|0|0|0|0|-5057.34|-5057.34|0|0|0|0|0|0|0|00|00||||||0|0|03/31/2025|0|0
P40019507|BELL, DOUGLAS MR|C|3|IND|0|0|49.45|0|49.45|0|0|0|0|24.45|0|100|0|00|00||||||0|0|02/19/2025|0|0
P40019523|BELL, DOUGLAS|C|3|IND|0|0|49.45|0|49.45|0|0|0|0|24.45|0|100|0|00|00||||||0|0|02/19/2025|0|0
P60003076|KEYES, ALAN L|O|3|IND|0|0|0|0|0|0|0|0|0|0|0|296843.91|0|00|00||||||0|0|03/31/2026|0|0
P60008125|CORNELL, PHILIP MR.|O|3|IND|0|0|0|0|0|0|0|0|0|0|0|0|0|00|00||||||0|0|04/09/2026|0|0
P60022654|MCMULLIN, EVAN / MINDY FINN|O|3|IND|0|0|0|0|86.29|86.29|0|0|0|0|0|664330.95|0|00|00||||||0|0|03/31/2026|0|0
P80008055|COBB, BENJAMIN ALLEN||3|IND|309.97|0|307.97|0|0|2|32.97|0|0|0|0|0|2|00|00||||||0|275|12/31/2025|0|0
P80008121|WILLIAMS, LANCE A. DR.||3|IND|11570|0|6828.46|0|0|4741.54|1025|10000|0|0|0|10000|545|00|00||||||0|0|03/31/2026|545|0
P80008659|PIXLEY, JARED ALAN||3|IND|250|0|245|0|0|5|150|0|0|0|0|0|100|00|00||||||0|0|03/31/2026|0|0
P80008949|JOHNSON, BARBARA ANN||3|IND|0|0|0|0|0|0|0|0|0|0|0|0|0|00|00||||||0|0|12/31/2025|0|0
P80009194|LOWE, MICHAEL WAYNE JR||3|IND|0|0|0|0|0|0|0|0|0|0|0|0|0|00|00||||||0|0|03/20/2026|0|0
P40003170|ASHBY, STEPHAN BLAKE|C|3|LIB|0|0|0|0|32846.83|32846.83|0|0|0|0|0|63833.16|0|00|00||||||0|0|03/31/2025|0|0
P40007734|TER MAAT, MICHAEL|C|3|LIB|8110|0|8857.14|0|1510.68|763.54|0|0|0|8000|0|122000|6415|00|00||||||0|1695|03/31/2026|0|0
P40011983|OLIVER, CHASE RUSSELL|C|3|LIB|6553.03|0|8645.45|0|2092.42|0|393.97|0|0|0|0|0|6159.06|00|00||||||0|0|03/31/2026|0|0
P40014565|ANDERSON, JOSHUA|C|3|LIB|0|0|0|0|0|0|0|0|0|0|0|0|0|00|00||||||0|0|03/31/2025|0|0
P40015240|SABER, DAVID ANDREW MX|C|3|LIB|0|0|0|0|0|0|0|0|0|0|0|0|0|00|00||||||0|0|02/07/2025|0|0
P00012187|SMITH, DWIGHT STANFORD||3|NNE|0|0|0|0|0|0|0|0|0|0|0|0|0|00|00||||||0|0|03/31/2026|0|0
P40012841|GONZAGA, JOSEPH LUIZ||3|NNE|0|0|32876.7|0|0|-32876.7|0|0|0|0|0|591780.82|0|00|00||||||0|0|01/31/2026|0|0
P40013351|GARRITY, CHRISTOPHER|C|3|NNE|11100|0|11813.66|0|1010.56|296.9|2700|0|0|0|0|0|8400|00|00||||||0|0|03/31/2026|0|0
P60017100|VALENTINE, JAMES|C|3|NNE|0|0|0|0|36965.37|36965.37|0|0|0|0|0|52600|0|00|00||||||0|0|09/30/2025|0|0
P80008295|WIGGLESWORTH, RUNE SARVOS||3|NNE|598.13|0|598.13|0|0|0|598.13|0|0|0|0|0|0|00|00||||||0|0|01/05/2026|0|0
P80006737|CORDOVA, VINCENT DEAN MR. JR||3|NON|5000|0|0|0|0|5000|5000|0|0|0|0|0|0|00|00||||||0|0|03/31/2026|0|0
P40012445|JACOBS, KEITH S|C|3|NPA|0|0|256|0|-286.47|-542.47|0|0|0|0|0|6630|0|00|00||||||0|0|03/31/2026|0|0
P60019668|GEORGE, JEFF|O|3|NPA|0|0|0|0|-11151.21|-11151.21|0|0|0|0|0|0|0|00|00||||||0|0|03/31/2026|0|0
P80009129|UGGEN, RICHARD L||3|NPA|3792.94|0|2893.3|0|0|899.64|3752.94|0|0|0|0|0|20|00|00||||||20|0|03/31/2026|0|0
P00017699|SATALINO, SYDNEY||3|OTH|0|0|0|0|0|0|0|0|0|0|0|0|0|00|00||||||0|0|01/30/2025|0|0
P40013724|SONSKI, PETER|C|3|OTH|10|0|3962.71|0|3952.71|0|0|0|0|0|0|0|10|00|00||||||0|0|06/30/2025|0|0
P40019598|TANNIRU, JOSEPH KISHORE|C|3|SEP|210|0|2195.18|0|1985.18|0|0|0|0|0|0|0|210|00|00||||||0|0|03/31/2025|0|0
P40019218|TERRY, RANDAL ALLAN MR.|C|3|UN|34760.6|0|32637.36|0|-9731.19|-7607.95|0|0|0|0|0|0|26010|00|00||||||5622.65|0|07/31/2025|0|0
P40020125|SCAFIDI, TYLER LEE MR.|C|3|UN|0|0|0|0|5.62|5.62|0|0|0|0|0|0|0|00|00||||||0|0|03/31/2026|0|0
P80008345|SARE, DIANE||3|UN|57495.15|0|47458.04|0|0|10037.11|0|0|0|0|0|0|57150.98|00|00||||||0|250|03/31/2026|0|0
P40021222|EUZARRAGA, PIERRE||3|UNK|0|0|100|0|200|100|0|0|0|0|0|2700|0|00|00||||||0|0|03/31/2026|0|0
P40004434|JENKINS, MICHAEL DWAYNE|C|3|W|0|0|0|0|0|0|0|0|0|0|0|0|0|00|00||||||0|0|12/31/2025|0|0
P40019937|FISHBACK, BRIAN C MR.|C|3|W|2972341.59|362500|984208.3|0|57997.85|2046131.14|0|0|0|0|0|0|2335869.56|00|00||||||254750|0|03/31/2026|13401.41|0
P40020505|FIORI, RACHEL|C|3|W|0|0|0|0|1765|1765|0|0|0|0|0|0|0|00|00||||||0|0|12/31/2025|0|0
P40021818|LESPERANCE, ALICIA MARIE|C|3|W|0|0|0|0|0|0|0|0|0|0|0|5000|0|00|00||||||0|0|03/31/2026|0|0
P80008063|COTTER, TIMOTHY SCOTT||3|W|1538.94|0|329.53|0|0|1209.41|1538.94|0|0|0|0|0|0|00|00||||||0|0|03/31/2026|0|0
P00004861|BICKELMEYER, MICHAEL||2|REP|1051|0|974.25|0|2.1|78.85|1006.35|0|0|0|0|0|0|00|||||||0|0|03/31/2026|0|0
P40014086|CATANESE, PAUL|C|3|IND|0|0|0|0|2305.89|2305.89|0|0|0|0|0|0|0|00|||||||0|0|03/31/2025|0|0
P40014755|PRINCE, JOHN ALLEN|C|3|IND|20850|0|20750|1750|600|600|18800|0|0|0|0|0|18400|00|||||||100|2200|04/20/2026|0|0
P60005303|FOX, CHERUNDA LYNN||3|IND|57261.55|0|57261.55|0|0|0|57034.73|0|226.83|0|226.83|0|0|00|||||||0|0|12/31/2026|0|0
S6AK00276|PELTOLA, MARY|C|1|DEM|8661662.38|647700|2934553.61|0|0|5727108.77|0|0|0|0|0|0|7563867.88|AK|00||||||449745.64|0|03/31/2026|21428.86|0
S2AK00127|TSHIBAKA, KELLY|C|2|REP|0|0|3589.19|0|3589.19|0|0|0|0|0|0|0|0|AK|00||||||0|0|11/04/2025|0|0
S4AK00099|MURKOWSKI, LISA|I|2|REP|1073320.2|0|311423.23|0|617160.25|1379057.22|0|0|0|0|0|0|750387.13|AK|00||||||279300|0|03/31/2026|22|0
S4AK00214|SULLIVAN, DAN|I|2|REP|6500847.42|2331256.25|1505699.66|0|2090904.79|7086052.55|0|0|0|0|0|0|2531692.06|AK|00||||||1398300|62000|03/31/2026|10541.02|1100
S2AK00135|LEE, HUHNKIE|C|3|IND|2720|0|2820|0|8290|8190|0|0|0|0|0|0|2720|AK|00||||||0|0|03/31/2026|0|0
S6AL00302|CRUMPTON, RONALD (RON) STEVEN|C|1|DEM|0|0|0|0|5.14|5.14|0|0|0|0|0|0|0|AL|00||||||0|0|03/31/2026|0|0
S6AL00393|WHEELER, MARK SHANNON MR II|O|1|DEM|17148.48|0|16759|0|0|389.48|0|0|0|0|0|833.28|17148.48|AL|00||||||0|0|03/31/2026|0|0
S6AL00427|LARRIETT, DAKARAI|O|1|DEM|129877.4|0|111027.5|0|0|18849.9|10|2500|0|0|0|89370|127347.4|AL|00||||||20|0|03/31/2026|791|0
S6AL00435|SWEETSER, KYLE|O|1|DEM|154502.42|.79|139185.61|0|0|15316.81|150.84|0|0|0|15994|16421.89|139350.79|AL|00||||||15000|0|03/31/2026|95|0
S6AL00518|WESS, EVERETT W|O|1|DEM|26293.6|0|12612.71|0|0|13680.89|0|23751.23|0|0|0|23751.23|2542.37|AL|00||||||0|0|03/31/2026|0|0
S0AL00206|BYRNE, BRADLEY ROBERTS|C|2|REP|0|0|0|0|3933.13|3933.13|0|0|0|0|0|0|0|AL|00||||||0|0|03/31/2026|0|0
S0AL00230|TUBERVILLE, THOMAS H|I|2|REP|724606.1|229123.16|1165943|0|532330.47|90993.57|0|0|0|0|0|10158.63|366845.08|AL|00||||||127500|0|03/31/2026|305350.01|157000
S0AL00289|MERRILL, JOHN H|C|2|REP|0|0|8895|0|222335.78|213440.78|0|0|0|0|0|0|0|AL|00||||||0|0|03/31/2026|0|0
S2AL00145|BRITT, KATIE BOYD|I|2|REP|2354118.85|7328.1|1240070.25|0|4109548.7|5223597.3|0|0|0|0|0|30327|1967510.46|AL|00||||||356050|0|03/31/2026|8900|1000
S2AL00152|TAYLOR, JESSICA|O|2|REP|0|0|0|0|3509.13|3509.13|0|0|0|0|0|175990.61|0|AL|00||||||0|0|03/31/2026|0|0
S6AL00443|HUDSON, JARED|C|2|REP|1403340.26|0|782943.87|0|0|620396.39|0|0|0|0|0|56450.16|1398224.05|AL|00||||||5000|0|03/31/2026|33312.81|0
S6AL00450|MARSHALL, STEVEN T|C|2|REP|1362193.3|72689.39|844542.36|0|0|517650.94|0|0|0|0|0|0|1206008.91|AL|00||||||83000|0|03/31/2026|11100|0
S6AL00468|WALKER, RODNEY|O|2|REP|1997255.19|24387.45|803477.6|102|0|1193777.59|50000|1864000|0|0|0|1864000|36626.03|AL|00||||||0|0|03/31/2026|1000|0
S6AL00476|MOORE, FELIX BARRY|O|2|REP|2173919.1|62000|1454212.77|0|125131.66|844837.99|0|0|0|0|0|0|1725503.05|AL|00||||||380754.8|0|03/31/2026|22500|2500
S6AL00484|MURPHY, MORGAN W. W.|O|2|REP|958642.87|148651.95|586776.94|0|0|371865.93|0|100000|250000|100000|0|309182.71|419229.19|AL|00||||||12000|0|03/31/2026|500|0
S6AL00500|BURTON, MATTHEW SETH|O|2|REP|58254.23|0|31654.28|0|0|26599.95|7485.62|0|0|0|0|0|50768.61|AL|00||||||0|0|03/31/2026|0|0
S8AL00308|STRANGE, LUTHER J III|I|2|REP|0|0|3750|0|39793.2|36043.2|0|0|0|0|0|178713.5|0|AL|00||||||0|0|12/31/2025|0|0
S0AR00218|WHITFIELD, DANIEL ALLEN|C|1|DEM|353.29|0|36.27|0|1877.23|2194.25|0|0|0|0|0|5039.84|353|AR|00||||||0|0|03/31/2026|0|0
S2AR00115|JAMES, NATALIE|C|1|DEM|0|0|0|0|215.31|215.31|0|0|0|0|0|5910.62|0|AR|00||||||0|0|03/31/2026|0|0
S6AR00173|DUNBAR, ETHAN N SR.|C|1|DEM|17461.7|0|22253.18|0|1288.94|1110.62|420|0|0|0|0|0|16960.7|AR|00||||||0|81|03/27/2026|0|0
S6AR00181|RUSSELL, JAMES RICHARD MR III|C|1|DEM|3086.9|0|3186.9|0|100|0|0|1000|0|302|0|798|2086.9|AR|00||||||0|0|11/15/2025|1500|0
S6AR00199|SHOFFNER, HALLIE|C|1|DEM|1589764.37|0|1011034.49|0|0|578729.88|0|0|0|0|0|0|1584211.27|AR|00||||||3510|2000|03/31/2026|1001|0
S0AR00150|BOOZMAN, SEN. JOHN|I|2|REP|359638.54|19553.26|199913.46|0|1110776.5|1270501.58|0|0|0|0|0|0|96651.42|AR|00||||||205000|0|03/31/2026|0|0
S2AR00107|BEQUETTE, JAKE MR.|C|2|REP|0|0|0|0|183.47|183.47|0|0|0|0|0|14953.71|0|AR|00||||||0|0|03/31/2026|0|0
S4AR00103|COTTON, THOMAS|I|2|REP|5406039.51|1181459.97|3069823.75|2697.11|7450869.83|9787085.59|0|0|0|0|0|73959|2747248.07|AR|00||||||1010500|62000|03/31/2026|57012.5|5000
S6AR00207|ASHBY, MICAH|C|2|REP|41161.53|0|126.26|0|0|754.4|81.18|41060.35|0|0|0|734.4|20|AR|00||||||0|0|02/11/2026|0|0
S6AR00215|LITTLE, JEB|C|2|REP|92531.55|0|92404.15|0|0|127.4|37139.1|47100|0|47100|0|0|8261.95|AR|00||||||0|0|03/31/2026|0|0
S0AZ00350|KELLY, MARK|I|1|DEM|35276811.97|108563.73|17370707.12|375000|4402433.57|22308538.42|23.41|0|0|0|0|0|35013141.59|AZ|00||||||20500|0|03/31/2026|193196.14|0
S4AZ00139|GALLEGO, RUBEN|I|1|DEM|3825377.22|275759.63|2108123.24|0|211152.7|1928406.68|0|0|0|0|0|0|3135715.53|AZ|00||||||357662.83|0|03/31/2026|50978.21|1700
S0AZ00376|MCCARTHY, DANIEL|C|2|REP|700|0|1188.67|0|488.67|0|0|700|0|0|0|0|0|AZ|00||||||0|0|06/30/2025|0|0
S2AZ00141|FLAKE, JEFF|I|2|REP|0|0|8300|0|821352.48|813052.48|0|0|0|0|0|0|0|AZ|00||||||0|0|03/31/2026|0|0
S2AZ00331|LAMON, JIM MR|C|2|REP|0|0|0|0|4448.39|4448.39|0|0|0|0|0|18437111.07|0|AZ|00||||||0|0|03/31/2026|0|0
S2AZ00349|MCGUIRE, MICHAEL MICK|C|2|REP|0|0|0|0|2615.92|2615.92|0|0|0|0|0|450705|0|AZ|00||||||0|0|03/31/2026|0|0
S2AZ00356|BRNOVICH, MARK MR.|C|2|REP|25|0|.99|0|5156.65|5180.66|0|0|0|0|0|463173.45|25|AZ|00||||||0|0|03/31/2026|0|0
S2AZ00372|MASTERS, BLAKE|C|2|REP|0|0|0|0|0|0|0|0|0|0|0|0|0|AZ|00||||||0|0|02/21/2025|0|0
S4AZ00188|LAMB, MARK|O|2|REP|0|0|3482.65|0|16623.94|13141.29|0|0|0|0|0|47400.96|0|AZ|00||||||0|0|03/31/2026|0|0
S4AZ00212|WHITE, ALAN MR|O|2|REP|0|0|0|0|0|0|0|0|0|0|0|0|0|AZ|00||||||0|0|03/31/2026|0|0
S4AZ00220|LAKE, KARI|O|2|REP|365326.02|0|112031.56|0|218213.48|471507.94|0|0|0|0|0|1007764.01|217274.32|AZ|00||||||0|0|03/31/2026|9127.7|0
S6AZ00217|MELUSKEY, ALEXANDER|C|2|REP|0|0|0|0|6222.99|6159|0|0|0|0|0|791373.02|0|AZ|00||||||0|0|03/31/2026|0|0
S8AZ00379|WILLS, LONNIE MR.||2|REP|0|0|0|0|0|0|0|0|0|0|0|0|0|AZ|00||||||0|0|04/15/2026|0|0
S8AZ00197|SINEMA, KYRSTEN|I|3|IND|162529.87|0|4439410.31|0|4276880.44|0|0|0|0|0|0|0|0|AZ|00||||||0|0|03/31/2026|-475068.34|-119200
S4AZ00261|WILLIAMS, SARAH|O|3|LIB|0|0|453.63|0|453.63|0|0|0|0|0|0|0|0|AZ|00||||||0|0|03/17/2025|0|0
S2CA00955|PADILLA, ALEX|I|1|DEM|1295140.53|347577.44|735698.21|0|6642855.02|7202297.34|0|0|0|0|0|0|809976.49|CA|00||||||134005|3500|03/31/2026|1271.67|0
S2CA01276|URSICH, TIMOTHY J DR|C|1|DEM|0|0|0|0|14010.95|14010.95|0|0|0|0|0|15388.46|0|CA|00||||||0|0|03/31/2026|0|0
S4CA00522|PORTER, KATHERINE|O|1|DEM|210787.93|0|1624451.71|0|1413663.78|0|0|0|0|0|0|0|0|CA|00||||||0|0|08/15/2025|0|0
S4CA00555|SCHIFF, ADAM|I|1|DEM|7793490.82|197272.71|4210120.6|0|6381026.62|9964396.84|0|0|0|0|0|0|6461264.46|CA|00||||||62501|0|03/31/2026|116533.96|2900
S4CA00613|RAB, AEJAZ ( RAJI )|O|1|DEM|0|0|90|0|-374.85|-464.85|0|0|0|0|0|10000|0|CA|00||||||0|0|03/31/2026|0|0
S4CA00688|INAM, ZAFAR|O|1|DEM|0|0|436|0|436|0|0|0|0|436|0|0|0|CA|00||||||0|0|11/06/2025|0|0
S4CA00704|ROSE, JOHN|O|1|DEM|0|0|0|0|125|125|0|0|0|0|0|6317.73|0|CA|00||||||0|0|02/16/2025|0|0
S4CA00712|ROSE, JOHN DAVID|O|1|DEM|0|0|0|0|125|125|0|0|0|0|0|6317.73|0|CA|00||||||0|0|02/16/2025|0|0
S4CA00845|GILANI, SEPI|O|1|DEM|0|0|659.88|0|2205.28|1545.4|0|0|0|0|0|0|0|CA|00||||||0|0|03/31/2026|0|0
S6CA00691|SANCHEZ, LORETTA|O|1|DEM|0|0|1267.05|0|2909.64|1642.59|0|0|0|0|0|0|0|CA|00||||||0|0|03/31/2026|0|0
S2CA00872|LIEW, SARAH SUN DR.||2|REP|0|0|0|0|-57.93|-57.93|0|0|0|0|0|292059.24|0|CA|00||||||0|0|12/31/2025|0|0
S2CA01003|HENG, ELIZABETH|C|2|REP|0|0|0|0|0|0|0|0|0|0|0|88725.88|0|CA|00||||||0|0|03/31/2026|0|0
S2CA01094|WILLIAMS, CORDIE LEE DR.|C|2|REP|0|0|0|0|0|0|0|0|0|0|0|44900|0|CA|00||||||0|0|03/31/2026|0|0
S4CA00407|GARY-PANDOL, DENICE LYN MS.|O|2|REP|0|0|0|0|456.44|456.44|0|0|0|0|0|11624.14|0|CA|00||||||0|0|03/31/2026|0|0
S4CA00639|EARLY, ERIC|O|2|REP|0|0|450|0|2065.43|1615.43|0|0|0|0|0|160635.57|0|CA|00||||||0|0|03/31/2026|0|0
S4CA00670|REISS, JONATHAN|O|2|REP|206.03|0|131.21|0|39.21|114.03|0|0|0|0|0|14017.12|206.03|CA|00||||||0|0|03/31/2026|0|0
S8CA00515|BRADLEY, JAMES|C|2|REP|1175.01|0|17727.56|0|17052.24|499.69|1040|0|0|0|0|245|10|CA|00||||||0|0|03/31/2026|0|0
S6CA01053|PULLIAM, ALANDER|C|3|IND|0|0|2000000|0|2432784|432784|0|0|0|0|0|1852000|0|CA|00||||||0|0|08/28/2025|0|2000000
S4CA00589|LEE, BARBARA|O|1|DEM|58793.47|0|101297.95|0|48791.98|6287.5|0|0|0|0|0|88970.64|27344.6|CA|||||||27500|0|03/31/2026|4791.5|0
S4CA00761|SINGH, MAJOR|O|3|NOP|0|0|150|0|513.7|363.7|0|0|0|0|0|21154.32|0|CA|||||||0|0|03/31/2026|0|0
S0CO00211|BENNET, MICHAEL F.|I|1|DEM|207237.02|25000|453442.33|0|466855.54|220650.23|0|0|0|0|0|374819|133177.49|CO|00||||||18500|0|03/31/2026|8565|0
S0CO00468|JOHNSTON, MICHAEL C|C|1|DEM|0|0|90034.79|0|1042710.87|952676.08|0|0|0|0|0|0|0|CO|00||||||0|0|03/31/2026|0|0
S0CO00575|HICKENLOOPER, JOHN W.|I|1|DEM|6818283.07|964108.74|4217907.35|0|1435632.98|4036008.7|0|0|0|0|0|0|4920780.46|CO|00||||||765467.77|62000|03/31/2026|36299.52|26000
S6CO00408|BRESLIN, KAREN|C|1|DEM|164777.91|0|155619.71|0|0|9158.2|573.82|0|0|0|0|0|158107.34|CO|00||||||6096.75|0|03/31/2026|1005|0
S6CO00457|SCANLON, MICHAEL|C|1|DEM|0|0|0|0|0|0|0|0|0|0|0|0|0|CO|00||||||0|0|08/05/2025|0|0
S6CO00465|ZIMPFER, ANTHONY JACOB|C|1|DEM|4130.68|0|3034.9|0|0|1095.78|0|140.68|0|0|0|140.68|3990|CO|00||||||0|0|03/31/2026|0|0
S6CO00473|HASLEY, BRASHAD D|C|1|DEM|20335.73|0|20335.73|0|0|0|1500|17753.47|0|2507.14|0|0|1082.26|CO|00||||||0|0|02/11/2026|0|0
S6CO00499|GONZALES, JULIE|C|1|DEM|443494.98|0|329433.96|0|0|114061.02|0|0|0|0|0|0|437982.13|CO|00||||||5500|0|03/31/2026|3545|0
S2CO00209|BREMER, ELI|C|2|REP|0|0|0|0|0|0|0|0|0|0|0|65937.74|0|CO|00||||||0|0|03/31/2025|0|0
S2CO00241|O'DEA, JOSEPH MATTHEW|C|2|REP|0|0|1677|0|3630.98|1953.98|0|0|0|0|0|3811000|0|CO|00||||||0|0|03/31/2026|0|0
S4CO00379|TRUJILLO, FLOYD|C|2|REP|0|0|0|0|1024.25|1024.25|0|0|0|0|0|102930.68|0|CO|00||||||0|0|03/31/2026|0|0
S6CO00424|MARKERT, GEORGE WASHINGTON MR V|C|2|REP|260985.97|0|204767.55|0|0|56218.42|48766.44|50000|0|0|0|50000|159219.53|CO|00||||||3000|0|03/31/2026|6500|0
S6CO00440|JOSHI, JANAK|C|2|REP|485402.64|0|192985.78|0|0|292416.86|0|350100|0|0|0|350100|125302.64|CO|00||||||10000|0|03/31/2026|0|0
S6CO00481|JONES, DATHAN CHARLES|C|2|REP|25|0|0|0|1075|1100|0|0|0|0|0|0|25|CO|00||||||0|0|03/31/2026|0|0
S6CO00507|BAISLEY, MARK|C|2|REP|31865.5|0|25745.69|0|0|6119.81|0|0|0|0|0|0|31845.5|CO|00||||||0|0|03/31/2026|3500|0
S6CO00515|POND, SEAN M.|C|3|CON|29537.18|0|12693.74|0|0|16843.44|0|0|0|0|0|0|29537.18|CO|00||||||0|0|03/31/2026|0|0
S6CO00549|CHEW, ROBERT|C|3|FWD|150000|0|0|0|0|150000|0|150000|0|0|0|150000|0|CO|00||||||0|0|03/31/2026|0|0
S0CO00344|NAPOLITANO, JASON ANDREW|C|3|IND|0|0|72.82|0|419.32|346.5|0|0|0|0|0|7000|0|CO|00||||||0|0|03/31/2026|0|0
S6CO00432|WOOD, MATTHEW|C|3|IND|4545|0|3385|0|0|752.5|0|3000|0|0|0|0|1545|CO|00||||||0|0|03/31/2026|0|0
S6CO00556|CHEW, ROBERT|C|3|OTH|150000|0|0|0|0|150000|0|150000|0|0|0|150000|0|CO|00||||||0|0|03/31/2026|0|0
S0CT00177|BLUMENTHAL, RICHARD|I|1|DEM|350712.06|89900|277324.84|0|1238141.53|1311528.75|0|0|0|0|0|0|175322.99|CT|00||||||41000|0|03/31/2026|295|0
S2CT00132|MURPHY, CHRISTOPHER S|I|1|DEM|12504647.66|407598.38|6792067.91|0|5526774.86|11239354.61|0|0|0|0|0|0|11878865.23|CT|00||||||0|0|03/31/2026|73540.83|3000
S2CT00256|HYDE, ROBERT FINLEY|C|2|REP|0|0|0|0|0|0|0|0|0|0|0|0|0|CT|00||||||0|0|10/20/2025|0|0
S8CT00121|COREY, MATTHEW MCKINNON|C|2|REP|0|0|7217.4|0|7217.4|0|0|0|0|0|0|10000|0|CT|00||||||0|0|03/31/2025|0|0
S4CT00195|PAGLINO, JUSTIN COBB DR|C|3|GRE|300|0|694.63|0|550.15|155.52|0|300|0|0|0|12300|0|CT|00||||||0|0|03/31/2026|0|0
S0DE00092|COONS, CHRISTOPHER A.|I|1|DEM|3044649.37|396196.03|1100177.83|0|2185199.85|4129671.39|0|0|0|0|0|0|1532745.3|DE|00||||||1038750|0|03/31/2026|14792.87|1500
S0DE00175|SCARANE, JESSICA|C|1|DEM|0|0|0|0|0|0|0|0|0|0|0|0|0|DE|00||||||0|0|06/30/2025|0|0
S4DE00060|BLUNT ROCHESTER, LISA|I|1|DEM|849819.29|58000|884380.44|0|144457.18|109896.03|0|0|0|0|0|0|405489.32|DE|00||||||239500|0|03/31/2026|5471.96|0
S6DE00156|BEARDSLEY, CHRISTOPHER MR.|C|1|DEM|22356|0|13165.27|0|0|9190.73|0|12850|0|0|0|12850|9006|DE|00||||||500|0|12/31/2025|0|0
S8DE00079|CARPER, THOMAS R.|I|1|DEM|0|0|55789.69|0|55789.69|0|0|0|0|0|0|0|0|DE|00||||||0|0|03/31/2025|-29500|-40900
S4DE00094|HANSEN, ERIC|O|2|REP|0|0|0|0|0|0|0|0|0|0|0|0|0|DE|00||||||0|0|01/09/2025|0|0
S6DE00131|O'DONNELL, CHRISTINE|O|2|REP|0|0|0|0|471.26|471.26|0|0|0|0|0|39118.92|0|DE|00||||||0|0|03/31/2026|0|0
S6DE00198|SHULLI, JOHN|C|2|REP|100728.71|0|15021.49|0|0|85707.22|0|100000|0|0|0|100000|728.71|DE|00||||||0|0|03/31/2026|0|0
S6DE00206|KATZ, MICHAEL S DR.|C|2|REP|20211|0|116.78|0|0|20094.22|10|19250|0|0|0|19250|951|DE|00||||||0|0|03/31/2026|0|0
S8DE00129|TRUONO, EUGENE (GENE) J JR|C|2|REP|1686.71|0|1686.71|0|471.14|471.14|0|1686.71|0|0|0|205873.48|0|DE|00||||||0|0|03/31/2026|0|0
S2FL00581|GRAYSON, ALAN MARK|C|1|DEM|178051.99|0|178581.66|0|126917.81|126388.14|0|143054.15|0|21900|0|3913494.64|29991.64|FL|00||||||5000|0|03/31/2026|68|0
S4FL00587|EHR, PHILLIP|C|1|DEM|146888.04|0|75697.24|0|16850.92|88041.72|10200|133000|0|0|0|444083.63|3507.19|FL|00||||||0|0|06/30/2025|91|0
S4FL00637|CAMPBELL, STANLEY|C|1|DEM|0|0|118434.38|0|118434.38|0|0|0|0|0|0|1401000|0|FL|00||||||0|0|03/31/2025|0|0
S6FL00376|GRAYSON, ALAN MARK|C|1|DEM|178051.99|0|178581.66|0|126917.81|126388.14|0|143054.15|0|21900|0|3913494.64|29991.64|FL|00||||||5000|0|03/31/2026|68|0
S6FL00673|LYLES, TAMIKA MS|C|1|DEM|23287.14|0|3139.89|0|0|20147.25|0|21000|0|0|0|21000|2287.14|FL|00||||||0|0|03/31/2026|0|0
S6FL00749|ATKINS, JOEY MENDOZA|C|1|DEM|9123.75|0|6891.33|0|0|2232.42|0|2000|0|0|0|5000|7123.75|FL|00||||||0|0|03/31/2026|100|0
S6FL00756|WEIL, JOSHUA JOSEPH|C|1|DEM|15933478.15|0|15933478.15|0|0|0|16|0|0|0|0|0|15463011.3|FL|00||||||33908.17|2500|09/30/2025|154815.44|6451.97
S6FL00798|JENKINS, JENNIFER|C|1|DEM|565267.46|0|313835.78|0|0|251431.68|0|0|0|0|0|0|558267.46|FL|00||||||7000|0|03/31/2026|1334.25|0
S6FL00806|MUJICA, HECTOR DANIEL|C|1|DEM|717348.11|0|637278.06|0|0|80070.05|72845.53|0|0|0|0|206566.39|644002.58|FL|00||||||500|0|03/31/2026|1369|0
S6FL00830|NIXON, ANGELA|C|1|DEM|293583.92|0|20957.37|0|0|177595.28|0|0|0|0|0|0|293583.92|FL|00||||||0|0|03/31/2026|0|0
S6FL00855|VINDMAN, ALEXANDER|C|1|DEM|8188391.6|400|1748269.11|0|100|6440222.49|0|0|0|0|0|154658.25|8021891.6|FL|00||||||166050|50|03/31/2026|25310.5|1000
S0FL00338|RUBIO, MARCO|I|2|REP|1434868.67|1422853.29|182757.89|0|1602547.12|2854657.9|0|0|0|0|0|0|11055.76|FL|00||||||0|0|03/31/2026|0|0
S4FL00553|GROSS, KEITH|C|2|REP|5680863.09|0|561202.88|0|5776.65|5125436.86|0|5601770.85|0|0|0|8028146.78|72092.24|FL|00||||||7000|0|03/31/2026|0|1000
S6FL00236|MCBRIDE, WILLIAM|C|2|REP|0|0|0|0|0|0|0|0|0|0|0|250000|0|FL|00||||||0|0|01/24/2025|0|0
S6FL00624|LAROSE, JOSUE ECONOMIST|C|2|REP|0|0|0|0|0|0|0|0|0|0|0|0|0|FL|00||||||0|0|03/31/2026|0|0
S6FL00640|MOODY, ASHLEY|I|2|REP|8407063.8|4089142.08|1277671.65|0|0|7129392.15|0|0|0|0|0|0|2748661.48|FL|00||||||1504500|62000|03/31/2026|28764.74|12000
S6FL00657|LANG, JAKE|C|2|REP|32771.73|0|27362.66|0|0|5409.07|0|26937.73|0|0|0|26937.73|5834|FL|00||||||0|0|03/31/2026|0|0
S6FL00848|GLEASON, CHRISTOPHER|C|2|REP|3429.73|0|129.73|0|0|3300|0|0|0|0|0|0|3429.73|FL|00||||||0|0|03/31/2026|0|0
S8FL00273|SCOTT, RICK SEN|I|2|REP|1458779.64|429958|1457252.35|0|798363.57|799890.86|543254.59|0|0|0|0|24138834|378364.62|FL|00||||||68250|0|03/31/2026|11100|2500
S2FL00656|NGUYEN, QUOC TUAN MR.|C|3|NPA|0|0|0|0|-2426.25|-2426.25|0|0|0|0|0|9500|0|FL|00||||||0|0|01/27/2025|0|0
S0GA00559|WARNOCK, RAPHAEL|I|1|DEM|1949646.61|56004.12|2646725.5|0|4738574.99|4041496.1|0|0|0|0|0|0|1832128.63|GA|00||||||51500|0|03/31/2026|-215685.53|-1725
S8GA00180|OSSOFF, T. JONATHAN|I|1|DEM|57270664.6|5900750.32|30525198.99|1000|4990566.71|31736032.32|0|0|0|0|0|0|50108038.04|GA|00||||||803697.49|5000|03/31/2026|232301.11|1800
S2GA00282|MCCOLUMN, JONATHAN MR|C|2|REP|36143.79|0|23433.03|0|-298.45|12412.31|0|30000|0|0|0|30000|6143.79|GA|00||||||0|0|03/31/2026|0|0
S6GA00267|BOX, REAGAN|C|2|REP|82041.04|0|90345.82|0|8043.24|-261.54|0|0|0|0|0|0|82041.04|GA|00||||||0|0|03/31/2026|0|0
S6GA00366|CLEMENT, CHRISTINA LOREN REV DR TRUSTE|C|2|REP|50250930|0|2234.41|0|0|50248695.59|0|50250000|0|0|0|50250000|930|GA|00||||||0|0|03/31/2026|0|0
S6GA00374|CARTER, EARL LEROY|C|2|REP|6713652.93|588604.46|6002322.36|2500|3018930.34|3730260.91|0|3000000|0|0|0|3000000|1958981.79|GA|00||||||1045775|0|03/31/2026|5460|3500
S6GA00382|KING, JOHN|C|2|REP|563078.46|0|563078.46|0|0|0|0|0|0|0|0|0|551345.42|GA|00||||||11500|0|01/31/2026|234692.19|1500
S6GA00390|COLLINS, MICHAEL A JR|C|2|REP|4318376.94|1255990.41|2790134.88|0|597195.09|2125437.15|65000|0|0|0|0|286941.43|2696771.72|GA|00||||||295100|0|03/31/2026|18348.59|0
S6GA00408|DOOLEY, DEREK|C|2|REP|3671916.59|0|1448348.05|0|0|2223568.54|0|0|0|0|0|0|3661842.21|GA|00||||||9500|0|03/31/2026|61300|1250
S2HI00106|HIRONO, MAZIE K.|I|1|DEM|486874.86|684.23|499060.49|0|1405874.85|1393689.22|0|0|0|0|0|0|443149.17|HI|00||||||32500|0|03/31/2026|6596|0
S4HI00136|SCHATZ, BRIAN|I|1|DEM|1185717.89|0|508868.78|0|1656624.42|2333473.53|0|0|0|0|0|0|835861.95|HI|00||||||261047.21|0|03/31/2026|12493.5|0
S2HI00155|MCDERMOTT, ROBERT|C|2|REP|59.4|0|111.31|0|124.34|72.43|58.72|0|0|0|0|4500|0|HI|00||||||0|0|03/31/2026|0|0
S4HI00177|LAM, ADRIEL|C|2|REP|0|0|741.75|0|741.75|0|0|0|0|741.75|0|0|0|HI|00||||||0|0|06/30/2025|0|0
S0IA00176|GREENFIELD, THERESA|C|1|DEM|0|0|40984.9|0|164708.58|123723.68|0|0|0|0|0|0|0|IA|00||||||0|0|03/31/2026|0|0
S2IA00164|FINKENAUER, ABBY|C|1|DEM|15065.71|0|19820.44|0|9473.17|4718.44|0|0|0|0|0|318625.32|37.5|IA|00||||||0|0|03/31/2026|0|0
S6IA00256|SAGE, NATHAN|O|1|DEM|1432562.28|0|1432459.9|0|0|102.38|0|0|0|0|0|6821.92|1397235.36|IA|00||||||7800|0|03/31/2026|46786.25|0
S6IA00264|SCHOLTEN, JAMES|O|1|DEM|213415.45|0|205271.15|0|0|8144.3|0|0|0|0|0|10100|199410.45|IA|00||||||11005|0|12/31/2025|250|0
S6IA00272|WAHLS, ZACH P|O|1|DEM|3167670.76|0|2112265.12|0|0|1055405.64|0|0|0|0|0|0|3107863.11|IA|00||||||55530|0|03/31/2026|5255|0
S6IA00280|NORRIS, JACKIE|O|1|DEM|363563.01|0|363563.01|0|0|0|7000|0|0|0|0|0|351417.86|IA|00||||||4000|0|03/20/2026|8415|0
S6IA00298|TUREK, JOSHUA|O|1|DEM|2808701.1|0|2051221.09|0|0|757480.01|0|0|0|0|0|0|2720569.74|IA|00||||||87550|0|03/31/2026|13274.5|0
S0IA00028|GRASSLEY, CHARLES E|I|2|REP|208905.54|0|250920.98|0|332900.94|290885.5|0|0|0|0|0|0|168000.2|IA|00||||||37500|0|03/31/2026|9725.01|5000
S2IA00131|CARLIN, JAMES M.|C|2|REP|0|0|0|0|0|0|0|0|0|0|0|0|0|IA|00||||||0|0|02/16/2025|0|0
S4IA00095|WHITAKER, MATTHEW GEORGE "MATT"|O|2|REP|0|0|0|0|7987.56|7987.56|0|0|0|0|0|49187.37|0|IA|00||||||0|0|03/31/2026|0|0
S4IA00129|ERNST, JONI K|I|2|REP|1997585.68|362932.04|2240263.66|0|2239842.74|1997164.76|0|0|0|0|0|0|997371.94|IA|00||||||637250|0|03/31/2026|572056.24|402000
S6IA00249|CARLIN, JAMES|O|2|REP|293966.17|0|279387.32|0|0|14578.85|0|190006.46|0|0|0|193506.46|103031.08|IA|00||||||0|0|03/31/2026|400|0
S6IA00314|ARENHOLZ, ASHLEY HINSON|O|2|REP|7267266.37|1495616.2|2679198.52|24438|1928075.4|6516143.25|0|0|0|0|0|0|3969585.99|IA|00||||||1737366.77|62000|03/31/2026|9505.37|3000
S4IA00194|STEWART, RICK|C|3|LIB|0|0|0|0|-7272.83|-7272.83|0|0|0|0|0|0|0|IA|00||||||0|0|06/30/2025|0|0
S6IA00181|LAEHN, THOMAS RAYMOND DR.|O|3|LIB|20422.91|0|29466.51|0|14557.32|5513.72|0|0|0|0|0|0|20422.91|IA|00||||||0|0|03/31/2026|0|0
S6ID00138|ROTH, DAVID JORDAN|C|1|DEM|7494.66|0|8180.98|0|665.77|-91.55|3156.03|0|0|0|0|10027.58|3938.63|ID|00||||||400|0|03/31/2026|32|0
S2ID00129|TROTTER, JAMES SCOTT|C|2|REP|0|0|0|0|0|0|0|0|0|0|0|0|0|ID|00||||||0|0|03/31/2025|0|0
S6ID00120|EVANS, JOE|C|2|REP|7741|0|7650.17|0|0|90.83|0|6891|0|73.14|0|6791|850|ID|00||||||0|0|03/30/2026|0|0
S6ID00153|ROY, JOSHUA S|C|2|REP|27384.67|0|14495.1|0|0|12889.57|25|17762.97|100|0|0|17862.97|9092.42|ID|00||||||0|0|03/31/2026|0|0
S6ID00161|LAVE, DENNY|C|2|REP|160895|0|1605.5|0|0|159289.5|6695|148000|0|0|0|169276.83|6200|ID|00||||||0|0|03/31/2026|0|0
S8ID00027|CRAPO, MICHAEL D|I|2|REP|1047393.27|346111.51|590918.68|0|2571593.81|3028068.4|0|0|0|0|0|0|242394.11|ID|00||||||386500|0|03/31/2026|3400|0
S6ID00146|ACHILLES, TODD BAKER|C|3|IND|412743.66|0|280248.03|0|0|140788.55|10500|0|0|0|0|0|402243.66|ID|00||||||0|0|03/31/2026|0|0
S8ID00092|RISCH, JAMES E MR.|I|3|UNK|2729215.51|110288.08|1322608.05|0|2420364.56|3826972.02|0|0|0|0|0|0|1738600.96|ID|00||||||736129|62000|03/31/2026|40192.15|31198.7
S6IL00151|DURBIN, RICHARD J.|I|1|DEM|79857.6|35242.92|778171.85|0|1674787.22|976472.97|0|0|0|0|0|0|32050.68|IL|00||||||7000|0|03/31/2026|220910.07|49800
S6IL00292|DUCKWORTH, L. TAMMY|I|1|DEM|4300519.14|367184.57|3242661.33|0|2743952.96|3801810.77|0|0|0|0|0|0|3728401.47|IL|00||||||97800|0|03/31/2026|16010.4|2000
S6IL00409|SWANN, CHRISTOPHER ALEXANDER|O|1|DEM|17642.57|0|17458.64|0|0|-408.8|9600|0|0|0|0|0|7732.57|IL|00||||||310|0|03/31/2026|0|0
S6IL00458|STRATTON, JULIANA|O|1|DEM|4791273.46|0|4096025.84|0|0|695247.62|0|0|0|0|0|192935.89|4518473.85|IL|00||||||268083.99|0|03/31/2026|33083|8500
S6IL00565|BUSTOS, AWISI|O|1|DEM|42028.81|0|46453.58|0|0|0|0|42000|0|0|0|0|28.81|IL|00||||||0|0|02/25/2026|0|0
S6IL00599|SHEPHERD, JUMP WESLEY|O|1|DEM|4166.86|0|11760.93|0|0|-7594.07|0|0|0|0|0|0|4166.86|IL|00||||||0|0|02/01/2026|0|0
S6IL00607|DELGADO, ADAM|O|1|DEM|56308.96|0|76786.16|0|1010|-19467.2|42374.87|0|0|0|0|0|13326.71|IL|00||||||0|0|03/31/2026|0|0
S6IL00631|RODRIQUEZ, ADAIR|O|1|DEM|236|0|148.48|0|0|0|130|0|0|0|0|0|106|IL|00||||||0|0|12/31/2025|0|0
S0IL00501|HUBBARD, PEGGY|C|2|REP|0|0|0|0|6535.87|6535.87|0|0|0|0|0|0|0|IL|00||||||0|0|03/31/2026|0|0
S0IL00550|CHLEBEK, CASEY|C|2|REP|202000|0|201972.54|0|0|27.46|85000|37000|0|0|0|37000|80000|IL|00||||||0|0|03/31/2026|0|0
S2IL00200|CHLEBEK, CASEY|C|2|REP|202000|0|201972.54|0|0|27.46|85000|37000|0|0|0|37000|80000|IL|00||||||0|0|03/31/2026|0|0
S4IL00438|TRUAX, DOUGLAS LEE|C|2|REP|0|0|0|0|0|0|0|0|0|0|0|53087.87|0|IL|00||||||0|0|03/31/2026|0|0
S6IL00391|BENNETT, DOUGLAS|O|2|REP|1000|0|906.15|0|1453.77|1547.62|1000|0|0|0|0|115600|0|IL|00||||||0|0|03/31/2026|0|0
S6IL00425|GOODMAN, JOHN|O|2|REP|28555.42|0|22855.91|0|0|5699.51|0|8362|0|0|0|8362|20193.42|IL|00||||||0|0|09/30/2025|0|0
S6IL00466|CHLEBEK, CASIMER MR.|O|2|REP|202000|0|201972.54|0|0|27.46|85000|37000|0|0|0|37000|80000|IL|00||||||0|0|03/31/2026|0|0
S6IL00615|TRACY, DON|O|2|REP|2327334.3|4205|783936.04|1000|0|1543398.26|0|2000000|0|0|0|2000000|289688.26|IL|00||||||2075|0|03/31/2026|2082.04|0
S6IL00672|EVANS, JEANNIE|O|2|REP|1280369.17|0|1136878.25|0|0|143490.92|121706.39|900000|0|0|0|900000|224338|IL|00||||||0|0|03/31/2026|14000|0
S8IL00223|MCCLANAHAN, ZACHARY||2|REP|2073.5|0|750.63|0|0|1322.87|0|0|0|0|0|0|2057.7|IL|00||||||0|0|03/31/2026|0|0
S6IL00680|HARRINGTON, WHITFIELD MR JR|O|3|IND|31662.4|0|7626.64|0|0|24035.76|2699.4|10000|0|0|0|10000|18963|IL|00||||||0|0|03/31/2026|0|0
S6IL00698|SCHWARTZBERG, STEVEN J|O|3||5200|0|0|0|0|5200|200|0|0|0|0|0|5000|IL|00||||||0|0|03/31/2026|0|0
S6IL00474|KELLY, ROBIN|O|1|DEM|3466395.93|2158560.13|3278736.11|0|0|187659.82|0|0|0|0|0|0|1075148.98|IL|||||||229001.96|0|03/31/2026|15968.5|2000
S6IL00482|KRISHNAMOORTHI, S|O|1|DEM|31390858.87|19285171.21|28237935.72|82603.27|0|3152923.15|0|0|0|0|0|116248.28|11005562.55|IL|||||||495361.2|500|03/31/2026|397815.98|5000
S6IL00581|RYAN, KEVIN|O|1|DEM|138950.63|0|147814.81|6225|0|-8864.18|5165.69|0|0|0|0|0|127616.84|IL|||||||388|350|03/31/2026|0|0
S6IL00623|DEAN, JONATHAN|O|1|DEM|124404.07|0|100311.38|0|0|24092.69|11407.09|61000|0|0|0|61077|50993.35|IL|||||||0|0|03/31/2026|0|0
S6IL00649|MAXWELL, BRYAN|O|1|DEM|21976|0|20613.84|0|0|1362.16|0|0|0|0|0|0|21976|IL|||||||0|0|03/31/2026|0|0
S6IL00656|BOTSFORD, STEVE|O|1|DEM|372718.37|0|372618.2|0|0|100.17|362994.57|0|0|0|0|0|9717|IL|||||||0|0|03/31/2026|0|0
S6IL00490|CAPPARELLI, R CARY|O|2|REP|13471.89|0|12643.39|0|0|828.5|250|4748.41|0|0|0|4748.41|8473.48|IL|||||||0|0|04/14/2026|0|0
S6IL00540|LONG, PAMELA|O|2|REP|24715.06|0|22829.78|0|0|1885.28|0|2637.99|0|0|0|2637.99|22077.07|IL|||||||0|0|04/09/2026|0|0
S0IN00061|HILL, BARON P|O|1|DEM|1060.65|0|8128.77|0|54471.73|47403.61|0|0|0|0|0|0|0|IN|00||||||0|0|03/31/2026|0|0
S2IN00091|DONNELLY, JOSEPH S|I|1|DEM|322.25|0|10529.01|0|100718.56|90511.8|0|0|0|0|0|0|0|IN|00||||||0|0|03/31/2026|0|0
S2IN00166|MCCRAY, VALERIE L DR|O|1|DEM|5203.07|0|6189.82|0|990.75|4979.56|0|4500.07|0|0|0|671.07|703|IN|00||||||0|0|12/31/2025|0|0
S4IN00261|POTTS, KEITH|O|1|DEM|5650|0|5811.47|0|163.59|2.12|5650|0|0|0|0|10800|0|IN|00||||||0|0|03/31/2026|0|0
S4IN00279|CARMICHAEL, ROBERT MARC|O|1|DEM|0|0|0|0|13200.15|13200.15|0|0|0|0|0|3147.12|0|IN|00||||||0|0|06/30/2025|0|0
S8IN00049|BAYH, EVAN|O|1|DEM|310775.13|0|27524.01|0|1948892.43|2232143.55|0|0|0|0|0|0|0|IN|00||||||0|0|03/31/2026|0|0
S4IN00196|BANKS, JAMES E. HON.|I|2|REP|1867267.71|550997.11|1464916.56|0|2613356.72|3015707.87|0|0|0|0|0|27931.73|795886.21|IN|00||||||396769|0|03/31/2026|27398.63|0
S6IN00191|YOUNG, TODD CHRISTOPHER|I|2|REP|3599267.98|1974136.52|1234309.96|0|4425942.64|6790900.66|0|0|0|0|0|0|953813.54|IN|00||||||492510|0|03/31/2026|40328.2|0
S8IN00189|ROKITA, THEODORE EDWARD|C|2|REP|0|0|5135.54|0|5135.54|5135.54|0|0|0|0|0|0|0|IN|00||||||0|0|09/30/2026|0|0
S0KS00166|WIESNER, PATRICK|C|1|DEM|0|0|129.48|0|11805.03|11675.55|0|0|0|0|0|50500|0|KS|00||||||0|0|03/31/2026|0|0
S0KS00307|REDDI, USHA|O|1|DEM|33.59|0|1000|0|10980.99|10014.58|0|0|0|0|0|0|0|KS|00||||||0|0|03/31/2026|0|0
S6KS00239|PARELKAR, LOIS ANNE ELIZABETH LEA|C|1|DEM|19898|0|19707.85|0|0|190.15|0|5500|0|0|0|5500|14398|KS|00||||||0|0|03/31/2026|0|0
S6KS00247|DAVIS, CHRISTY|C|1|DEM|137068.03|0|77796.18|0|0|59271.85|0|0|0|0|0|0|137068.03|KS|00||||||0|0|03/31/2026|0|0
S6KS00262|SPIDEL NEUMANN, SANDY|C|1|DEM|187436.34|0|149326.67|0|0|38109.67|3500|100000|0|0|0|100000|83877.11|KS|00||||||0|0|03/31/2026|20|0
S6KS00270|MURRAY, ERIK|C|1|DEM|179817.62|0|134230.89|0|0|45586.73|0|0|0|0|0|0|179817.62|KS|00||||||0|0|03/31/2026|0|0
S6KS00288|SCHMIDT, PATRICK|C|1|DEM|177173.5|0|47590.34|0|0|129583.16|0|0|0|0|0|0|164923.5|KS|00||||||12250|0|03/31/2026|0|0
S6KS00296|TAYLOR, NOAH|C|1|DEM|72435|0|3801.94|0|0|68633.06|3500|0|0|0|0|0|58934.83|KS|00||||||10000|0|03/31/2026|0|0
S6KS00304|HART, JASON|C|1|DEM|10741.42|0|5372.27|0|0|5369.15|1540|2279.39|0|0|0|4111.53|6922.03|KS|00||||||0|0|03/31/2026|100|0
H6KS01179|MARSHALL, ROGER W|I|2|REP|3331963.38|519607.86|255723.24|0|1705018.64|4781258.78|0|0|0|0|0|0|1461071.57|KS|00||||||1233250|62000|03/31/2026|40172.58|55000
S0KS00091|MORAN, JERRY|I|2|REP|990634.22|371864.13|244726.92|0|4769384.3|5515291.6|0|0|0|0|0|61238.33|173861.52|KS|00||||||285450|0|03/31/2026|10250.22|2500
S0KS00315|MARSHALL, ROGER W|I|2|REP|3331963.38|519607.86|255723.24|0|1705018.64|4781258.78|0|0|0|0|0|0|1461071.57|KS|00||||||1233250|62000|03/31/2026|40172.58|55000
S0KS00349|HAMILTON, BOB|O|2|REP|0|0|0|0|0|0|0|0|0|0|0|1150|0|KS|00||||||0|0|03/31/2026|0|0
S0KY00420|BOOKER, CHARLES|C|1|DEM|2863.07|0|7819.2|0|5732.69|776.56|0|0|0|0|0|89544|2863.07|KY|00||||||0|0|03/31/2026|-1850|0
S6KY00211|STEVENSON, PAMELA|O|1|DEM|266962.54|0|242098.61|0|0|24863.93|0|0|0|0|0|63806.69|259292.03|KY|00||||||2500|0|09/30/2025|263.5|0
S6KY00328|FORSYTHE, LOGAN|O|1|DEM|46938.03|0|43805.16|0|0|3132.87|0|0|0|0|0|0|46271.77|KY|00||||||0|0|12/31/2025|0|0
S6KY00336|WILLETT, JOEL|O|1|DEM|350036.01|0|321249.37|0|0|28786.64|0|200000|0|104000|0|96000|145036.01|KY|00||||||5000|0|12/31/2025|25|0
S6KY00344|MCGRATH, AMY|O|1|DEM|1942704.23|0|1631150.23|0|0|311554|0|0|0|0|0|7350|1911809.88|KY|00||||||25000|0|03/31/2026|5647.12|0
S6KY00369|ROMANS, DALE|O|1|DEM|821111.07|0|380233.44|0|0|440877.63|0|0|230000|0|0|230000|587611.07|KY|00||||||3500|0|03/31/2026|0|0
S6KY00385|BOOKER, CHARLES|O|1|DEM|368365.15|0|170264.65|0|0|198100.5|0|0|0|0|0|0|363364.86|KY|00||||||5000|0|03/31/2026|2220|0
S0KY00156|PAUL, RAND|I|2|REP|3312762.54|184699.95|3196268.18|0|6693597.37|6810091.73|0|0|0|0|0|0|2811813.98|KY|00||||||85546.15|0|03/31/2026|36301.85|0
S0KY00198|THONEY, ROGER|C|2|REP|0|0|86|0|1571.53|1485.53|0|0|0|0|0|27900|0|KY|00||||||0|0|03/31/2026|0|0
S2KY00012|MCCONNELL, MITCH|I|2|REP|174224.95|11008.48|934417.29|0|8093464.4|7333272.06|0|0|0|0|0|0|18653.82|KY|00||||||15000|0|03/31/2026|581890.02|204912.37
S6KY00237|CAMERON, DANIEL|O|2|REP|2060372.38|0|1295627.37|0|0|764745.01|0|0|0|0|0|0|2057566.49|KY|00||||||2000|0|03/31/2026|0|0
S6KY00260|FARIS, MICHAEL|O|2|REP|61529.95|0|78371.26|0|0|-16841.31|10219.02|0|0|0|0|0|50310.93|KY|00||||||1000|0|03/31/2026|0|0
S6KY00278|FARIS, MICHAEL JAMES|O|2|REP|61529.95|0|78371.26|0|0|-16841.31|10219.02|0|0|0|0|0|50310.93|KY|00||||||1000|0|03/31/2026|0|0
S6KY00286|BARR, GARLAND ANDY|O|2|REP|7968106.41|1760475.65|7486809.96|0|3693077.64|4174374.09|0|0|0|0|0|0|4466197.91|KY|00||||||1539700|0|03/31/2026|23500|9000
S6KY00302|MORRIS, NATE|O|2|REP|7028611.22|221023.63|6448016.35|0|0|580594.87|0|4902000|0|0|0|4902000|1851252.55|KY|00||||||40000|0|03/31/2026|26738.41|3000
S0KY00396|BARRON, STEPHEN BRADLEY|C|3|LIB|0|0|0|0|12811.57|12811.57|0|0|0|0|0|0|0|KY|00||||||0|0|03/31/2026|0|0
S0KY00339|MCGRATH, AMY||1|DEM|1942704.23|0|1631150.23|0|0|311554|0|0|0|0|0|7350|1911809.88|KY|||||||25000|0|03/31/2026|5647.12|0
S6KY00393|WENZEL, DONALD RAY||2|REP|2431.4|0|2431.4|0|0|0|2431.4|0|0|0|0|0|0|KY|||||||0|0|03/15/2026|0|0
S2LA00168|STEIB, SYRITA|C|1|DEM|0|0|0|0|13076.63|13076.63|0|0|0|0|0|33614.25|0|LA|00||||||0|0|04/16/2025|0|0
S4LA00040|JOHN, CHRIS|C|1|DEM|100|0|90.18|0|2.79|12.61|100|0|0|0|0|126480.15|0|LA|00||||||0|0|03/31/2026|0|0
S6LA00615|DAVIS, JAMIE|C|1|DEM|325965.17|0|184143.76|0|0|141821.41|0|10000|0|0|0|10000|315965.16|LA|00||||||0|0|03/31/2026|2719.5|0
S6LA00680|CROCKETT, GARY|C|1|DEM|350000|0|12138.94|0|337861.06|675722.12|0|350000|0|0|0|350000|0|LA|00||||||0|0|03/31/2026|0|0
S6LA00706|ALBARES, NICHOLAS S.||1|DEM|70920.59|0|16884.09|0|0|54036.5|0|0|5275|0|0|5275|65645.59|LA|00||||||0|0|03/31/2026|0|0
S4LA00057|VITTER, DAVID B|I|2|REP|0|0|3800|1000|5261.28|1461.28|0|0|0|0|0|0|0|LA|00||||||0|0|03/31/2026|0|0
S4LA00065|KENNEDY, JOHN NEELY|I|2|REP|8195849.16|309906.44|5644652|0|15930181.7|18481378.86|0|0|0|0|0|0|7185355.62|LA|00||||||79850|0|03/31/2026|175429.21|0
S4LA00107|CASSIDY, WILLIAM M.|I|2|REP|6507706.19|2270862.56|5959587.57|0|6580418.28|7128536.9|0|0|0|0|0|0|2303602.81|LA|00||||||1595909.52|62000|03/31/2026|42997.34|0
S6LA00318|FLEMING, JOHN C. JR.|C|2|REP|11227243.48|0|9076736.19|0|18896.38|2169403.67|0|10625000|0|7499275|0|3654723|593743.48|LA|00||||||7000|0|03/31/2026|-16700|0
S6LA00532|WYATT, SAMUEL LEE MR.|C|2|REP|288715.79|0|284486.72|0|0|4229.07|0|184056.58|0|0|0|184056.58|103239.33|LA|00||||||0|0|03/31/2026|9401.68|0
S6LA00540|MIGUEZ, BLAKE|C|2|REP|6176129.74|0|2188997.86|0|0|3987131.88|0|3013458.06|0|0|0|3013458.06|3085543.87|LA|00||||||60686.07|0|03/31/2026|49230.01|0
S6LA00573|SEIDEN, KATHY W|C|2|REP|1202191|0|1191584.43|0|0|10606.57|0|1075000|0|995000|0|80000|127191|LA|00||||||0|0|03/31/2026|0|0
S6LA00581|EMERSON, JULIE CATHRYN|C|2|REP|688875.02|0|656194.34|0|0|32680.68|0|300000|0|300000|0|0|362375.02|LA|00||||||18000|0|03/31/2026|98000|0
S6LA00664|LETLOW, JULIA|C|2|REP|3913424.32|3290353.04|1639379.99|0|0|2274044.33|0|0|0|0|0|0|480571.28|LA|00||||||142500|0|03/31/2026|75|0
S6LA00672|SKRMETTA, ERIC|C|2|REP|67750|0|9184.16|0|0|58565.84|0|0|0|0|0|45983.37|64250|LA|00||||||3500|0|03/31/2026|0|0
S6LA00698|SPENCER, MARK|C|2|REP|5395|0|5275|0|0|120|120|5275|0|0|0|5275|0|LA|00||||||0|0|03/31/2026|0|0
S2MA00170|WARREN, ELIZABETH|I|1|DEM|3772360.96|107000|3499344.25|0|3450046.67|3723063.38|0|0|0|0|0|0|3604077.29|MA|00||||||15000|0|03/31/2026|26739.08|0
S4MA00028|MARKEY, EDWARD SEN.|I|1|DEM|3804689.34|1492472.73|3073999.78|0|1810686.97|2541376.53|0|0|0|0|0|0|1705111.1|MA|00||||||483100|0|03/31/2026|60952.38|5000
S6MA00254|RIKLEEN, ALEXANDER|C|1|DEM|75700.42|0|72981.88|0|0|2718.54|154.09|23887.24|0|0|0|37789.41|51659.09|MA|00||||||0|0|03/31/2026|20|0
S6MA00296|MOULTON, SETH|C|1|DEM|4255419.17|1469.16|2774289.78|0|1850338.06|3331467.45|0|0|0|0|0|0|3951789.48|MA|00||||||216100|0|03/31/2026|100408.4|16000
S4MA00291|ANTONELLIS, ROBERT JOSEPH|C|2|REP|2000|0|0|0|-630.63|1369.37|0|2000|0|0|0|59434.57|0|MA|00||||||0|0|03/31/2026|0|0
S4MA00358|DEATON, JOHN|C|2|REP|38.22|0|48374.32|0|48336.1|0|0|0|0|41478.25|0|0|-5|MA|00||||||0|0|04/03/2025|0|0
S6MA00270|BECH, NATHAN ALEXANDER|C|2|REP|40000|0|43984.05|0|4773.74|789.69|0|40000|0|4773.74|0|132087.21|0|MA|00||||||0|0|03/31/2026|0|0
S6MA00304|DEATON, JOHN|C|2|REP|1400141.01|0|571567.1|0|0|828573.91|53414|1000000|0|0|0|1005000|320775.19|MA|00||||||0|0|03/31/2026|0|0
S4MA00275|AYYADURAI, SHIVA DR.|C|3|IND|9869.51|0|2542.56|0|0|7326.95|5415.92|0|0|0|0|0|4453.59|MA|00||||||0|0|03/31/2026|0|0
S6MA00262|DAWICKI, MORGAN GIFFORD|C|3|IND|16497.8|0|7308.9|0|0|3997.99|4331.08|0|0|0|0|0|12166.72|MA|00||||||0|0|03/31/2026|0|0
S8MA00268|AYYADURAI, SHIVA DR|C|3|IND|9869.51|0|2542.56|0|0|7326.95|5415.92|0|0|0|0|0|4453.59|MA|00||||||0|0|03/31/2026|0|0
S6MA00288|TACHE, JOSEPH|C|3|OTH|96091.67|0|66361.23|0|0|29730.44|0|0|0|0|0|1650|95611.85|MA|00||||||0|0|03/31/2026|0|0
S2MD00529|SMITH, MICHELLE LAURENCE MS|C|1|DEM|0|0|0|0|0|0|0|0|0|0|0|0|0|MD|00||||||0|0|03/31/2026|0|0
S4MD00301|JAWANDO, WILL|O|1|DEM|0|0|138465.86|0|138465.86|0|0|0|0|0|0|0|0|MD|00||||||0|0|07/15/2025|0|0
S4MD00319|TRONE, DAVID|O|1|DEM|11041367.95|0|6744393.16|0|3841.43|4300816.22|406107.21|10000000|0|580000|0|10000000|31450|MD|00||||||0|0|03/31/2026|0|0
S4MD00327|ALSOBROOKS, ANGELA|I|1|DEM|1514583.43|334470.31|974813.68|6414.25|49845.38|589615.13|0|0|0|0|0|35065.99|713750|MD|00||||||372750|0|03/31/2026|19641.55|2000
S6MD03177|CARDIN, BENJAMIN L|I|1|DEM|7213.91|0|427404.23|0|463441.73|43251.41|0|0|0|0|0|0|0|MD|00||||||0|0|03/31/2026|-34850|-7000
S6MD03441|VAN HOLLEN, CHRIS|I|1|DEM|1515661.04|247483.99|446554.55|0|1953402.17|3022508.66|0|0|0|0|0|2209.56|1197783.57|MD|00||||||68250|0|03/31/2026|3450.67|0
S2MD00602|FRIEND, LORIE R|O|2|REP|0|0|0|0|-2161.94|-2161.94|0|0|0|0|0|8692.25|0|MD|00||||||0|0|03/31/2026|0|0
S4MD00293|FICKER, ROBIN|O|2|REP|26.6|0|225|0|198.4|0|0|0|0|0|0|0|0|MD|00||||||0|0|01/16/2026|0|0
S4MD00483|HOGAN, LARRY|O|2|REP|142947.61|2292|296257.42|0|153309.81|0|0|0|0|0|0|9357.08|19160.13|MD|00||||||0|0|03/31/2026|5800|0
S4MD00467|WALLACE, NANCY|O|3|GRE|1000|0|820|0|-551.07|-371.07|0|0|0|0|0|0|0|MD|00||||||0|1000|09/30/2026|0|0
S0ME00111|GIDEON, SARA|C|1|DEM|55104.97|0|1135824.25|0|3761420.02|2680700.74|0|0|0|0|0|0|0|ME|00||||||0|0|03/31/2026|27750|0
S4ME00113|COSTELLO, DAVID|C|1|DEM|143480.66|0|96332.4|0|0|47148.26|4795.98|110000|0|80000|0|30000|28678.25|ME|00||||||0|0|03/31/2026|0|0
S6ME00332|WOOD, JORDAN|C|1|DEM|5134287.9|0|4437808.03|0|0|696479.87|11323.68|250000|0|0|0|250000|4835948.23|ME|00||||||35100|0|03/31/2026|54636.6|5000
S6ME00340|LAFLAMME, ANDREA|C|1|DEM|7739.32|0|1928.92|0|0|5810.4|0|1750|0|0|0|1750|5989.32|ME|00||||||0|0|03/31/2026|0|0
S6ME00357|FAVREAU, TUCKER|C|1|DEM|13599.1|0|5076.27|0|0|8522.83|8670.25|0|0|0|0|0|4928.77|ME|00||||||0|0|03/31/2026|0|0
S6ME00365|RODRIGUEZ, DAIRA|C|1|DEM|242582.34|0|242582.34|0|0|0|53000|160000|0|160000|0|0|29582.33|ME|00||||||0|0|12/31/2025|0|0
S6ME00373|PLATNER, GRAHAM|C|1|DEM|11956529.27|0|9225671.66|0|0|2730857.61|0|0|0|0|0|4766.6|11851220.77|ME|00||||||77550|0|03/31/2026|64045.37|0
S6ME00381|KLEBAN, DAN|C|1|DEM|458786.42|0|458366.92|0|0|419.5|214666.84|0|0|0|0|1687.5|244074.58|ME|00||||||0|0|03/31/2026|33107.5|0
S6ME00407|MILLS, JANET TRAFTON|C|1|DEM|5359823.45|115851.94|4285469.89|0|0|1074353.56|0|0|0|0|0|0|5019502.07|ME|00||||||140728.38|0|03/31/2026|47033.65|228.38
S6ME00159|COLLINS, SUSAN M.|I|2|REP|10463303.65|3444756.78|3038765.01|0|2576308.9|10000847.54|0|0|0|0|0|0|5959045.69|ME|00||||||905050|62000|03/31/2026|170949.57|11200
S6ME00316|CALABRESE, CARMEM VINCENT MR.|C|2|REP|17759.71|0|21259.71|0|0|-3500|0|0|0|0|0|0|17759.71|ME|00||||||0|0|09/30/2025|0|0
S6ME00324|CALABRESE, CARMEN VINCENT MR.|C|2|REP|17759.71|0|21259.71|0|0|-3500|0|0|0|0|0|0|17759.71|ME|00||||||0|0|09/30/2025|0|0
S2ME00109|KING, ANGUS S. JR.|I|3|IND|48607.13|0|218438.27|0|238716.77|68885.63|0|0|0|0|0|0|20944.35|ME|00||||||22000|0|03/31/2026|13417.5|0
S6ME00282|RENCH, PHILLIP|C|3|IND|55499.8|0|47452|0|0|8047.8|5.43|50000|0|0|0|50000|4632.33|ME|00||||||0|0|12/31/2025|4580.33|0
S6ME00399|EVANS, DAVID ALAN|C|3|IND|6436.72|0|6436.72|0|0|0|0|0|0|0|0|0|6436.72|ME|00||||||0|0|12/31/2025|0|0
S4MI00355|PETERS, GARY|I|1|DEM|201476.25|6170.41|786015.06|0|7128329.47|6543790.66|0|0|0|0|0|0|18622.32|MI|00||||||9500|0|03/31/2026|368518.94|234600
S4MI00470|SLOTKIN, ELISSA|I|1|DEM|4378578.6|2847.24|2296328.03|20000|282715.38|2364965.95|0|0|0|0|0|15340|4146863.02|MI|00||||||13000|0|03/31/2026|51699.18|1700
S4MI00496|BEYDOUN, NASSER|O|1|DEM|0|0|0|0|16246.13|9690.79|0|0|0|0|0|0|0|MI|00||||||0|0|03/31/2026|0|0
S6MI00392|MCMORROW, MALLORY|O|1|DEM|8624066.19|0|4931519.99|0|0|3692546.2|83.66|0|0|0|0|0|8475064.69|MI|00||||||58718.64|0|03/31/2026|62595.48|0
S6MI00418|EL-SAYED, ABDUL|O|1|DEM|7646727.83|0|5117400.65|0|0|2529327.18|14000|0|0|0|0|0|7572495.77|MI|00||||||38825|0|03/31/2026|25439.8|0
S6MI00426|STEVENS, HALEY|O|1|DEM|8870471.26|1648792.89|5481553.31|260750|0|3388917.95|0|0|0|0|0|56555.46|6479180.53|MI|00||||||564556|0|03/31/2026|41253.11|0
S6MI00459|TATE, JOSEPH ALLEN|O|1|DEM|243635.76|0|243635.76|0|0|0|0|0|0|0|0|0|222028.21|MI|00||||||6250|0|09/30/2025|5092|0
S6MI00467|HOWARD, RACHEL ELIZABETH|O|1|DEM|10937|0|6170.77|0|0|4766.23|0|3287|0|0|0|3287|7650|MI|00||||||0|0|09/30/2025|0|0
S8MI00281|STABENOW, DEBBIE|I|1|DEM|8350.36|0|622820.6|0|614470.24|0|0|0|0|0|0|0|0|MI|00||||||7344.19|0|06/30/2025|-152286.59|-36030
S4MI00454|HOOVER, MICHAEL|O|2|REP|0|0|0|0|1660.59|1660.59|0|0|0|0|0|72992.99|0|MI|00||||||0|0|03/31/2026|0|0
S4MI00561|O'DONNELL, SHERRELL ANNE|O|2|REP|5790.15|0|13084.37|0|7294.22|0|2717.55|0|0|7500|0|0|72.6|MI|00||||||0|0|04/14/2025|0|0
S4MI00579|SAVAGE, SHARON MAUREEN|O|2|REP|0|0|0|0|49174.49|49174.49|0|0|0|0|0|0|0|MI|00||||||0|0|03/31/2025|0|0
S4MI00595|ROGERS, MICHAEL J|O|2|REP|7623339.49|2420849.47|3670043.1|6048.21|254731.44|4208027.83|0|0|0|0|0|0|4476026.42|MI|00||||||616977.09|62000|03/31/2026|21150.12|6500
S4MI00637|MEIJER, PETER MR.|O|2|REP|0|0|719.39|0|15867.86|15148.47|0|0|0|0|0|514533.5|0|MI|00||||||0|0|03/31/2026|0|0
S4MI00694|AMASH, JUSTIN|O|2|REP|552.18|0|3500|0|3200.34|252.52|549.66|0|0|0|0|0|0|MI|00||||||0|0|03/31/2026|0|0
S6MI00384|HEURTEBISE, FREDERICK|O|2|REP|10058.6|0|10058.6|0|0|0|0|0|0|0|0|0|10058.6|MI|00||||||0|0|05/03/2025|0|0
S6MI00434|SCOTT, GENEVIEVE|O|2|REP|76083.76|0|69528.6|0|0|6555.16|0|48669.16|0|0|0|48669.16|27414.6|MI|00||||||0|0|03/31/2026|208.2|0
S6MI00517|SMITH, BERNADETTE|O|2|REP|53804.41|0|52499.8|0|0|1304.61|0|0|0|0|0|0|53648.08|MI|00||||||0|0|03/31/2026|0|0
S8MI00372|JAMES, JOHN|C|2|REP|0|0|-9467.32|0|770.28|10237.6|0|0|0|0|0|0|0|MI|00||||||0|0|03/31/2026|0|0
S6MI00509|STEPHENS, THOMAS WAYNE|O|3|NPA|1000|0|220.48|0|0|779.52|0|500|0|0|0|500|500|MI|00||||||0|0|12/31/2025|0|0
S6MN00465|LOPEZ FRANZEN, MELISA|O|1|DEM|299376.29|0|299376.29|0|0|0|100000|0|0|0|0|0|191138.59|MN|00||||||5000|0|07/15/2025|9304|0
S6MN00499|CRAIG, ANGIE|O|1|DEM|9290611.68|1017751.18|4395298.62|74499.44|0|4895313.06|0|373000|0|0|0|389289.67|7242492.33|MN|00||||||622834.6|824.83|03/31/2026|59746.19|2500
S8MN00438|FRANKEN, AL|I|1|DEM|65586.96|0|410468.02|0|1746018.32|1401137.26|0|0|0|0|0|0|0|MN|00||||||0|0|03/31/2026|0|0
S8MN00578|SMITH, TINA|I|1|DEM|48581.55|0|506058.16|0|727733.84|270257.23|0|0|0|0|0|0|15204.03|MN|00||||||23000|0|03/31/2026|86328|61000
S4MN00361|ORTMAN, JULIANNE|C|2|REP|0|0|0|0|4.98|4.98|0|0|0|0|0|49563.29|0|MN|00||||||0|0|12/31/2025|0|0
S4MN00486|RUOHO, MIKE|O|2|REP|0|0|550|0|413.65|-136.35|0|0|0|0|0|0|0|MN|00||||||0|0|03/31/2025|0|0
S4MN00502|WHITE, ROYCE|O|2|REP|565894.4|0|622199.36|0|139108.68|82803.72|0|0|0|0|0|75|536467.63|MN|00||||||0|0|03/31/2026|63458.8|0
S4MN00510|FRASER, JOSEPH|C|2|REP|30|0|9903.6|0|18546.9|8693.3|0|0|0|0|0|198898.57|30|MN|00||||||0|0|03/31/2026|9900|0
S6MN00457|SCHWARZE, ADAM|O|2|REP|1102851.14|4638.04|879423.21|0|0|223427.93|0|40000|0|0|0|40000|1018869.59|MN|00||||||30309.31|0|03/31/2026|13458.31|0
S6MN00515|WEILER, TOM|O|2|REP|105397.12|0|56432.5|0|1760.68|50725.3|15619.12|53070|0|0|0|112570|36708|MN|00||||||0|0|03/31/2026|0|0
S6MN00531|HANN, DAVID W|O|2|REP|133465.26|0|133465.26|0|0|0|0|0|0|0|0|0|133285.92|MN|00||||||0|0|04/29/2026|14040.78|0
S6MN00549|YORK, MARK|O|2|REP|56206.07|0|45484.61|0|0|10721.46|5000|0|0|0|0|0|51206.07|MN|00||||||0|0|03/31/2026|0|0
S6MN00556|TAFOYA, MICHELE|O|2|REP|2041939.86|121699.32|186972.48|0|0|1854967.38|4840.51|0|0|0|0|0|1758376.49|MN|00||||||95000|62000|03/31/2026|22903.48|0
S8MN00586|HOUSLEY, KARIN|C|2|REP|0|0|1405|0|4892.6|3487.6|0|0|0|0|0|0|0|MN|00||||||0|0|06/30/2025|0|0
S6MN00267|KLOBUCHAR, AMY|I|3|DFL|2515566.99|620194.27|2988157.73|0|1781557.02|1308966.28|0|0|0|0|0|0|1578205.83|MN|00||||||159000|0|03/31/2026|343522.77|21500
S6MN00440|FLANAGAN, MARGARET|O|3|DFL|4646309.17|0|3502299.33|0|0|1144009.84|3500|0|0|0|0|0|4481745.83|MN|00||||||129916.88|0|03/31/2026|36950.58|1000
S4MN00569|LACEY, JOYCE L|C|3|IDP|253|0|0|0|4.05|257.05|251|0|0|0|0|0|2|MN|00||||||0|0|03/31/2026|0|0
S4MN00551|PETERSEN, RAYMOND DAVID|O|2|REP|960.98|0|960.98|0|0|0|960.98|0|0|0|0|0|0|MN|||||||0|0|03/31/2026|0|0
S4MO00250|BELL, WESLEY|C|1|DEM|1903759.36|11500|1100409.21|0|433920.89|1237271.04|0|0|0|0|0|0|1459892.1|MO|00||||||426795.67|0|03/31/2026|4647.09|0
H0MO07113|LONG, BILLY MR.|I|2|REP|136900|0|166732.28|0|29832.28|0|0|0|0|130000|0|0|136900|MO|00||||||0|0|04/15/2025|2940|5000
S2MO00536|GREITENS, ERIC|O|2|REP|0|0|0|0|0|0|0|0|0|0|0|76963.5|0|MO|00||||||0|0|03/31/2026|0|0
S2MO00544|SCHMITT, ERIC|I|2|REP|2729849.42|671675.42|1826166.73|0|520563.68|1424246.37|0|0|0|0|0|0|1877174|MO|00||||||181000|0|03/31/2026|19910.21|2000
S2MO00726|LONG, BILLY|O|2|REP|136900|0|166732.28|0|29832.28|0|0|0|0|130000|0|0|136900|MO|00||||||0|0|04/15/2025|2940|5000
S8MO00160|HAWLEY, JOSHUA DAVID SEN|I|2|REP|1518950.76|1196710.18|917519.64|0|298262.88|899694|0|0|0|0|0|0|296135.75|MO|00||||||20500|0|03/31/2026|0|0
S8MO00178|SYKES, B COURTLAND|C|2|REP|0|0|0|0|4410.12|4410.12|0|0|0|0|0|0|0|MO|00||||||0|0|03/31/2026|0|0
S2MO00742|HARRIS, RONALD|O|1|DEM|100|0|126|0|30.22|4.22|0|100|0|0|0|9520.02|0|MO|||||||0|0|03/06/2026|0|0
S6MS00133|COLOM, SCOTT|C|1|DEM|1619367.76|0|1059740.86|0|0|559626.9|0|25000|0|0|0|86514.64|1367121.97|MS|00||||||226575|0|03/31/2026|7198|0
S6MS00141|TILL, PRISCILLA WILLIAMS|C|1|DEM|8584.39|0|3029.82|0|0|0|2000|0|0|0|0|0|1501.05|MS|00||||||0|0|04/15/2026|0|0
S6MS00158|TILL, PRISCILLA WILLIAMS|C|1|DEM|8584.39|0|3029.82|0|0|0|2000|0|0|0|0|0|1501.05|MS|00||||||0|0|04/15/2026|0|0
S8MS00287|ESPY, MICHAEL|C|1|DEM|0|0|3527|0|137244.44|133717.44|0|0|0|0|0|0|0|MS|00||||||0|0|03/31/2026|0|0
S4MS00120|MCDANIEL, CHRISTOPHER BRIAN|O|2|REP|0|0|30|0|31.47|1.47|0|0|0|0|0|46700|0|MS|00||||||0|0|03/31/2026|0|0
S4MS00203|BURTON, TIMOTHY GHANNON COLONEL(R)|C|2|REP|0|0|1595.63|0|1595.63|0|0|0|0|1481.63|0|0|0|MS|00||||||0|0|04/30/2025|0|0
S6MS00109|ADLAKHA, SARAH ANNE DR|C|2|REP|566184.12|0|556454.75|0|0|9729.37|0|496000|0|0|0|547000|70184.12|MS|00||||||0|0|02/18/2026|1750|0
S8MS00196|WICKER, ROGER SEN.|I|2|REP|193613.35|10580|425757.66|0|2994748.81|2762604.5|0|0|0|0|0|0|63253.32|MS|00||||||101000|0|03/31/2026|994.4|7500
S8MS00261|HYDE-SMITH, CINDY|I|2|REP|3394174.57|633453.9|1405313.85|0|476763.85|2458624.57|0|0|0|0|0|60000|1703467.87|MS|00||||||995050|62000|03/31/2026|4100|14400
S4MS00187|PINKINS, TY|C|3|IND|90225.35|0|95207.94|0|5615.02|632.43|0|0|0|0|0|0|85885.53|MS|00||||||0|0|03/31/2026|250|0
S0MT00116|BALLARD, JACK|C|1|DEM|0|0|0|0|9.04|9.04|0|0|0|0|0|4520|0|MT|00||||||0|0|03/31/2026|0|0
S4MT00217|HUMMERT, MICHAEL|O|1|DEM|10900|0|3125|0|744.73|8519.73|700|10000|0|0|0|14850|200|MT|00||||||0|0|03/31/2026|0|0
S6MT00162|TESTER, R. JON|I|1|DEM|233311.01|484.95|257723.68|0|765883.64|741470.97|0|0|0|0|0|0|0|MT|00||||||0|0|03/31/2026|23633.71|2500
S6MT00238|NEILL, REILLY|O|1|DEM|272736.33|0|168977.55|0|179.58|103938.36|43457.17|88000|0|0|0|88000|140912.64|MT|00||||||66.52|300|03/31/2026|75|0
S6MT00246|BLACKWOLF, MICHAEL JAMES MR.|O|1|DEM|26144|0|25616.21|0|0|527.79|542|0|0|0|0|0|25602|MT|00||||||0|0|03/31/2026|0|0
S6MT00253|BANKHEAD, ALANI INES|O|1|DEM|15240.06|0|5775|0|1160|10625.06|4009.06|0|0|0|0|0|11231|MT|00||||||0|0|03/31/2026|0|0
S2MT00096|DAINES, STEVE|I|2|REP|4709051.07|1753510.23|2192226.74|0|1758242.92|4275067.25|0|0|0|0|0|44813.08|1383655.38|MT|00||||||1352050|62000|03/31/2026|9233.33|17300
S4MT00183|SHEEHY, TIM|I|2|REP|1418620.23|80638.34|1856246.33|0|1389007.94|951381.84|0|0|0|1100000|0|609018.77|1009569.01|MT|00||||||395375|7600|03/31/2026|135155|19500
S6MT00097|REHBERG, DENNIS RAY|C|2|REP|0|0|0|0|0|0|0|0|0|0|0|0|0|MT|00||||||0|0|03/31/2026|0|0
S6MT00295|ALME, KURT|O|2|REP|924643.51|162067.4|15686.66|0|0|908956.85|0|0|0|0|0|0|355576.11|MT|00||||||345000|62000|03/31/2026|0|0
S8MT00234|ROSENDALE, MATT MR.|C|2|REP|920.41|0|810043.39|0|920092.8|110969.82|0|0|0|750000|0|123500.7|0|MT|00||||||0|0|03/31/2026|0|0
S6MT00287|BODNAR, SETH|O|3|IND|1358574.95|0|213586.76|0|0|1144988.19|0|0|0|0|0|0|1332524.95|MT|00||||||26050|0|03/31/2026|21116.29|0
S6MT00261|AUSTIN, KYLE|O|3|LIB|262094.97|486.51|226081.96|0|550|36013.01|261081.96|0|0|0|0|0|526.5|MT|00||||||0|0|03/31/2026|0|0
S0NC00343|SMITH, ERICA DANETTE|O|1|DEM|0|0|0|0|4894.23|4894.23|0|0|0|0|0|91969.74|0|NC|00||||||0|0|03/31/2026|0|0
S2NC00471|NEWTON, EVERETTE (RETT) S.|O|1|DEM|0|0|0|0|0|0|0|0|0|0|0|0|0|NC|00||||||0|0|03/31/2026|0|0
S2NC00497|BEASLEY, CHERI|O|1|DEM|0|0|18125.35|0|18125.35|0|0|0|0|0|0|0|0|NC|00||||||0|0|05/23/2025|0|0
S6NC00340|NICKEL, WILEY|O|1|DEM|588995|0|1277986.16|0|688991.16|0|559.55|0|0|539000|0|0|534864.47|NC|00||||||41010|0|03/20/2026|98457.1|13500
S6NC00407|COOPER, ROY|O|1|DEM|26822372.69|14599706.32|8366909.64|0|0|18455463.05|0|0|0|0|0|0|10689977.85|NC|00||||||648235|65228.23|03/31/2026|71069.91|1000
S8NC00270|WILLIAMS, MARCUS W.|O|1|DEM|5656.28|0|5656.28|0|0|0|0|0|0|0|0|0|5656.28|NC|00||||||0|0|03/17/2026|0|0
S0NC00293|SMITH, SANDY|C|2|REP|0|0|0|0|144.86|144.86|0|0|0|0|0|180983.66|0|NC|00||||||0|0|03/31/2026|0|0
S2NC00307|WALKER, BRADLEY MARK MR.|C|2|REP|0|0|0|0|0|0|0|0|0|0|0|0|0|NC|00||||||0|0|03/31/2026|0|0
S2NC00505|BUDD, THEODORE P|I|2|REP|1108350.93|170129.63|961551.31|0|282358.27|429157.89|0|0|0|0|0|0|731407.78|NC|00||||||201750|0|03/31/2026|14196.13|0
S4NC00162|TILLIS, THOM R SEN|I|2|REP|4707959.82|535740.69|3268154.5|2869.61|2238086.49|3677891.81|0|0|0|0|0|0|2636769.36|NC|00||||||1483500|0|03/31/2026|982282.97|672750
S6NC00357|NILSSON, ROBERT ANDERS MR|O|2|REP|0|0|52|0|52|1912.66|0|0|0|0|0|0|5651.22|NC|00||||||0|0|11/08/2025|0|0
S6NC00373|BROWN, DON|O|2|REP|224689.23|0|225529.84|0|840.61|0|11634.26|0|0|0|0|0|211660.12|NC|00||||||0|0|04/13/2026|8222.15|0
S6NC00415|WHATLEY, MICHAEL|O|2|REP|8410251.85|3858037.23|5881909.26|1031.31|0|2528342.59|0|0|0|0|0|666374.48|3752923.06|NC|00||||||732500|62000|03/31/2026|10461.85|10000
S6NC00449|DUPRE, MARGOT||2|REP|60000|0|51150|0|0|8850|0|60000|0|0|0|60000|0|NC|00||||||0|0|03/31/2026|0|0
S6NC00472|DANSIE, RICHARD|O|2|REP|2410.17|0|1780|0|0|630.17|0|2400|0|0|0|2400|10|NC|00||||||0|0|12/31/2025|0|0
S6NC00480|JOHNSON, THOMAS LEE|O|2|REP|6720.07|0|4626.94|0|0|0|4517.1|0|0|0|0|0|2202.97|NC|00||||||0|0|04/13/2026|0|0
S6NC00522|MORROW, MICHELE|O|2|REP|12713.82|0|12035.64|0|0|678.18|0|0|0|0|0|0|12713.82|NC|00||||||0|0|03/31/2026|0|0
S6NC00464|MCGINNIS, BRIAN|O|3|GRE|64450.36|0|2299.5|0|523.4|62674.26|0|0|0|0|0|0|64447.81|NC|00||||||0|0|03/31/2026|0|0
S2ND00123|CHRISTIANSEN, KATRINA|C|1|DEM|8432.24|0|16691.46|0|8259.22|0|0|0|0|0|0|0|0|ND|00||||||0|0|06/30/2025|871|0
S0ND00093|HOEVEN, JOHN|I|2|REP|335530.53|38791.29|251102.44|0|567303.95|651732.04|0|0|0|0|0|100000|149803|ND|00||||||145600|0|03/31/2026|0|200
S8ND00120|CRAMER, KEVIN MR.|I|2|REP|989847.21|0|1013079.59|0|2354889.37|2331656.99|0|0|0|0|0|0|814274.63|ND|00||||||131500|0|03/31/2026|20808.18|0
S6NE00095|NELSON, E BENJAMIN|O|1|DEM|0|0|0|0|0|3927.22|0|0|0|0|0|0|0|NE|00||||||0|0|03/31/2026|0|0
S6NE00160|FORBES, WILLIAM|C|1|DEM|1000|0|1000|0|0|0|1000|0|0|0|0|0|0|NE|00||||||0|0|04/22/2026|0|0
S2NE00094|FISCHER, DEBRA S.|I|2|REP|683790.62|95612.85|401868.6|0|25211.83|307133.85|0|0|0|9400|0|0|300777.29|NE|00||||||285154.16|0|03/31/2026|0|0
S4NE00090|SASSE, BENJAMIN E.|C|2|REP|11123.65|0|208769.71|10000|2470913.02|2273266.96|0|0|0|0|0|0|0|NE|00||||||0|0|03/31/2026|0|0
S6NE00129|RICKETTS, PETE|I|2|REP|4866649.16|1610304.22|4281083.75|0|486969.11|1072534.52|45887.54|0|0|0|0|0|1753452.32|NE|00||||||1315602.65|62000|04/22/2026|20645|48000
S6NE00145|BURBANK, CINDY|C|3|DE|4163|0|164.47|0|0|3998.53|0|0|0|0|0|0|4163|NE|00||||||0|0|03/31/2026|0|0
S4NE00207|OSBORN, DAN|C|3|IND|3856314.95|19976.65|2784328.54|19976.65|63165.92|1135152.33|0|0|0|0|0|10390.48|3708127.42|NE|00||||||78742.5|0|04/22/2026|40115.73|1500
S6NE00152|MARVIN, MIKE|C|3|OTH|9390|0|5402.53|0|0|3987.47|0|0|0|0|0|4095|9390|NE|00||||||0|0|04/22/2026|0|0
S0NH00219|SHAHEEN, JEANNE|I|1|DEM|170979.14|0|706695.58|0|1456085.32|920368.88|0|0|0|0|0|0|101435.84|NH|00||||||54526.58|0|03/31/2026|139201.49|94201.58
S6NH00091|HASSAN, MARGARET WOOD|I|1|DEM|1982475.86|0|1437212.77|0|950734.37|1495997.46|0|0|0|0|0|0|1517205|NH|00||||||438898.14|0|03/31/2026|23690.08|5500
S6NH00141|PAPPAS, CHRIS|O|1|DEM|9860676.34|250648.2|6044770.26|0|407584.23|4223490.31|0|0|0|0|0|0|8655891.06|NH|00||||||951872.76|500|03/31/2026|36434.92|5000
S6NH00182|MANZUR, KARISHMA|O|1|DEM|114396.4|0|99741.66|0|0|14654.74|0|0|0|0|0|8416.27|113725.54|NH|00||||||250|0|03/31/2026|1210|0
S0NH00326|BOLDUC, DONALD C.|C|2|REP|0|0|51574.94|0|51574.94|0|0|0|0|0|0|0|0|NH|00||||||0|0|03/16/2026|0|0
S2NH00231|SMITH, KEVIN H.|C|2|REP|0|0|10165.64|0|10165.64|0|0|0|0|0|0|0|0|NH|00||||||0|0|12/24/2025|-30|0
S2NH00272|MANSHARAMANI, VIKRAM||2|REP|0|0|59387.79|0|59387.79|0|0|0|0|45755.05|0|0|0|NH|00||||||0|0|09/07/2025|0|0
S6NH00166|BROWN, SCOTT P.|O|2|REP|1664338.14|603232.86|880952.11|0|0|783386.03|0|0|0|0|0|0|930183.98|NH|00||||||130733.2|0|03/31/2026|0|0
S6NH00174|INNIS, DAN|O|2|REP|48502.53|0|48502.53|0|0|0|0|0|0|0|0|0|48502.53|NH|00||||||0|0|01/25/2026|6763.11|0
S6NH00208|SUNUNU, JOHN E|O|2|REP|2475941.37|622257.49|583037.19|0|0|1892904.18|0|0|0|0|0|0|1481875.38|NH|00||||||308500|62000|03/31/2026|0|0
S6NH00158|GIOVONIZZI, MATTHEW S|O|3|NON|4463.13|0|3227.1|0|0|1236.03|0|1850|0|0|0|1850|2498.13|NH|00||||||0|0|06/30/2025|0|0
S6NH00190|SULLIVAN, JARED||1|DEM|99746.19|0|60149.95|0|100|39696.24|13100|0|0|0|0|0|86646.19|NH|||||||0|0|03/31/2026|0|0
S2NH00280|FENTON, BRUCE|C|2|REP|0|0|83426.24|0|83426.24|0|0|0|0|83406.24|0|1724693.76|0|NH|||||||0|0|04/02/2025|0|0
S0NJ00068|BYRNE, BRENDAN THOMAS JR|C|1|DEM|703955.43|0|93511.11|7500|654667.01|1265111.33|0|0|0|0|0|0|0|NJ|00||||||0|0|03/31/2026|0|0
S2NJ00080|LAUTENBERG, FRANK R|C|1|DEM|0|0|2500|0|89427.9|86927.9|0|0|0|0|0|0|0|NJ|00||||||0|0|03/31/2026|0|0
S4NJ00185|BOOKER, CORY A.|I|1|DEM|16808282.46|3235000|5829198.17|0|11192485.99|22171570.28|0|0|0|0|0|0|12629918.79|NJ|00||||||486530|0|03/31/2026|170827.21|10525
S4NJ00466|KIM, ANDY|I|1|DEM|1355762.79|58684.58|895740.35|1500|621700.08|1081722.52|0|0|0|0|0|0|1190287.72|NJ|00||||||62005.01|0|03/31/2026|12119.47|0
S8NJ00392|ANDREWS, ROBERT E|C|1|DEM|58.11|0|155|0|1274.27|1177.38|0|0|0|0|0|114656.39|0|NJ|00||||||0|0|03/31/2026|0|0
S0NJ00191|SINGH, HIRSH V|C|2|REP|0|0|0|0|0|0|0|0|0|0|0|0|0|NJ|00||||||0|0|05/07/2025|0|0
S0NJ00217|MEHTA, RIKIN|C|2|REP|0|0|0|0|55.93|55.93|0|0|0|0|0|320000|0|NJ|00||||||0|0|03/31/2026|0|0
S4NJ00409|MELE, GREGG|O|2|REP|54740.08|0|49923.51|0|0|4816.57|0|45306.4|0|0|0|71528.8|9433.68|NJ|00||||||0|0|03/31/2026|9.5|0
S4NJ00441|SERRANO GLASSNER, CHRISTINE|O|2|REP|0|0|0|0|0|0|0|0|0|0|0|0|0|NJ|00||||||0|0|04/25/2025|0|0
S4NJ00532|MURPHY, JUSTIN MICHAEL LL.M.|C|2|REP|9709.03|0|8246.16|0|-896.06|566.81|0|4116.96|0|0|0|7966.96|5592.07|NJ|00||||||0|0|03/31/2026|0|0
S4NJ00540|BASHAW, CURTIS|O|2|REP|142.39|0|67787.23|0|67644.84|0|0|0|0|59156.63|0|0|142.39|NJ|00||||||0|0|03/31/2025|619.68|0
S6NJ00131|ZIMMER, DICK|C|2|REP|0|0|8199.39|0|8199.39|0|0|0|0|0|0|0|0|NJ|00||||||0|0|06/19/2025|0|0
S6NJ00271|KEAN, THOMAS H JR|C|2|REP|0|0|24066|0|24450.51|384.51|0|0|0|24000|0|88000|0|NJ|00||||||0|0|03/31/2026|0|0
S6NJ00412|ZDAN, ALEX|C|2|REP|7378.78|0|1552.21|0|0|5826.57|1620.51|0|0|0|0|0|5758.27|NJ|00||||||0|0|03/31/2026|0|0
S6NJ00438|LEBOVICS, ROBERT|C|2|REP|101260.25|0|77955.94|0|0|23304.31|0|100000|0|0|0|100000|1260.25|NJ|00||||||0|0|03/31/2026|0|0
S8NJ00483|SINGH, HIRSH|C|2|REP|0|0|0|0|0|0|0|0|0|0|0|0|0|NJ|00||||||0|0|05/07/2025|0|0
S6NJ00289|MENENDEZ, ROBERT|I|3|IND|16661.58|0|807182.53|0|797757.19|7236.24|0|0|0|0|0|0|0|NJ|00||||||0|0|03/31/2026|0|0
S0NM00058|LUJAN, BEN RAY|I|1|DEM|4658613.41|953120|1696484.92|0|1213792.89|4175921.38|0|0|0|0|0|0|2408143.73|NM|00||||||1280050|0|03/31/2026|48995.38|10500
S0NM00074|TOULOUSE OLIVER, MAGGIE|O|1|DEM|0|0|75|0|2693.05|2618.05|0|0|0|0|0|15312.17|0|NM|00||||||0|0|03/31/2026|0|0
S2NM00088|HEINRICH, MARTIN|I|1|DEM|1211120.87|9090|1053651.63|0|319551.15|477020.39|0|0|0|0|0|0|857364.6|NM|00||||||341421.39|0|03/31/2026|634.72|5000
S6NM01145|DODSON, MATT|C|1|DEM|11843.44|0|8069.46|0|0|3773.98|7005|0|0|0|0|0|4838.44|NM|00||||||0|0|03/31/2026|0|0
S0NM00116|SANCHEZ, LOUIE J|O|2|REP|0|0|6080.66|0|3040.33|0|0|0|0|0|0|0|0|NM|00||||||0|0|06/30/2025|0|0
S4NM00183|DOMENICI, NELLA LOUISE LOUISE|C|2|REP|2535.8|0|70693.82|0|71657.57|3499.55|3300|0|0|0|0|2800000|-764.2|NM|00||||||0|0|03/31/2026|-3300|304.55
S6NM01129|L, BEN R JR.|C|2|REP|0|0|0|0|0|0|0|0|0|0|0|0|0|NM|00||||||0|0|12/31/2025|0|0
S6NV00200|CORTEZ MASTO, CATHERINE|I|1|DEM|1842748.74|6000|1999039.34|0|3496046.02|3339755.42|0|0|0|0|0|0|1388610.41|NV|00||||||189000|0|03/31/2026|12784.43|0
S6NV00234|MAHENDRA, SUJEET BOBBY NARENDRA|C|1|DEM|0|0|0|0|2976.47|2976.47|0|0|0|0|0|32000|0|NV|00||||||0|0|03/31/2026|0|0
S8NV00156|ROSEN, JACKY|I|1|DEM|1201412.28|5067.65|1965602.58|0|1780095.8|1015905.5|0|0|0|0|0|0|863506.07|NV|00||||||123000|0|03/31/2026|60393.89|0
S0NV00203|TARKANIAN, DANNY|C|2|REP|0|0|0|0|0|0|0|0|0|0|0|0|0|NV|00||||||0|0|03/31/2026|0|0
S2NV00324|LAXALT, ADAM|C|2|REP|0|0|34071.2|0|257635.57|223564.37|0|0|0|0|0|0|0|NV|00||||||0|0|03/31/2026|0|0
S2NV00332|HOCKSTEDLER, WILLIAM ERIC|C|2|REP|0|0|11627|0|12127.55|500.55|0|0|0|11627|0|2530.62|0|NV|00||||||0|0|02/18/2025|0|0
S4NV00270|MARCHANT, JIM|C|2|REP|0|0|0|0|0|0|0|0|0|0|0|0|0|NV|00||||||0|0|09/30/2025|0|0
S4NV00304|GUNTER, JEFF DR|C|2|REP|2047.52|0|1207.62|0|7424.4|8264.3|0|0|0|0|0|2763394.15|2020.79|NV|00||||||0|0|03/31/2026|94.05|0
S4NV00312|GRADY, TONY|C|2|REP|0|0|0|0|97.37|97.37|0|0|0|0|0|0|0|NV|00||||||0|0|03/31/2026|0|0
S4NV00379|CUNNINGHAM, CHRIS|C|3|LIB|0|0|0|0|0|0|0|0|0|0|0|0|0|NV|00||||||0|0|03/31/2025|0|0
S0NY00188|CLINTON, HILLARY RODHAM|C|1|DEM|0|0|22343.44|0|22343.44|0|0|0|0|0|0|0|0|NY|00||||||0|0|06/30/2025|0|0
S0NY00410|GILLIBRAND, KIRSTEN|I|1|DEM|2198878.25|1146034|946803.49|0|715726.91|1967801.67|0|0|0|0|0|0|824794.65|NY|00||||||135193.49|0|03/31/2026|8624.9|0
S0NY00667|SALEM, KHALED MR|C|1|DEM|0|0|0|0|18700|0|0|0|0|0|0|0|0|NY|00||||||0|0|03/31/2026|0|0
S4NY00271|SALEM, KHALED|C|1|DEM|0|0|0|0|18700|0|0|0|0|0|0|0|0|NY|00||||||0|0|03/31/2026|0|0
S8NY00082|SCHUMER, CHARLES E.|I|1|DEM|800587.42|0|1872989.12|0|9323631.56|8251229.86|0|0|0|0|0|0|527341.89|NY|00||||||82375|0|03/31/2026|22434.75|-500
S0NY00550|TOWNSEND, JAY|C|2|REP|0|0|0|0|0|0|0|0|0|0|0|108845.1|0|NY|00||||||0|0|03/31/2026|0|0
S2NY00259|LONG, WENDY|C|2|REP|0|0|0|0|3963.4|3963.4|0|0|0|0|0|242902.84|0|NY|00||||||0|0|03/31/2026|0|0
S2NY00499|PINION, JOSEPH III|C|2|REP|0|0|0|0|611.53|611.53|0|0|0|0|0|78576.15|0|NY|00||||||0|0|03/31/2026|0|0
S4NY00313|BELLON, DAVID A. ESQ.|C|2|REP|0|0|0|0|6334.67|6334.67|0|0|0|0|0|0|0|NY|00||||||0|0|03/31/2026|0|0
S4NY00404|SAPRAICONE, MICHAEL|C|2|REP|12698.81|0|59138.57|0|54375.74|7935.98|0|0|0|0|0|615250|0|NY|00||||||6600|0|03/31/2026|0|0
S6NY00243|SPENCER, JOHN D|C|2|REP|0|0|0|0|679.14|679.14|0|0|0|0|0|239112|0|NY|00||||||0|0|03/31/2025|0|0
S2NY00325|SARE, DIANE WILSON MS|C|3|IND|2442.86|0|4387.94|494.17|6170.14|4225.06|0|0|0|0|0|0|50|NY|00||||||0|0|03/27/2026|0|0
S6OH00155|HACKETT, PAUL III|C|1|DEM|11229.92|0|4523.33|0|10540.09|13898.22|1000|0|0|0|3954.16|104362.14|50|OH|00||||||10000|0|03/31/2026|0|0
S6OH00163|BROWN, SHERROD|C|1|DEM|25979968.48|4075936.48|8951326.24|0|0|17028642.24|0|0|0|0|0|0|21053052.02|OH|00||||||713022.72|200|04/15/2026|122512.85|1500
S6OH00346|VOLPE, CHRISTOPHER|C|1|DEM|4337.18|0|4168.88|0|0|168.3|113.83|0|0|0|0|0|4203.35|OH|00||||||0|0|02/15/2026|695.9|0
S6OH00353|VOLPE, CHRISTOPHER|C|1|DEM|4337.18|0|4168.88|0|0|168.3|113.83|0|0|0|0|0|4203.35|OH|00||||||0|0|02/15/2026|695.9|0
S6OH00361|KINCAID, RONALD E JR|C|1|DEM|42800.15|0|45272.47|0|13.18|19090.5|0|9284.01|2500|0|0|23810.07|31016.14|OH|00||||||0|0|04/15/2026|0|0
S6OH00387|ODE, FREDERICK J|C|1|DEM|5001938.61|0|4970194.22|0|0|31744.39|0|0|0|0|0|2185.5|5000000|OH|00||||||0|0|03/31/2026|4540000|0
S2OH00170|MANDEL, JOSHUA A.|O|2|REP|263.82|0|9258.2|0|-18329.24|-27323.62|0|0|0|0|0|122480.92|0|OH|00||||||0|0|03/31/2026|0|0
S2OH00287|PUKITA, MARK MR.|O|2|REP|0|0|6179.85|0|-430162.07|-436341.92|0|0|0|0|0|463764.11|0|OH|00||||||0|0|03/31/2026|0|0
S2OH00360|TIMKEN, JANE|O|2|REP|0|0|655.51|0|5362.9|4919.39|0|0|0|0|0|4060000|0|OH|00||||||0|0|03/31/2026|0|0
S2OH00436|VANCE, J D|I|2|REP|194273.77|0|139528.56|0|135631.56|190376.77|0|0|0|0|0|42000|99539.47|OH|00||||||75000|0|03/31/2026|0|0
S2OH00477|DOLAN, MATT|C|2|REP|908.1|0|67501.81|0|113134.12|46540.41|0|0|0|0|0|12697000|0|OH|00||||||0|0|03/31/2026|0|0
S4OH00192|MORENO, BERNIE|I|2|REP|2277695.94|1554825.17|2187219.18|0|378319.71|468796.47|0|0|0|1250000|0|7039894.14|466757.43|OH|00||||||247871.32|0|03/31/2026|14958.71|1500
S4OH00200|LAROSE, FRANK|C|2|REP|11500|0|17778.5|0|18550.13|12271.63|0|0|0|14400|0|10600|1500|OH|00||||||10000|0|03/31/2026|0|0
S6OH00304|HUSTED, JON|I|2|REP|10518818.26|4399540.4|2357657.71|0|0|8161160.55|0|0|0|0|0|0|4287474.31|OH|00||||||1755385|62000|04/15/2026|113289.83|4241.02
S6OH00395|LEVY, GREGORY LEE|C|3|IND|57814.65|0|27570.96|0|1755.24|31998.93|0|0|0|0|0|0|57810.39|OH|00||||||0|0|04/15/2026|27.4|0
S8OH00144|FARIS, STEPHEN I MR|C|3|IND|1925.24|0|1900.96|0|131.66|155.94|1925.24|0|0|0|0|0|0|OH|00||||||0|0|03/31/2026|0|0
S6OH00429|REDPATH, WILLIAM|C|3|LIB|17715.38|0|17071.85|0|0|643.53|3990.04|5000|0|0|0|5000|3750.09|OH|00||||||0|4975.25|04/15/2026|0|0
S6OK04163|THOMAS, N'KIYLA JASMINE - ANN|C|1|DEM|39009.15|0|36270.6|0|936.34|3674.89|0|0|0|0|0|0|38959.22|OK|00||||||0|0|03/31/2026|10.59|0
S6OK04171|GREEN, TROY WESLEY|C|1|DEM|22600.36|0|15373.35|0|0|7227.01|3176.86|0|0|0|0|0|19173.5|OK|00||||||0|250|03/31/2026|0|0
S6OK04197|PRIEST, JIM|C|1|DEM|203272.5|0|68438|0|0|134834.5|0|50000|0|0|0|50000|153272.5|OK|00||||||0|0|03/31/2026|0|0
S2OK00186|MULLIN, MARKWAYNE|I|2|REP|3181183.59|1152806.63|1003117.36|0|183016.79|2361083.02|0|0|0|404850.79|0|25400.39|868061.07|OK|00||||||1098238.12|62000|03/31/2026|27400|6500
S2OK00194|HOLLAND, LUCAS|O|2|REP|692.06|0|968.49|0|276.43|0|692.06|0|0|0|0|167140.16|0|OK|00||||||0|0|03/31/2026|0|0
S2OK00210|SHANNON, T.W.|O|2|REP|0|0|901|0|901|0|0|0|0|7801|0|0|0|OK|00||||||0|0|02/05/2025|-1120|0
S4OK00232|LANKFORD, JAMES PAUL|I|2|REP|788822.95|121971.93|458943.73|6630|2338038.26|2667917.48|0|0|0|0|0|0|290693.46|OK|00||||||267500|0|03/31/2026|200|0
S6OK04247|HERN, KEVIN|C|2|REP|8284047.86|2432984.22|67761.21|0|0|8216286.65|0|5050000|0|0|0|5050000|592563.64|OK|00||||||146500|62000|03/31/2026|0|0
S6OK04262|RAGAIN, BRIAN MATTHEW|C|2|REP|0|0|0|0|0|0|0|0|0|0|0|0|0|OK|00||||||0|0|03/31/2026|0|0
S6OK04205|MEINHARDT, RON|C|3|IND|6187.6|0|3737.48|0|0|2450.12|187.6|0|0|0|0|0|6000|OK|00||||||0|0|03/31/2026|0|0
S6OR00110|WYDEN, RONALD L.|I|1|DEM|1199347.07|244380|1554121.79|0|1770759.44|1415984.72|0|0|0|0|0|0|681169.49|OR|00||||||221500|0|03/31/2026|3685.5|5000
S8OR00207|MERKLEY, JEFFREY ALAN|I|1|DEM|3798075.34|147663.42|1484895.87|0|4266998.65|6580178.12|0|0|0|0|0|0|2933233.43|OR|00||||||395500|0|03/31/2026|26091.32|500
S4OR00156|PERKINS, JO RAE|C|2|REP|5185.34|0|4509.77|0|380.53|1056.1|0|400|0|900|0|3540.41|4619.37|OR|00||||||0|0|03/31/2026|0|0
S6OR05218|SMITH, DAVID BROCK|C|2|REP|24083.96|0|288.96|0|0|23795|0|0|0|0|0|28234.62|23083.96|OR|00||||||1000|0|03/31/2026|0|0
S2PA00448|STREET, SHARIF|O|1|DEM|899446.48|0|688708.32|0|52558.52|263296.68|0|0|0|0|0|6002.5|806396.48|PA|00||||||93050|0|03/31/2026|1200|5000
S4PA00287|FORKNER, WILLIAM|C|1|DEM|0|0|0|0|195.22|195.22|0|0|0|0|0|0|0|PA|00||||||0|0|04/15/2025|0|0
S6PA00217|CASEY, ROBERT P. JR.|I|1|DEM|646277.42|38561.63|782180.63|0|995039.98|859136.77|0|0|0|0|0|0|0|PA|00||||||0|0|03/31/2026|139036.52|2689.59
S6PA00274|FETTERMAN, JOHN KARL|I|1|DEM|1962346.71|163000|2280352.2|0|2314686.59|1996681.1|0|0|0|0|0|22281.12|1697304.01|PA|00||||||25500|0|03/31/2026|77901.76|0
S2PA00638|OZ, MEHMET DR|O|2|REP|657|0|14273.5|0|67927.28|54310.78|0|0|0|0|0|25513728.81|0|PA|00||||||0|0|03/31/2026|0|0
S2PA00661|MCCORMICK, DAVE|I|2|REP|4459011.74|1139021.16|4109718.97|0|605477.88|954770.65|0|0|0|100000|0|20763863.44|2477449.56|PA|00||||||610500|0|03/31/2026|34085|8500
S8PA00270|CHRISTIANA, JAMES JOSEPH III|C|2|REP|0|0|0|0|1889.07|1889.07|0|0|0|0|0|37900|0|PA|00||||||0|0|03/31/2026|0|0
S4RI00069|WATERS, ALLEN|C|1|DEM|0|0|345.26|0|1888.97|1543.71|0|0|0|0|0|0|0|RI|00||||||0|0|03/31/2025|0|0
S6RI00163|REED, JOHN F.|I|1|DEM|2602598.5|27737.71|761309.2|0|1588192.04|3429481.34|0|0|0|0|0|0|1637999.24|RI|00||||||883300|0|03/31/2026|11911.76|2000
S6RI00221|WHITEHOUSE, SHELDON|I|1|DEM|431343.76|0|579233.4|0|1265387.72|1117498.08|0|0|0|0|0|0|388382.11|RI|00||||||38440|0|03/31/2026|2138.31|0
S6RI00270|BURBRIDGE, CONNOR|C|1|DEM|10434.82|0|9568.62|0|0|866.2|1500|0|0|0|0|0|8934.82|RI|00||||||0|0|03/31/2026|110|0
S4RI00051|MCKAY, RAYMOND TYLER MR|C|2|REP|139874.63|0|127794.47|0|338.53|12418.69|1|0|0|0|0|689.51|137896.07|RI|00||||||1600|0|03/31/2026|4246.25|0
S4RI00085|MORGAN, PATRICIA L|C|2|REP|0|0|0|0|0|0|0|0|0|0|0|41627.71|0|RI|00||||||0|0|03/31/2025|0|0
S6RI00262|WATERS, ALLEN|C|2|REP|0|0|345.26|0|1888.97|1543.71|0|0|0|0|0|0|0|RI|00||||||0|0|03/31/2025|0|0
S0SC00289|HARRISON, JAIME|C|1|DEM|34199.09|0|507792.81|0|708101.68|234507.96|0|0|0|0|0|0|0|SC|00||||||0|0|03/31/2026|-95|0
S2SC00145|BRUCE, CATHERINE FLEMING MS.|C|1|DEM|0|0|0|0|0|5030.29|0|0|0|0|0|0|0|SC|00||||||0|0|09/30/2025|0|0
S6SC04197|FREEMAN, KYLE ODONNELL|C|1|DEM|42972|0|42639.43|0|903.3|1235.87|0|29500|0|59.8|0|35940.2|13472|SC|00||||||0|0|03/31/2026|200|0
S6SC04239|ANDREWS, ANNIE|C|1|DEM|6519295.74|18913.66|3880008.35|0|0|2639287.39|0|0|0|0|0|15688.47|6456423.25|SC|00||||||42705|0|03/31/2026|30818.97|0
S6SC04270|BROWN, BRANDON|C|1|DEM|69568.6|0|20369.01|0|0|0|0|0|0|0|0|0|69568.6|SC|00||||||0|0|09/30/2026|0|0
S6SC04288|JOHNSON, LEE|C|1|DEM|569185.56|0|569185.56|0|0|0|0|500000|0|275425.71|0|224574.29|68985.56|SC|00||||||0|200|12/31/2025|0|0
S0SC00149|GRAHAM, LINDSEY O.|I|2|REP|5928622.17|3413599.27|9938630.67|40000|15623617.29|11613608.79|0|0|0|0|0|0|1080475.2|SC|00||||||573750|62000|03/31/2026|19100|0
S4SC00240|SCOTT, TIMOTHY E.|I|2|REP|4407149.25|394101.06|5156351.59|0|5717522.55|4968320.21|0|0|0|0|0|0|3681412.15|SC|00||||||153300|0|03/31/2026|12861.68|0
S6SC04189|HOLLIMAN, ETHAN CLAY|C|2|REP|0|0|0|0|0|0|0|0|0|0|0|10000|0|SC|00||||||0|0|12/31/2025|0|0
S6SC04213|LYNCH, MARK|C|2|REP|5726191.16|0|2398855.44|0|0|3327335.72|0|5050000|0|0|0|5050000|487187.95|SC|00||||||0|0|03/31/2026|84.21|0
S6SC04262|BAUER, ANDRE|C|2|REP|216272.42|0|216272.42|0|0|0|0|0|0|0|0|0|216172.52|SC|00||||||0|0|12/01/2025|101968.73|0
S6SC04296|DANS, PAUL|C|2|REP|1011421.12|0|565237.47|0|0|446183.65|0|678716.96|0|0|0|684665.96|330368.44|SC|00||||||0|0|03/31/2026|75|0
S6SC04346|HERRMANN, PATRICK JOSEPH|C|2|REP|15467.37|0|3384.1|0|0|12083.27|0|0|0|0|0|0|292.37|SC|00||||||0|15175|03/31/2026|0|0
S6SC04361|DISMUKES, THOMAS KEITH|C|2|REP|14935|0|13125|0|0|1810|11100|0|0|0|0|0|3835|SC|00||||||0|0|03/31/2026|0|0
S6SC04353|LOUIS, DONAVAN ARTHUR MR|C|3|IND|2605|0|2605|0|0|0|2347|0|0|0|0|0|258|SC|00||||||0|0|03/31/2026|0|0
S6SC04247|WHITENER, KASIE DR.|C|3|LIB|14477.52|0|9835.45|0|0|4642.07|3075|5063.91|0|4170.41|0|893.5|6338.61|SC|00||||||0|0|03/31/2026|0|0
S6SD01125|BEAUDION, JULIAN C|C|1|DEM|192473.04|0|185994.34|0|0|6478.7|3654.9|0|0|0|0|14458.22|183243.08|SD|00||||||3000|1500|03/31/2026|250|0
S2SD00068|THUNE, JOHN R.|I|2|REP|3459924.82|740370.91|1452615.44|0|15384337.27|17391646.65|0|0|0|0|0|0|1078977.76|SD|00||||||656000|0|03/31/2026|44042.7|6500
S4SD00049|ROUNDS, MIKE|I|2|REP|2432353.99|235268.7|1365508.33|0|1870029.07|2936874.73|0|0|0|0|0|0|1032859.41|SD|00||||||1011300|62000|03/31/2026|8100|2000
S6SD01133|MCNEAL, JUSTIN S|C|2|REP|1555.13|0|11.24|0|0|1543.89|26.03|100|0|0|0|9602.39|1429.1|SD|00||||||0|0|03/31/2026|0|0
S6SD01117|BENGS, BRIAN|C|3|IND|564715.66|0|511174.82|0|0|53540.84|0|0|0|0|0|0|558063.53|SD|00||||||5000|0|03/31/2026|12397|0
S0TN00342|BRADSHAW, MARQUITA|C|1|DEM|881.21|0|511.27|0|78.65|448.59|0|0|0|0|0|0|881.21|TN|00||||||0|0|03/31/2026|0|0
S4TN00500|FAIN, DYLAN LEE MR. N/A|C|1|DEM|0|0|0|0|0|0|0|0|0|0|0|0|0|TN|00||||||0|0|04/22/2026|0|0
S4TN00526|JOHNSON, GLORIA|C|1|DEM|6530.28|6530.28|64828.83|0|142484.71|84186.16|0|0|0|0|0|0|0|TN|00||||||0|0|03/31/2026|0|0
S4TN00534|MILLER-WATKINS, CIVIL MARSHA|C|1|DEM|0|0|1506.72|0|1506.72|0|0|0|0|1506.72|0|0|0|TN|00||||||0|0|01/29/2025|0|0
S4TN00542|BRADSHAW, MARQUITA|C|1|DEM|881.21|0|511.27|0|78.65|448.59|0|0|0|0|0|0|881.21|TN|00||||||0|0|03/31/2026|0|0
S8TN00311|MACKLER, JAMES|O|1|DEM|0|0|5000|0|29570.91|24570.91|0|0|0|0|0|0|0|TN|00||||||0|0|03/31/2026|0|0
S0TN00144|SETHI, DR. MANNY|O|2|REP|39.02|0|0|0|1777.83|1816.85|0|0|0|0|0|2472311.47|0|TN|00||||||0|0|03/31/2026|0|0
S0TN00169|HAGERTY, BILL|I|2|REP|5880481.66|1545812.75|2133071.28|0|1927469.07|5674879.45|0|0|0|0|0|0|3021763.57|TN|00||||||1175950|62000|03/31/2026|54507.47|15750
S0TN00201|BUSH, BYRON|O|2|REP|0|0|0|0|36789.79|36789.79|0|0|0|0|0|373000|0|TN|00||||||0|0|09/30/2025|0|0
S0TN00219|PRESLEY, JOHNNY W|O|2|REP|0|0|5000|0|22684.97|17684.97|0|0|0|0|0|27000|0|TN|00||||||0|0|03/31/2026|0|0
S6TN00216|CORKER, ROBERT P JR|I|2|REP|975779.61|0|252814.93|0|7785525.6|8508490.28|0|0|0|0|0|0|0|TN|00||||||0|0|03/31/2026|0|0
S8TN00337|BLACKBURN, MARSHA MRS.|I|2|REP|2753251.3|1885997.26|2830269.25|0|5138614.78|5061596.83|0|0|0|0|0|0|240177.23|TN|00||||||123500|0|03/31/2026|0|0
S8TN00352|FINCHER, STEPHEN|O|2|REP|41094.5|0|25292.1|0|1274824.47|1290626.87|0|0|0|0|0|0|0|TN|00||||||0|0|03/31/2026|0|0
S0TX00233|HEGAR, MARY JENNINGS MJ|C|1|DEM|0|0|714.95|0|0|-197.7|0|0|0|0|0|0|0|TX|00||||||0|0|03/31/2026|0|0
S0TX00308|LOVE, JOHN BENARD III|C|1|DEM|110.64|0|7526.87|0|11958.15|4541.92|0|0|0|0|0|0|110.53|TX|00||||||0|0|03/31/2026|0|0
S4TX00607|RODRIGUEZ-PRILLIMAN, HELI|C|1|DEM|6323.6|0|2232.08|0|-9|1970.65|2699|0|0|0|0|41877|3001.6|TX|00||||||600|0|03/31/2026|0|0
S4TX00722|ALLRED, COLIN||1|DEM|7628921.5|643873.18|7761104.39|1765230.67|144134.64|11951.75|0|0|0|0|0|0|6648566.14|TX|00||||||26500|0|03/31/2026|137667.14|-5650
S4TX00755|GUTIERREZ, ROLAND|C|1|DEM|0|0|90|0|384.83|294.83|0|0|0|0|0|0|0|TX|00||||||0|0|03/31/2026|0|0
S4TX00805|SHERMAN, CARL OSCAR SR.|C|1|DEM|0|0|0|0|11360.43|11360.43|0|0|0|0|0|4511|0|TX|00||||||0|0|03/31/2026|0|0
S6TX00396|SWANSON, MICHAEL|C|1|DEM|6991.29|0|6991.29|0|0|0|0|5620|0|0|0|4000|1209.36|TX|00||||||0|0|09/30/2025|0|0
S6TX00412|VIRTS, TERRY|C|1|DEM|665422.59|0|421710.44|0|0|35440.85|0|53125|0|0|0|317479.29|582804.59|TX|00||||||5000|0|03/31/2026|175|0
S6TX00438|ALLRED, COLIN|C|1|DEM|7462453.11|639648|7459793.1|1646099.12|0|2660.01|0|0|0|0|0|0|6648544.94|TX|00||||||26500|0|03/31/2026|176334.87|0
S6TX00479|TALARICO, JAMES|C|1|DEM|40284109.15|0|30425243.8|0|0|9858865.35|0|0|0|0|0|0|40089299.87|TX|00||||||180158.24|0|03/31/2026|77903.87|3500
S6TX00552|CROCKETT, JASMINE|C|1|DEM|11092295.26|4857000|10459209.13|0|0|633086.13|0|0|0|0|0|0|6152063.47|TX|00||||||50884.63|0|03/31/2026|19434.87|1000
S8TX00459|TZINTZUN RAMIREZ, CRISTINA|C|1|DEM|32.62|0|21809.72|9450|22307.1|530|0|0|0|0|0|0|0|TX|00||||||0|0|03/31/2026|0|0
S0TX00365|BIERSCHWALE, VIRGIL|C|2|REP|9988.18|0|9657.03|0|0|383.2|2350|0|0|0|0|0|7638.18|TX|00||||||0|0|03/16/2026|0|0
S2TX00106|CORNYN, JOHN SEN|I|2|REP|7234490.25|2758928.63|6434691.52|900036|4122282.66|4922081.39|0|0|0|0|0|0|2921683.55|TX|00||||||1146044.16|62000|03/31/2026|20475|363.64
S2TX00312|CRUZ, RAFAEL EDWARD  TED|I|2|REP|8266381.4|1100692.04|7469079.02|0|1786707.2|2584009.58|0|0|0|0|0|0|6772276.63|TX|00||||||364800|0|03/31/2026|4755|5000
S4TX00672|INGALLS, JOSIAH JAMES|C|2|REP|20|0|35|0|0|20|0|0|0|0|0|0|20|TX|00||||||0|0|03/31/2026|0|0
S6TX00305|ALLEN, KEITH|C|2|REP|156626.79|0|157571.33|0|944.54|0|2920|90363.9|0|26120.42|0|0|29950.4|TX|00||||||0|0|03/31/2026|2645.42|0
S6TX00321|SCHMOKER, TONY|C|2|REP|2500|0|3106.71|0|3650|0|0|2500|0|0|0|0|0|TX|00||||||0|0|12/31/2025|0|0
S6TX00362|KHAN, GULREZ|C|2|REP|10593.07|0|11238.76|0|0|-645.69|0|3900|0|100|0|3800|6692|TX|00||||||0|0|03/31/2026|0|0
S6TX00388|PAXTON, WARREN KENNETH JR.|C|2|REP|7007950.84|0|4861414.33|0|0|2146536.51|0|0|0|0|0|0|6984396.4|TX|00||||||22000|0|03/31/2026|61728.71|0
S6TX00511|HUNT, WESLEY|C|2|REP|2071561.67|439168.28|4526166.01|0|2487176.16|32571.82|0|0|0|0|0|96496.9|1376471.65|TX|00||||||166500|0|03/31/2026|76452.37|15500
S6TX00545|CANADY, SARA LARUE|C|2|REP|770|0|7490.84|0|0|-429.81|0|0|0|0|0|0|705|TX|00||||||0|0|03/31/2026|0|0
S6TX00560|BENDER, ANNA|C|2|REP|0|0|0|0|0|0|0|0|0|0|0|5721.45|0|TX|00||||||0|0|03/31/2026|0|0
S4TX00888|BROWN, THEODORE E. JR.|C|3|LIB|6200|0|5257.79|0|67.88|1010.09|5000|0|0|0|0|0|1200|TX|00||||||0|0|03/31/2026|0|0
S6TX00586|SIMS, DANIEL M||3|LIB|11615.57|0|8020.04|0|0|3695.53|5000|0|0|0|0|0|6615.57|TX|||||||0|0|03/31/2026|0|0
S4UT00308|GLEICH, CAROLINE|O|1|DEM|0|0|24810.26|0|24810.26|0|0|0|0|0|0|0|0|UT|00||||||0|0|02/20/2025|0|0
S0UT00165|LEE, MIKE|I|2|REP|2047902.2|70631.04|2110270.85|0|908767.89|846399.24|0|0|0|0|0|0|1703880.8|UT|00||||||207000|0|03/31/2026|124476.07|2500
S4UT00282|CURTIS, JOHN|I|2|REP|622121.94|0|748290|0|788682.66|662514.6|0|0|0|0|0|0|295579.81|UT|00||||||326500|0|03/31/2026|0|2500
S8UT00176|ROMNEY, WILLARD MITT MR|I|2|REP|32247.59|0|151866.52|0|541446.29|421827.36|0|0|0|0|0|0|0|UT|00||||||0|0|03/31/2026|0|0
S8UT00242|KENNEDY, MIKE|O|2|REP|0|0|0|0|0|0|0|0|0|0|0|422543.19|0|UT|00||||||0|0|03/31/2026|0|0
S2UT00369|MCMULLIN, DAVID EVAN|C|3|UN|0|0|22947.15|0|172557.33|149610.18|0|0|0|0|0|0|0|UT|00||||||0|0|03/31/2026|0|0
S2UT00377|HAMBLIN, LAIRD|O|1|DEM|0|0|0|0|122.92|122.92|0|0|0|0|0|0|0|UT|||||||0|0|03/31/2026|0|0
S2VA00142|KAINE, TIMOTHY MICHAEL|I|1|DEM|724073.43|177421.68|1259593.88|0|2799510|2263989.55|0|0|0|0|0|0|360134.08|VA|00||||||99858.5|0|03/31/2026|17787.32|35400
S6VA00093|WARNER, MARK ROBERT|I|1|DEM|14719667.27|4654755.4|5667867.07|0|5553233.82|14605034.02|0|0|0|0|0|0|7701091.39|VA|00||||||1778150|0|03/31/2026|239608.39|14500
S6VA00184|DANIELS, LORITA DR.|C|1|DEM|54994.61|0|46430.84|0|0|8563.77|300|45131.28|0|0|0|45375.17|9563.33|VA|00||||||0|0|03/31/2026|0|0
S6VA00192|EICHELBERGER, GREGORY|C|1|DEM|5697.72|0|5697.72|0|0|0|3919.72|0|0|0|0|0|1778|VA|00||||||0|0|01/15/2026|0|0
S4VA00197|SMITH, C.L. CHUCK JR|C|2|REP|40468.14|0|30139.61|0|0|10328.53|0|6000|0|0|0|6000|34468.14|VA|00||||||0|0|03/31/2026|0|0
S4VA00239|GARCIA, EDWARD|C|2|REP|0|0|40.5|0|4066.59|4026.09|0|0|0|0|0|162089.92|0|VA|00||||||0|0|03/31/2026|-250|0
S4VA00247|EMORD, JONATHAN WALKER MR.|C|2|REP|7359.47|0|7359.47|0|0|0|7359.47|0|0|0|0|0|0|VA|00||||||0|0|10/10/2025|0|0
S4VA00312|PARKINSON, SCOTT THOMAS|C|2|REP|0|0|7017.34|0|7017.34|0|0|0|0|0|0|0|0|VA|00||||||0|0|05/05/2025|200|0
S4VA00338|VITIELLO, RON|C|2|REP|0|0|40|0|4660.03|4620.03|0|0|0|0|0|200|0|VA|00||||||0|0|03/31/2026|0|0
S4VA00353|CAO, HUNG|C|2|REP|9935.86|0|194157.15|0|407805.63|223584.34|654.04|0|0|0|0|0|-75.85|VA|00||||||0|0|03/31/2026|554.4|-200
S6VA00143|FARINGTON, KIM|C|2|REP|121987.69|5438.94|99465.72|0|218.58|22740.55|0|89000|0|0|0|89000|27483.37|VA|00||||||0|0|03/31/2026|0|0
S6VA00176|REEVES, BRYCE|C|2|REP|106324.12|49075.68|106324.12|0|0|0|0|0|0|0|0|0|57248.43|VA|00||||||0|0|03/31/2026|4665.29|0
S6VA00200|WILLIAMS, DAVID EARL MR.|C|2|REP|50555.94|0|43964.19|0|0|6591.75|0|16000|0|0|0|16000|34446|VA|00||||||0|0|03/31/2026|0|0
S6VA00226|DE PAULA, ALEX|C|2|REP|5675.01|0|4000|0|0|1675.01|0|5500|0|0|0|5500|175.01|VA|00||||||0|0|03/31/2026|0|0
S8VA00305|RAIKLIN, IVAN ERIC|C|2|REP|0|0|0|0|318.78|318.78|0|0|0|0|0|98234.58|0|VA|00||||||0|0|03/31/2026|0|0
S8VA00321|MIZUSAWA, BERT K|C|2|REP|192041.22|0|136636.24|0|0|55404.98|133330.31|0|0|0|0|0|58632.36|VA|00||||||0|0|03/31/2026|111.03|0
S2VT00235|WELCH, PETER|I|1|DEM|153598.18|0|234438.17|5000|1713252|1632412.01|0|0|0|0|0|0|34533.84|VT|00||||||23000|0|03/31/2026|2|0
S2VT00334|EVANS-FRANTZ, ISAAC|O|1|DEM|0|0|2486.5|0|12074.98|9588.48|0|0|0|0|0|0|0|VT|00||||||0|0|03/31/2026|0|0
S2VT00292|MALLOY, GERALD|C|2|REP|17908.37|0|33121.62|0|21034.63|5821.38|0|0|0|5000|0|0|16753.3|VT|00||||||0|0|03/31/2026|306.2|0
S4VT00033|SANDERS, BERNARD|I|3|IND|23468953.69|0|11332584.7|0|10740760.66|22877129.65|0|0|0|0|0|0|22470390.5|VT|00||||||27|0|03/31/2026|93795.87|0
S2WA00189|MURRAY, PATTY|I|1|DEM|2232288.58|0|1548499.77|0|883461.14|1567249.95|0|0|0|0|0|0|2000011.67|WA|00||||||215700.01|0|03/31/2026|38507.9|0
S8WA00194|CANTWELL, MARIA|I|1|DEM|671716.74|0|1147976.64|0|611211.19|134951.29|0|0|0|100000|0|2071350.9|670915.14|WA|00||||||0|0|03/31/2026|1182.5|0
S0WA00258|CODAY, ARTHUR JR MD|C|2|REP|0|0|0|0|552.56|552.56|0|0|0|0|0|21297.82|0|WA|00||||||0|0|03/31/2026|0|0
S2WA00460|HOLYK, ISAAC A||2|REP|1077.63|0|1024.51|0|65.08|106|0|0|0|0|0|0|1067.63|WA|00||||||0|0|03/31/2026|0|0
S4WA00581|GARCIA, DR RAUL|C|2|REP|0|0|0|0|0|0|0|0|0|0|0|0|0|WA|00||||||0|0|01/02/2025|0|0
S2WI00219|BALDWIN, TAMMY|I|1|DEM|2354257.76|0|1812160.5|0|25266.85|567364.11|0|0|0|0|0|0|2118887.1|WI|00||||||94264|0|03/31/2026|172608.78|11600
S2WI00342|LASRY, ALEX|C|1|DEM|0|0|951|0|23433.85|22482.85|0|0|0|0|0|14035000|0|WI|00||||||0|0|03/31/2026|0|0
S2WI00417|PECKARSKY, PETER|C|1|DEM|0|0|2303.29|0|2303.29|0|0|0|0|0|0|308361.76|0|WI|00||||||0|0|03/31/2025|0|0
S2WI00458|LEWIS, CHANTIA|C|1|DEM|0|0|0|0|158.49|158.49|0|0|0|0|0|0|0|WI|00||||||0|0|03/31/2026|0|0
S0WI00197|JOHNSON, RON HAROLD MR.|I|2|REP|974410.87|0|669021.88|0|908045.76|1213434.75|0|0|0|0|0|8027316.94|882971.97|WI|00||||||32000|0|03/31/2026|1682.03|0
S2WI00268|HOVDE, ERIC D|C|2|REP|-1746.35|0|123449.91|0|135359.8|10163.54|0|0|0|0|0|20000000|-2314.35|WI|00||||||0|0|03/31/2026|18425|5000
S4WI00256|HOVDE, ERIC|C|2|REP|-1746.35|0|123449.91|0|135359.8|10163.54|0|0|0|0|0|20000000|-2314.35|WI|00||||||0|0|03/31/2026|18425|5000
S4WI00280|LEAGER, THOMAS CHARLES MR.|C|3|IND|0|0|0|0|175.54|175.54|0|0|0|0|0|121|0|WI|00||||||0|0|09/30/2025|0|0
S0WV00215|SWEARENGIN, PAULA JEAN|C|1|DEM|0|0|4472.7|0|15779.1|11306.4|0|0|0|0|0|0|0|WV|00||||||0|0|03/31/2026|0|0
S4WV00357|SHREWSBURY, ZACHARY C|C|1|DEM|498538.98|0|490415.75|0|0|8123.23|0|0|0|0|0|25970.56|494272.1|WV|00||||||0|0|04/22/2026|4015|0
S4WV00399|ELLIOTT, GLENN FREDERICK MR. JR.|O|1|DEM|0|0|0|0|0|0|0|0|0|0|0|0|0|WV|00||||||0|0|03/24/2025|0|0
S6WV00170|PHILLIPS, RIO|C|1|DEM|13776.25|0|13624.35|0|0|151.9|843|0|0|0|0|0|12814.04|WV|00||||||0|0|04/22/2026|0|0
S6WV00188|FETTY ANDERSON, RACHEL LEE|C|1|DEM|18927.28|0|10017.1|0|6996.63|15906.81|7890.4|0|0|0|0|0|11036.88|WV|00||||||0|0|03/31/2026|0|0
S8WV00119|SWEARENGIN, PAULA JEAN|C|1|DEM|0|0|4472.7|0|15779.1|11306.4|0|0|0|0|0|0|0|WV|00||||||0|0|03/31/2026|0|0
S4WV00159|CAPITO, SHELLEY MOORE|I|2|REP|3906185.63|311645.45|2152797.56|0|2311365.21|4064753.28|0|0|0|0|0|0|2158207.47|WV|00||||||1374256.47|62000|04/22/2026|0|0
S4WV00324|MOONEY, ALEXANDER X|O|2|REP|3.68|0|9307.48|0|9303.8|0|0|0|0|0|0|0|0|WV|00||||||0|0|06/30/2025|-700|0
S4WV00332|JUSTICE, JAMES CONLEY II|I|2|REP|70725.29|0|532053.83|0|693940.57|232612.03|0|0|0|0|0|0|37475.29|WV|00||||||33250|0|03/31/2026|0|5000
S6WV00147|EVANS, JONATHAN DERRICK|C|2|REP|1215521.63|0|1171561.84|0|60930.78|104890.57|0|0|0|0|0|0|1184917.44|WV|00||||||0|0|04/22/2026|1969.45|0
S6WV00154|GAASERUD, ALEXANDER|C|2|REP|3000|0|1740|0|0|1260|0|3000|0|0|0|3000|0|WV|00||||||0|0|03/31/2026|0|0
S6WV00162|WILLIS, THOMAS EDWARD II|C|2|REP|496222.44|0|439153.27|0|0|57069.17|0|368000|0|195016|0|172984|124422.44|WV|00||||||3500|300|04/22/2026|5001|0
S8WV00127|JENKINS, EVAN H|C|2|REP|0|0|0|0|10.26|10.26|0|0|0|0|0|600|0|WV|00||||||0|0|03/31/2026|0|0
S4WV00407|MCNULTY, JANET||2|REP|5775.28|0|5775.28|0|0|0|0|0|0|0|0|0|5775.28|WV|||||||0|0|04/22/2026|0|0
S4WY00188|MORROW, SCOTT D MR|C|1|DEM|0|0|0|0|834.37|834.37|0|0|0|0|0|0|0|WY|00||||||0|0|03/31/2026|0|0
S6WY00217|BYRD, JAMES WILLARD MR.|C|1|DEM|9653|0|8319.97|0|489.76|1822.79|0|0|0|0|0|0|9653|WY|00||||||0|0|03/31/2026|0|0
S0WY00137|LUMMIS, CYNTHIA MARIE MRS.|I|2|REP|1493103.64|331332.77|561688.66|0|677339.73|1608754.71|0|0|0|0|0|0|402561.34|WY|00||||||697132.24|62000|03/31/2026|2464.01|0
S4WY00162|RASNER, REID|O|2|REP|1263932.2|0|1118452.1|0|12453|157933.1|9072.52|1208500|0|9177.43|0|1249322.57|45792.81|WY|00||||||0|0|03/31/2026|615.38|0
S6WY00068|BARRASSO, JOHN A|I|2|REP|1303850.9|346842.35|711084.28|0|7728428.59|8321195.21|0|0|0|0|0|0|334831.6|WY|00||||||283749.33|0|03/31/2026|0|0
S6WY00191|SKOVGARD, JIMMY MR|O|2|REP|2165|0|425.57|0|879.17|2618.6|0|0|0|0|0|0|2165|WY|00||||||0|0|03/31/2026|0|0
S6WY00209|HAGEMAN, HARRIET|O|2|REP|1555542.88|181288.13|1278925.42|0|882963.04|1159580.5|0|0|0|0|0|0|996770.72|WY|00||||||277000|62000|03/31/2026|3900|0
